[Sat Jun 13 13:00:38 2026] input: Yubico YubiKey OTP+FIDO+CCID as /devices/pci0000:00/0000:00:08.3/0000:c8:00.0/usb3/3-1/3-1.4/3-1.4:1.0/0003:1050:0407.00CC/input/input228
[Sat Jun 13 13:00:38 2026] hid-generic 0003:1050:0407.00CC: input,hidraw1: USB HID v1.10 Keyboard [Yubico YubiKey OTP+FIDO+CCID] on usb-0000:c8:00.0-1.4/input0
[Sat Jun 13 13:14:13 2026] input: Yubico YubiKey OTP+FIDO+CCID as /devices/pci0000:00/0000:00:08.3/0000:c8:00.0/usb3/3-1/3-1.4/3-1.4:1.0/0003:1050:0407.00CD/input/input229
[Sat Jun 13 13:14:13 2026] hid-generic 0003:1050:0407.00CD: input,hidraw1: USB HID v1.10 Keyboard [Yubico YubiKey OTP+FIDO+CCID] on usb-0000:c8:00.0-1.4/input0
[Sat Jun 13 13:14:15 2026] input: Yubico YubiKey OTP+FIDO+CCID as /devices/pci0000:00/0000:00:08.3/0000:c8:00.0/usb3/3-1/3-1.4/3-1.4:1.0/0003:1050:0407.00CE/input/input230
[Sat Jun 13 13:14:15 2026] hid-generic 0003:1050:0407.00CE: input,hidraw1: USB HID v1.10 Keyboard [Yubico YubiKey OTP+FIDO+CCID] on usb-0000:c8:00.0-1.4/input0
[Sat Jun 13 13:14:59 2026] 1password[1580802]: segfault at 0 ip 00007f10545fc70d sp 00007fff2275eba0 error 4 in libxkbcommon.so.0.13.1[3170d,7f10545d1000+2e000] likely on CPU 16 (core 8, socket 0)
[Sat Jun 13 13:14:59 2026] Code: ff 90 66 66 2e 0f 1f 84 00 00 00 00 00 55 48 89 e5 41 57 41 56 41 89 f6 41 55 41 89 d5 41 54 41 89 cc 53 48 89 fb 48 83 ec 38 <8b> 07 44 89 4d a8 89 45 b4 8b 47 04 89 45 b0 8b 47 08 89 45 ac 8b
[Sat Jun 13 13:15:03 2026] 1password[1581315]: segfault at 0 ip 00007c521b8ed70d sp 00007ffda178c4f0 error 4 in libxkbcommon.so.0.13.1[3170d,7c521b8c2000+2e000] likely on CPU 10 (core 14, socket 0)
[Sat Jun 13 13:15:03 2026] Code: ff 90 66 66 2e 0f 1f 84 00 00 00 00 00 55 48 89 e5 41 57 41 56 41 89 f6 41 55 41 89 d5 41 54 41 89 cc 53 48 89 fb 48 83 ec 38 <8b> 07 44 89 4d a8 89 45 b4 8b 47 04 89 45 b0 8b 47 08 89 45 ac 8b
[Sat Jun 13 13:15:51 2026] input: Yubico YubiKey OTP+FIDO+CCID as /devices/pci0000:00/0000:00:08.3/0000:c8:00.0/usb3/3-1/3-1.4/3-1.4:1.0/0003:1050:0407.00CF/input/input231
[Sat Jun 13 13:15:51 2026] hid-generic 0003:1050:0407.00CF: input,hidraw1: USB HID v1.10 Keyboard [Yubico YubiKey OTP+FIDO+CCID] on usb-0000:c8:00.0-1.4/input0
[Sat Jun 13 13:15:53 2026] input: Yubico YubiKey OTP+FIDO+CCID as /devices/pci0000:00/0000:00:08.3/0000:c8:00.0/usb3/3-1/3-1.4/3-1.4:1.0/0003:1050:0407.00D0/input/input232
[Sat Jun 13 13:15:54 2026] hid-generic 0003:1050:0407.00D0: input,hidraw1: USB HID v1.10 Keyboard [Yubico YubiKey OTP+FIDO+CCID] on usb-0000:c8:00.0-1.4/input0
[Sat Jun 13 13:37:06 2026] input: Bose Mini II SoundLink (AVRCP) as /devices/virtual/input/input233
[Sat Jun 13 16:29:13 2026] input: Yubico YubiKey OTP+FIDO+CCID as /devices/pci0000:00/0000:00:08.3/0000:c8:00.0/usb3/3-1/3-1.4/3-1.4:1.0/0003:1050:0407.00D1/input/input234
[Sat Jun 13 16:29:13 2026] hid-generic 0003:1050:0407.00D1: input,hidraw1: USB HID v1.10 Keyboard [Yubico YubiKey OTP+FIDO+CCID] on usb-0000:c8:00.0-1.4/input0
[Sat Jun 13 16:29:13 2026] input: Yubico YubiKey OTP+FIDO+CCID as /devices/pci0000:00/0000:00:08.3/0000:c8:00.0/usb3/3-1/3-1.4/3-1.4:1.0/0003:1050:0407.00D2/input/input235
[Sat Jun 13 16:29:13 2026] hid-generic 0003:1050:0407.00D2: input,hidraw1: USB HID v1.10 Keyboard [Yubico YubiKey OTP+FIDO+CCID] on usb-0000:c8:00.0-1.4/input0
[Sat Jun 13 16:34:44 2026] input: Yubico YubiKey OTP+FIDO+CCID as /devices/pci0000:00/0000:00:08.3/0000:c8:00.0/usb3/3-1/3-1.4/3-1.4:1.0/0003:1050:0407.00D3/input/input236
[Sat Jun 13 16:34:44 2026] hid-generic 0003:1050:0407.00D3: input,hidraw1: USB HID v1.10 Keyboard [Yubico YubiKey OTP+FIDO+CCID] on usb-0000:c8:00.0-1.4/input0
[Sat Jun 13 16:34:45 2026] input: Yubico YubiKey OTP+FIDO+CCID as /devices/pci0000:00/0000:00:08.3/0000:c8:00.0/usb3/3-1/3-1.4/3-1.4:1.0/0003:1050:0407.00D4/input/input237
[Sat Jun 13 16:34:45 2026] hid-generic 0003:1050:0407.00D4: input,hidraw1: USB HID v1.10 Keyboard [Yubico YubiKey OTP+FIDO+CCID] on usb-0000:c8:00.0-1.4/input0
[Sat Jun 13 19:35:14 2026] input: Yubico YubiKey OTP+FIDO+CCID as /devices/pci0000:00/0000:00:08.3/0000:c8:00.0/usb3/3-1/3-1.4/3-1.4:1.0/0003:1050:0407.00D5/input/input238
[Sat Jun 13 19:35:14 2026] hid-generic 0003:1050:0407.00D5: input,hidraw1: USB HID v1.10 Keyboard [Yubico YubiKey OTP+FIDO+CCID] on usb-0000:c8:00.0-1.4/input0
[Sat Jun 13 19:35:14 2026] input: Yubico YubiKey OTP+FIDO+CCID as /devices/pci0000:00/0000:00:08.3/0000:c8:00.0/usb3/3-1/3-1.4/3-1.4:1.0/0003:1050:0407.00D6/input/input239
[Sat Jun 13 19:35:14 2026] hid-generic 0003:1050:0407.00D6: input,hidraw1: USB HID v1.10 Keyboard [Yubico YubiKey OTP+FIDO+CCID] on usb-0000:c8:00.0-1.4/input0
[Sat Jun 13 20:40:01 2026] input: Yubico YubiKey OTP+FIDO+CCID as /devices/pci0000:00/0000:00:08.3/0000:c8:00.0/usb3/3-1/3-1.4/3-1.4:1.0/0003:1050:0407.00D7/input/input240
[Sat Jun 13 20:40:02 2026] hid-generic 0003:1050:0407.00D7: input,hidraw1: USB HID v1.10 Keyboard [Yubico YubiKey OTP+FIDO+CCID] on usb-0000:c8:00.0-1.4/input0
[Sat Jun 13 20:40:02 2026] input: Yubico YubiKey OTP+FIDO+CCID as /devices/pci0000:00/0000:00:08.3/0000:c8:00.0/usb3/3-1/3-1.4/3-1.4:1.0/0003:1050:0407.00D8/input/input241
[Sat Jun 13 20:40:02 2026] hid-generic 0003:1050:0407.00D8: input,hidraw1: USB HID v1.10 Keyboard [Yubico YubiKey OTP+FIDO+CCID] on usb-0000:c8:00.0-1.4/input0
[Sat Jun 13 21:12:47 2026] usb 7-1: USB disconnect, device number 59
[Sat Jun 13 21:12:47 2026] usb 7-1.2: USB disconnect, device number 60
[Sat Jun 13 21:12:47 2026] thunderbolt 1-0:2.1: retimer disconnected
[Sat Jun 13 21:12:47 2026] amdgpu 0000:c6:00.0: [drm] DMUB HPD IRQ callback: link_index=6
[Sat Jun 13 21:12:47 2026] thunderbolt 1-2: device disconnected
[Sat Jun 13 21:12:47 2026] usb 7-1.4: USB disconnect, device number 61
[Sat Jun 13 21:12:47 2026] usb 8-1: USB disconnect, device number 40
[Sat Jun 13 21:12:47 2026] usb 8-1.4: USB disconnect, device number 41
[Sun Jun 14 10:55:02 2026] thunderbolt 1-2: new device found, vendor=0x31 device=0x1c53
[Sun Jun 14 10:55:02 2026] thunderbolt 1-2: ASUS-Display PA32QCV
[Sun Jun 14 10:55:02 2026] thunderbolt 1-0:2.1: new retimer found, vendor=0x7fea device=0x1033
[Sun Jun 14 10:55:03 2026] usb 7-1: new high-speed USB device number 62 using xhci_hcd
[Sun Jun 14 10:55:03 2026] usb 7-1: New USB device found, idVendor=1d5c, idProduct=5801, bcdDevice= 1.01
[Sun Jun 14 10:55:03 2026] usb 7-1: New USB device strings: Mfr=1, Product=2, SerialNumber=0
[Sun Jun 14 10:55:03 2026] usb 7-1: Product: USB2.0 Hub
[Sun Jun 14 10:55:03 2026] usb 7-1: Manufacturer: Fresco Logic, Inc.
[Sun Jun 14 10:55:03 2026] hub 7-1:1.0: USB hub found
[Sun Jun 14 10:55:03 2026] hub 7-1:1.0: 4 ports detected
[Sun Jun 14 10:55:03 2026] amdgpu 0000:c6:00.0: [drm] DMUB HPD IRQ callback: link_index=6
[Sun Jun 14 10:55:03 2026] usb 8-1: new SuperSpeed Plus Gen 2x1 USB device number 42 using xhci_hcd
[Sun Jun 14 10:55:03 2026] usb 8-1: New USB device found, idVendor=8087, idProduct=0b40, bcdDevice=12.34
[Sun Jun 14 10:55:03 2026] usb 8-1: New USB device strings: Mfr=1, Product=2, SerialNumber=0
[Sun Jun 14 10:55:03 2026] usb 8-1: Product: USB3.0 Hub
[Sun Jun 14 10:55:03 2026] usb 8-1: Manufacturer: Intel Corporation.
[Sun Jun 14 10:55:03 2026] hub 8-1:1.0: USB hub found
[Sun Jun 14 10:55:03 2026] hub 8-1:1.0: 4 ports detected
[Sun Jun 14 10:55:03 2026] usb 7-1.2: new full-speed USB device number 63 using xhci_hcd
[Sun Jun 14 10:55:04 2026] usb 7-1.2: New USB device found, idVendor=0b05, idProduct=1c55, bcdDevice=17.46
[Sun Jun 14 10:55:04 2026] usb 7-1.2: New USB device strings: Mfr=1, Product=2, SerialNumber=3
[Sun Jun 14 10:55:04 2026] usb 7-1.2: Product: DMC Device
[Sun Jun 14 10:55:04 2026] usb 7-1.2: Manufacturer: Cypress Semiconductor
[Sun Jun 14 10:55:04 2026] usb 7-1.2: SerialNumber: 11AD1D0AA2B17E1921230B00
[Sun Jun 14 10:55:04 2026] usb 7-1.4: new high-speed USB device number 64 using xhci_hcd
[Sun Jun 14 10:55:04 2026] usb 7-1.4: New USB device found, idVendor=0b05, idProduct=0c23, bcdDevice=91.32
[Sun Jun 14 10:55:04 2026] usb 7-1.4: New USB device strings: Mfr=1, Product=2, SerialNumber=0
[Sun Jun 14 10:55:04 2026] usb 7-1.4: Product: USB2.1 Hub
[Sun Jun 14 10:55:04 2026] usb 7-1.4: Manufacturer: Generic
[Sun Jun 14 10:55:04 2026] hub 7-1.4:1.0: USB hub found
[Sun Jun 14 10:55:04 2026] hub 7-1.4:1.0: 4 ports detected
[Sun Jun 14 10:55:04 2026] usb 8-1.4: new SuperSpeed USB device number 43 using xhci_hcd
[Sun Jun 14 10:55:04 2026] usb 8-1.4: New USB device found, idVendor=0b05, idProduct=0411, bcdDevice=91.32
[Sun Jun 14 10:55:04 2026] usb 8-1.4: New USB device strings: Mfr=1, Product=2, SerialNumber=0
[Sun Jun 14 10:55:04 2026] usb 8-1.4: Product: USB3.2 Hub
[Sun Jun 14 10:55:04 2026] usb 8-1.4: Manufacturer: Generic
[Sun Jun 14 10:55:04 2026] hub 8-1.4:1.0: USB hub found
[Sun Jun 14 10:55:04 2026] hub 8-1.4:1.0: 3 ports detected
[Sun Jun 14 10:55:07 2026] input: Yubico YubiKey OTP+FIDO+CCID as /devices/pci0000:00/0000:00:08.3/0000:c8:00.0/usb3/3-1/3-1.4/3-1.4:1.0/0003:1050:0407.00D9/input/input242
[Sun Jun 14 10:55:07 2026] hid-generic 0003:1050:0407.00D9: input,hidraw1: USB HID v1.10 Keyboard [Yubico YubiKey OTP+FIDO+CCID] on usb-0000:c8:00.0-1.4/input0
[Sun Jun 14 10:55:08 2026] input: Yubico YubiKey OTP+FIDO+CCID as /devices/pci0000:00/0000:00:08.3/0000:c8:00.0/usb3/3-1/3-1.4/3-1.4:1.0/0003:1050:0407.00DA/input/input243
[Sun Jun 14 10:55:08 2026] hid-generic 0003:1050:0407.00DA: input,hidraw1: USB HID v1.10 Keyboard [Yubico YubiKey OTP+FIDO+CCID] on usb-0000:c8:00.0-1.4/input0
[Sun Jun 14 13:27:43 2026] input: Yubico YubiKey OTP+FIDO+CCID as /devices/pci0000:00/0000:00:08.3/0000:c8:00.0/usb3/3-1/3-1.4/3-1.4:1.0/0003:1050:0407.00DB/input/input244
[Sun Jun 14 13:27:44 2026] hid-generic 0003:1050:0407.00DB: input,hidraw1: USB HID v1.10 Keyboard [Yubico YubiKey OTP+FIDO+CCID] on usb-0000:c8:00.0-1.4/input0
[Sun Jun 14 13:27:44 2026] input: Yubico YubiKey OTP+FIDO+CCID as /devices/pci0000:00/0000:00:08.3/0000:c8:00.0/usb3/3-1/3-1.4/3-1.4:1.0/0003:1050:0407.00DC/input/input245
[Sun Jun 14 13:27:44 2026] hid-generic 0003:1050:0407.00DC: input,hidraw1: USB HID v1.10 Keyboard [Yubico YubiKey OTP+FIDO+CCID] on usb-0000:c8:00.0-1.4/input0
[Sun Jun 14 16:11:43 2026] input: Yubico YubiKey OTP+FIDO+CCID as /devices/pci0000:00/0000:00:08.3/0000:c8:00.0/usb3/3-1/3-1.4/3-1.4:1.0/0003:1050:0407.00DD/input/input246
[Sun Jun 14 16:11:43 2026] hid-generic 0003:1050:0407.00DD: input,hidraw1: USB HID v1.10 Keyboard [Yubico YubiKey OTP+FIDO+CCID] on usb-0000:c8:00.0-1.4/input0
[Sun Jun 14 16:11:44 2026] input: Yubico YubiKey OTP+FIDO+CCID as /devices/pci0000:00/0000:00:08.3/0000:c8:00.0/usb3/3-1/3-1.4/3-1.4:1.0/0003:1050:0407.00DE/input/input247
[Sun Jun 14 16:11:44 2026] hid-generic 0003:1050:0407.00DE: input,hidraw1: USB HID v1.10 Keyboard [Yubico YubiKey OTP+FIDO+CCID] on usb-0000:c8:00.0-1.4/input0
[Sun Jun 14 19:16:44 2026] Compositor invoked oom-killer: gfp_mask=0x140cca(GFP_HIGHUSER_MOVABLE|__GFP_COMP), order=0, oom_score_adj=300
[Sun Jun 14 19:16:44 2026] CPU: 2 UID: 1000 PID: 437575 Comm: Compositor Kdump: loaded Tainted: P S         O        7.0.9 #1-NixOS PREEMPT(lazy) 
[Sun Jun 14 19:16:44 2026] Tainted: [P]=PROPRIETARY_MODULE, [S]=CPU_OUT_OF_SPEC, [O]=OOT_MODULE
[Sun Jun 14 19:16:44 2026] Hardware name: GEEKOM A9 Max/A9 Max, BIOS 0.18 06/26/2025
[Sun Jun 14 19:16:44 2026] Call Trace:
[Sun Jun 14 19:16:44 2026]  <TASK>
[Sun Jun 14 19:16:44 2026]  dump_stack_lvl+0x5d/0x80
[Sun Jun 14 19:16:44 2026]  dump_header+0x43/0x1b3
[Sun Jun 14 19:16:44 2026]  oom_kill_process.cold+0x8/0x89
[Sun Jun 14 19:16:44 2026]  out_of_memory+0x208/0x500
[Sun Jun 14 19:16:44 2026]  __alloc_frozen_pages_noprof+0x1389/0x14f0
[Sun Jun 14 19:16:44 2026]  alloc_pages_mpol+0x7d/0x160
[Sun Jun 14 19:16:44 2026]  folio_alloc_noprof+0x5b/0xb0
[Sun Jun 14 19:16:44 2026]  __filemap_get_folio_mpol+0x1b7/0x370
[Sun Jun 14 19:16:44 2026]  filemap_fault+0x112/0x1250
[Sun Jun 14 19:16:44 2026]  __do_fault+0x33/0x180
[Sun Jun 14 19:16:44 2026]  do_fault+0x2ee/0x530
[Sun Jun 14 19:16:44 2026]  __handle_mm_fault+0x965/0xf90
[Sun Jun 14 19:16:44 2026]  handle_mm_fault+0xec/0x2e0
[Sun Jun 14 19:16:44 2026]  do_user_addr_fault+0x211/0x670
[Sun Jun 14 19:16:44 2026]  exc_page_fault+0x6c/0x170
[Sun Jun 14 19:16:44 2026]  asm_exc_page_fault+0x26/0x30
[Sun Jun 14 19:16:44 2026] RIP: 0033:0x595035540260
[Sun Jun 14 19:16:44 2026] Code: Unable to access opcode bytes at 0x595035540236.
[Sun Jun 14 19:16:44 2026] RSP: 002b:0000792e220e2db8 EFLAGS: 00010246
[Sun Jun 14 19:16:44 2026] RAX: 0000000000000000 RBX: 0000131c04734800 RCX: 0000000000000000
[Sun Jun 14 19:16:44 2026] RDX: 0000000000000000 RSI: 0000000000000001 RDI: 0000131c04734800
[Sun Jun 14 19:16:44 2026] RBP: 0000792e220e2e30 R08: 0000000000000000 R09: 0000000000000000
[Sun Jun 14 19:16:44 2026] R10: 0000000000000000 R11: 0000000000000000 R12: 0000000000000000
[Sun Jun 14 19:16:44 2026] R13: 0000000000013fc0 R14: 0000131c10783f48 R15: 0000131c0a0f4700
[Sun Jun 14 19:16:44 2026]  </TASK>
[Sun Jun 14 19:16:44 2026] Mem-Info:
[Sun Jun 14 19:16:44 2026] active_anon:4084231 inactive_anon:925611 isolated_anon:0
                            active_file:0 inactive_file:63 isolated_file:0
                            unevictable:19208 dirty:0 writeback:0
                            slab_reclaimable:139954 slab_unreclaimable:298559
                            mapped:15108 shmem:48669 pagetables:42170
                            sec_pagetables:1233 bounce:0
                            kernel_misc_reclaimable:0
                            free:63161 free_pcp:256 free_cma:0
[Sun Jun 14 19:16:44 2026] Node 0 active_anon:16336924kB inactive_anon:3702444kB active_file:0kB inactive_file:252kB unevictable:76832kB isolated(anon):0kB isolated(file):0kB mapped:60432kB dirty:0kB writeback:0kB shmem:194676kB shmem_thp:0kB shmem_pmdmapped:0kB anon_thp:0kB kernel_stack:39376kB pagetables:168680kB sec_pagetables:4932kB all_unreclaimable? yes Balloon:0kB
[Sun Jun 14 19:16:44 2026] Node 0 DMA free:11264kB boost:0kB min:36kB low:48kB high:60kB reserved_highatomic:0KB free_highatomic:0KB active_anon:0kB inactive_anon:0kB active_file:0kB inactive_file:0kB unevictable:0kB writepending:0kB zspages:0kB present:15996kB managed:15360kB mlocked:0kB bounce:0kB free_pcp:0kB local_pcp:0kB free_cma:0kB
[Sun Jun 14 19:16:44 2026] lowmem_reserve[]: 0 1473 27520 27520 27520
[Sun Jun 14 19:16:44 2026] Node 0 DMA32 free:113604kB boost:4096kB min:7716kB low:9224kB high:10732kB reserved_highatomic:0KB free_highatomic:0KB active_anon:1088944kB inactive_anon:44152kB active_file:0kB inactive_file:28kB unevictable:0kB writepending:0kB zspages:73992kB present:1711856kB managed:1509332kB mlocked:0kB bounce:0kB free_pcp:1024kB local_pcp:0kB free_cma:0kB
[Sun Jun 14 19:16:44 2026] lowmem_reserve[]: 0 0 26046 26046 26046
[Sun Jun 14 19:16:44 2026] Node 0 Normal free:127776kB boost:65536kB min:129460kB low:156104kB high:182748kB reserved_highatomic:0KB free_highatomic:0KB active_anon:15247928kB inactive_anon:3658344kB active_file:0kB inactive_file:548kB unevictable:76832kB writepending:0kB zspages:3781544kB present:27231744kB managed:26671768kB mlocked:76824kB bounce:0kB free_pcp:0kB local_pcp:0kB free_cma:0kB
[Sun Jun 14 19:16:44 2026] lowmem_reserve[]: 0 0 0 0 0
[Sun Jun 14 19:16:44 2026] Node 0 DMA: 0*4kB 0*8kB 0*16kB 0*32kB 0*64kB 0*128kB 0*256kB 0*512kB 1*1024kB (U) 1*2048kB (M) 2*4096kB (M) = 11264kB
[Sun Jun 14 19:16:44 2026] Node 0 DMA32: 166*4kB (UME) 139*8kB (UME) 84*16kB (UME) 122*32kB (UME) 18*64kB (UM) 16*128kB (UME) 132*256kB (UME) 120*512kB (UE) 6*1024kB (UM) 1*2048kB (M) 0*4096kB = 113648kB
[Sun Jun 14 19:16:44 2026] Node 0 Normal: 1473*4kB (UME) 270*8kB (UME) 142*16kB (UME) 159*32kB (UME) 118*64kB (UM) 116*128kB (UM) 44*256kB (U) 154*512kB (U) 0*1024kB 0*2048kB 0*4096kB = 127924kB
[Sun Jun 14 19:16:44 2026] Node 0 hugepages_total=0 hugepages_free=0 hugepages_surp=0 hugepages_size=1048576kB
[Sun Jun 14 19:16:44 2026] Node 0 hugepages_total=0 hugepages_free=0 hugepages_surp=0 hugepages_size=2048kB
[Sun Jun 14 19:16:44 2026] 56678 total pagecache pages
[Sun Jun 14 19:16:44 2026] 842 pages in swap cache
[Sun Jun 14 19:16:44 2026] Free swap  = 240kB
[Sun Jun 14 19:16:44 2026] Total swap = 14097916kB
[Sun Jun 14 19:16:44 2026] 7239899 pages RAM
[Sun Jun 14 19:16:44 2026] 0 pages HighMem/MovableOnly
[Sun Jun 14 19:16:44 2026] 190784 pages reserved
[Sun Jun 14 19:16:44 2026] 0 pages cma reserved
[Sun Jun 14 19:16:44 2026] 0 pages hwpoisoned
[Sun Jun 14 19:16:44 2026] Memory allocations (profiling is currently turned on):
[Sun Jun 14 19:16:44 2026]     15.7 GiB  4125956 mm/memory.c:1204 func:folio_prealloc
[Sun Jun 14 19:16:44 2026]     2.92 GiB   764454 mm/memory.c:4542 func:__alloc_swap_folio
[Sun Jun 14 19:16:44 2026]     1.90 GiB   497458 mm/zsmalloc.c:239 func:alloc_zpdesc
[Sun Jun 14 19:16:44 2026]     1.78 GiB   466426 mm/compaction.c:1847 func:compaction_alloc
[Sun Jun 14 19:16:44 2026]     1.63 GiB   119771 mm/slub.c:3292 func:alloc_slab_page
[Sun Jun 14 19:16:44 2026]      590 MiB    37665 /build/source/module/os/linux/zfs/abd_os.c:295 [abd_os] func:abd_alloc_chunks
[Sun Jun 14 19:16:44 2026]      536 MiB      878 drivers/gpu/drm/ttm/ttm_pool.c:161 [ttm] func:ttm_pool_alloc_page
[Sun Jun 14 19:16:44 2026]      401 MiB   103076 /build/source/module/os/linux/spl/spl-kmem-cache.c:145 [spl_kmem_cache] func:kv_alloc
[Sun Jun 14 19:16:44 2026]      325 MiB    83129 mm/memory.c:1206 func:folio_prealloc
[Sun Jun 14 19:16:44 2026]      190 MiB    48669 mm/shmem.c:1930 func:shmem_alloc_folio
[Sun Jun 14 19:16:44 2026] Memory cgroup min protection 0kB -- low protection 0kB
[Sun Jun 14 19:16:44 2026] Tasks state (memory values in pages):
[Sun Jun 14 19:16:44 2026] [  pid  ]   uid  tgid total_vm      rss rss_anon rss_file rss_shmem pgtables_bytes swapents oom_score_adj name
[Sun Jun 14 19:16:44 2026] [   1275]     0  1275    57216      822      165      655         2   466944      574          -250 systemd-journal
[Sun Jun 14 19:16:44 2026] [   1290]     0  1290    10573     1367      684      683         0    98304      480         -1000 systemd-udevd
[Sun Jun 14 19:16:44 2026] [   1307]   154  1307    24216      779       42      737         0    98304      317             0 systemd-timesyn
[Sun Jun 14 19:16:44 2026] [   1512]   992  1512     4393      734       42      692         0    77824      248          -900 systemd-oomd
[Sun Jun 14 19:16:44 2026] [   1708]   999  1708     1805      514      143      371         0    57344       54             0 avahi-daemon
[Sun Jun 14 19:16:44 2026] [   1709]     0  1709     3325      448      124      324         0    73728      237             0 bluetoothd
[Sun Jun 14 19:16:44 2026] [   1713]     4  1713     4678     1185      376      809         0    81920      329          -900 dbus-daemon
[Sun Jun 14 19:16:44 2026] [   1714]     0  1714    10350    10340     9753      587         0   126976        0             0 keyd
[Sun Jun 14 19:16:44 2026] [   1725]     0  1725    43988      686       50      636         0    98304      325             0 zed
[Sun Jun 14 19:16:44 2026] [   1760]     0  1760     5152      839      120      719         0    86016      283             0 systemd-logind
[Sun Jun 14 19:16:44 2026] [   1911]  1000  1911     5962     1425      373     1052         0    86016      383           100 systemd
[Sun Jun 14 19:16:44 2026] [   1936]  1000  1936     6817      296        2      294         0    86016      479           100 (sd-pam)
[Sun Jun 14 19:16:44 2026] [   2000]  1000  2000     1846      675      173      502         0    57344      120           200 dbus-daemon
[Sun Jun 14 19:16:44 2026] [   2004]  1000  2004     1587       94       93        1         0    49152       36           200 ra-multiplex
[Sun Jun 14 19:16:44 2026] [   2008]  1000  2008   178387    70261    69592      669         0   995328    16462           200 emacs
[Sun Jun 14 19:16:44 2026] [   2083]     0  2083    84842     1609      540     1069         0   167936      653             0 NetworkManager
[Sun Jun 14 19:16:44 2026] [   2214]     0  2214     4853     1478      181     1297         0    81920      396             0 wpa_supplicant
[Sun Jun 14 19:16:44 2026] [   2238]   995  2238   403314      450       17      433         0   172032      759             0 node_exporter
[Sun Jun 14 19:16:44 2026] [   2239]     0  2239     3045     1094       47     1047         0    65536      261         -1000 sshd
[Sun Jun 14 19:16:44 2026] [   2252]     0  2252      961      954      129      825         0    53248        0             0 greetd
[Sun Jun 14 19:16:44 2026] [   2265]    71  2265   293037     1257       54     1166        37   233472      486             0 .postgres-wrapp
[Sun Jun 14 19:16:44 2026] [   2277]    71  2277   293065      588       39      521        28   167936      511             0 .postgres-wrapp
[Sun Jun 14 19:16:44 2026] [   2278]    71  2278   293037      436       43      367        26   159744      502             0 .postgres-wrapp
[Sun Jun 14 19:16:44 2026] [   2281]    71  2281   293037      438       36      383        19   159744      508             0 .postgres-wrapp
[Sun Jun 14 19:16:44 2026] [   2282]    71  2282   293429      602       67      492        43   163840      547             0 .postgres-wrapp
[Sun Jun 14 19:16:44 2026] [   2283]    71  2283   293401      511       63      415        33   139264      539             0 .postgres-wrapp
[Sun Jun 14 19:16:44 2026] [   2289]     0  2289     9285     9278     2389     6889         0   118784        0             0 greetd
[Sun Jun 14 19:16:44 2026] [   2298]  1000  2298   454035     3155     1986      777       392   839680    10236             0 sway
[Sun Jun 14 19:16:44 2026] [   2355]  1000  2355    32053     1637      870      657       110   143360      798             0 .mako-wrapped
[Sun Jun 14 19:16:44 2026] [   2356]  1000  2356     1546      859       10      849         0    53248       61             0 swayidle
[Sun Jun 14 19:16:44 2026] [   2384]  1000  2384      919      560       26      534         0    49152       13             0 swaymsg
[Sun Jun 14 19:16:44 2026] [   2386]  1000  2386     1990      290       43      247         0    53248      100             0 sway-output-mon
[Sun Jun 14 19:16:44 2026] [   2388]  1000  2388      919      538        4      534         0    53248       35             0 swaymsg
[Sun Jun 14 19:16:44 2026] [   2389]  1000  2389     1990      296       10      286         0    53248      134             0 bash
[Sun Jun 14 19:16:44 2026] [   2402]  1000  2402     3028      735        2      733         0    69632      211           200 socat
[Sun Jun 14 19:16:44 2026] [   2405]  1000  2405    61428     2416      498     1918         0    90112     1365           200 .keyd-applicati
[Sun Jun 14 19:16:44 2026] [   2410]  1000  2410   817683    12808     9713     3087         8  2007040    70513             0 .kitty-wrapped
[Sun Jun 14 19:16:44 2026] [   2412]  1000  2412   105738     1624      771      853         0   196608     1158             0 polkit-gnome-au
[Sun Jun 14 19:16:44 2026] [   2548]  1000  2548   247546     1276      299      977         0   208896      679           200 .xdg-desktop-po
[Sun Jun 14 19:16:44 2026] [   2597]  1000  2597   133428      642        2      640         0   110592      152           200 .xdg-permission
[Sun Jun 14 19:16:44 2026] [   2633]  1000  2633   246730      772      111      661         0   180224       93           200 .xdg-document-p
[Sun Jun 14 19:16:44 2026] [   2654]  1000  2654      668      479        1      478         0    49152       27           200 fusermount3
[Sun Jun 14 19:16:44 2026] [   2658]  1000  2658   343833     2397     1537      860         0   385024    11757           200 .xdg-desktop-po
[Sun Jun 14 19:16:44 2026] [   2712]  1000  2712   312212     1610     1608        2         0   147456      436             0 kitten
[Sun Jun 14 19:16:44 2026] [   2749]  1000  2749   282733   145924   145437      487         0  2269184    83099             0 tmux: server
[Sun Jun 14 19:16:44 2026] [   2767]  1000  2767     2968      604        3      601         0    73728     1131             0 bash
[Sun Jun 14 19:16:44 2026] [   2783]  1000  2783     2968     1329      696      633         0    73728      454             0 bash
[Sun Jun 14 19:16:44 2026] [   2822]  1000  2822    41137      612       88      524         0    81920      129           200 playerctld
[Sun Jun 14 19:16:44 2026] [   2949]  1000  2949    79855      896      261      635         0   122880      271             0 nmcli
[Sun Jun 14 19:16:44 2026] [   2950]  1000  2950     1990      301        3      298         0    57344      143             0 vpn-status
[Sun Jun 14 19:16:44 2026] [   3412]   994  3412   173613     1822      388     1434         0   159744      567             0 nsncd
[Sun Jun 14 19:16:44 2026] [   3523]  1000  3523    80196      603      153      450         0   114688      159             0 .gnome-keyring-
[Sun Jun 14 19:16:44 2026] [   6817]  1000  6817     2953      606       21      585         0    57344     1120             0 bash
[Sun Jun 14 19:16:44 2026] [   6945]  1000  6945     2968      620        3      617         0    73728     1131             0 bash
[Sun Jun 14 19:16:44 2026] [  11410]     0 11410   159658     1627       44     1583         0   253952     1458             0 nix-daemon
[Sun Jun 14 19:16:44 2026] [  42332]  1000 42332   417583       55       54        1         0  2793472   313882           200 semgrep-core
[Sun Jun 14 19:16:44 2026] [  74302]  1000 74302      669      383       11      372         0    49152       21             0 emacsclient
[Sun Jun 14 19:16:44 2026] [  74865]  1000 74865     3101      637       25      612         0    61440     1252             0 bash
[Sun Jun 14 19:16:44 2026] [  83658]  1000 83658   114826     6376     5142     1224        10   200704     1002           200 pipewire
[Sun Jun 14 19:16:44 2026] [  83659]  1000 83659   101656     1524      548      976         0   135168     1784           200 pipewire-pulse
[Sun Jun 14 19:16:44 2026] [  83660]  1000 83660   235798     2496      786     1710         0   221184     1146           200 wireplumber
[Sun Jun 14 19:16:44 2026] [  83688]  1000 83688    21011      618       59      559         0    73728      168           200 .xdg-desktop-po
[Sun Jun 14 19:16:44 2026] [ 308238]  1000 308238     3180     1206      573      633         0    69632      790             0 bash
[Sun Jun 14 19:16:44 2026] [ 399920]  1000 399920  1583457     4120     3358      762         0  1409024     4333             0 yazi
[Sun Jun 14 19:16:44 2026] [ 406435]  1000 406435   171886     1338      445      893         0   266240     9476           200 wezterm-mux-ser
[Sun Jun 14 19:16:44 2026] [ 406440]  1000 406440    58937      475        3      472         0    73728     1128           200 bash
[Sun Jun 14 19:16:44 2026] [ 596505]  1000 596505    59377      578        7      571         0    77824      185           200 aspell
[Sun Jun 14 19:16:44 2026] [1047720]  1000 1047720     1625      541       20      521         0    57344       43             0 inotifywait
[Sun Jun 14 19:16:44 2026] [1047721]  1000 1047721     1990      402       63      339         0    61440       88             0 file-watcher.sh
[Sun Jun 14 19:16:44 2026] [1795054]  1000 1795054     2969      636        3      633         0    69632     1153             0 bash
[Sun Jun 14 19:16:44 2026] [3503506]  1000 3503506     3005     1351      724      627         0    69632      463             0 bash
[Sun Jun 14 19:16:44 2026] [3660553]  1000 3660553     2239      398       20      376         2    65536      207             0 httpd
[Sun Jun 14 19:16:44 2026] [3660555]  1000 3660555     2239      175       12      161         2    65536      219             0 httpd
[Sun Jun 14 19:16:44 2026] [3660556]  1000 3660556     2239      175       12      161         2    65536      219             0 httpd
[Sun Jun 14 19:16:44 2026] [3660557]  1000 3660557     2239      175       12      161         2    65536      219             0 httpd
[Sun Jun 14 19:16:44 2026] [3660558]  1000 3660558     2239      175       12      161         2    65536      219             0 httpd
[Sun Jun 14 19:16:44 2026] [3660559]  1000 3660559     2239      175       12      161         2    65536      219             0 httpd
[Sun Jun 14 19:16:44 2026] [3663065]  1000 3663065     2970      663        3      660         0    69632     1155             0 bash
[Sun Jun 14 19:16:44 2026] [3664117]  1000 3664117  1525850    45309    44641      668         0  1052672    14394           200 Microsoft.Pytho
[Sun Jun 14 19:16:44 2026] [ 431470]  1000 431470     3010      631        3      628         0    69632     1185             0 bash
[Sun Jun 14 19:16:44 2026] [ 524545]  1000 524545   677159     3523     2321      920       282   507904     3696             0 .waybar-wrapped
[Sun Jun 14 19:16:44 2026] [1157705]  1000 1157705  2226446   299639   299638        1         0 13705216  1336877           200 rust-analyzer
[Sun Jun 14 19:16:44 2026] [1158019]  1000 1158019    95919        8        7        1         0   438272     5319           200 rust-analyzer-p
[Sun Jun 14 19:16:44 2026] [2581079]  1000 2581079     3027      642       41      601         0    65536     1152             0 bash
[Sun Jun 14 19:16:44 2026] [2631337]  1000 2631337     3229      631        3      628         0    65536     1381             0 bash
[Sun Jun 14 19:16:44 2026] [ 253097]  1000 253097     3029      647        3      644         0    69632     1210             0 bash
[Sun Jun 14 19:16:44 2026] [1678811]  1000 1678811     3017      599        3      596         0    65536     1210             0 bash
[Sun Jun 14 19:16:44 2026] [1679013]  1000 1679013     2791      755       29      726         0    65536      130             0 tmux: client
[Sun Jun 14 19:16:44 2026] [2645199]  1000 2645199     3033      668        8      660         0    65536     1221             0 bash
[Sun Jun 14 19:16:44 2026] [ 394635]  1000 394635     1990      567        3      564         0    57344      136             0 bash
[Sun Jun 14 19:16:44 2026] [ 394636]  1000 394636 12899617    35348    33768      890       690  5406720    42275             0 chromium
[Sun Jun 14 19:16:44 2026] [ 394643]  1000 394643 12586550      521        5      516         0    73728       85             0 chrome_crashpad
[Sun Jun 14 19:16:44 2026] [ 394645]  1000 394645 12584495      456        3      453         0    73728       80             0 chrome_crashpad
[Sun Jun 14 19:16:44 2026] [ 394649]  1000 394649 12748641      799       51      748         0   450560     3661             0 chromium
[Sun Jun 14 19:16:44 2026] [ 394650]  1000 394650 12748637     1379      667      712         0   438272     3022             0 chromium
[Sun Jun 14 19:16:44 2026] [ 394652]  1000 394652 12748643      837      680      157         0   258048     3036             0 chromium
[Sun Jun 14 19:16:44 2026] [ 394695]  1000 394695 12903310    14915    11024      787      3104  2535424    42609           200 chromium
[Sun Jun 14 19:16:44 2026] [ 394697]  1000 394697 12747081     8063     6992      839       232  1118208     3954           200 chromium
[Sun Jun 14 19:16:44 2026] [ 394711]  1000 394711 12766403     1980     1348      564        68   716800     3295           200 chromium
[Sun Jun 14 19:16:44 2026] [ 395357]  1000 395357 379727719    65055    63872      677       506  3178496     9448           300 chromium
[Sun Jun 14 19:16:44 2026] [ 395802]  1000 395802 379729028    40402    39376      674       352  2379776     7993           300 chromium
[Sun Jun 14 19:16:44 2026] [ 395997]  1000 395997 379716791     2767     2059      610        98  1351680    12190           300 chromium
[Sun Jun 14 19:16:44 2026] [ 396066]  1000 396066 379715285     3759     3046      594       119  1277952     7766           300 chromium
[Sun Jun 14 19:16:44 2026] [ 396079]  1000 396079 379715304     3927     3188      594       145  1499136     7671           300 chromium
[Sun Jun 14 19:16:44 2026] [ 396134]  1000 396134 379702912     2004     1326      610        68  1007616     4663           300 chromium
[Sun Jun 14 19:16:44 2026] [ 396169]  1000 396169 12718190     1126      291      820        15   589824     3616           200 chromium
[Sun Jun 14 19:16:44 2026] [ 396222]  1000 396222 379719300    11227    10431      674       122  1396736     7157           300 chromium
[Sun Jun 14 19:16:44 2026] [ 396243]  1000 396243 379719083     3396     2629      674        93  1970176    25103           300 chromium
[Sun Jun 14 19:16:44 2026] [ 396255]  1000 396255 379723291    15721    14878      674       169  1564672     5894           300 chromium
[Sun Jun 14 19:16:44 2026] [ 396312]  1000 396312 380229568    68662    66677      674      1311  2953216     4386           300 chromium
[Sun Jun 14 19:16:44 2026] [ 396378]  1000 396378 381691998    25199    24344      658       197  2187264     3994           300 chromium
[Sun Jun 14 19:16:44 2026] [ 396472]  1000 396472 379718559    12321    11417      658       246  1662976     4021           300 chromium
[Sun Jun 14 19:16:44 2026] [ 396497]  1000 396497 379722970    41688    40786      711       191  8310784    11204           300 chromium
[Sun Jun 14 19:16:44 2026] [ 396671]  1000 396671 379724068     9203     8407      690       106  3198976    69215           300 chromium
[Sun Jun 14 19:16:44 2026] [ 396733]  1000 396733 379721008    34760    33893      632       235  2056192     6299           300 chromium
[Sun Jun 14 19:16:44 2026] [ 396829]  1000 396829 380219055    27834    26886      693       255  1773568     5897           300 chromium
[Sun Jun 14 19:16:44 2026] [ 396983]  1000 396983 379717020     9731     9068      594        69  1449984     7256           300 chromium
[Sun Jun 14 19:16:44 2026] [ 397442]  1000 397442 379726878    14585    13701      674       210  1769472     9669           300 chromium
[Sun Jun 14 19:16:44 2026] [ 437569]  1000 437569 379737538   125354   122163      714      2477  4300800    28405           300 chromium
[Sun Jun 14 19:16:44 2026] [ 443596]  1000 443596   530321     1146      749      397         0   225280       82           200 .ssh-agent-guar
[Sun Jun 14 19:16:44 2026] [ 443600]  1000 443600    42025      632       42      590         0   122880      431           200 atuin
[Sun Jun 14 19:16:44 2026] [ 839109]  1000 839109     2791      756       30      726         0    65536      129             0 tmux: client
[Sun Jun 14 19:16:44 2026] [ 849019]  1000 849019     3043      641        8      633         0    65536     1232             0 bash
[Sun Jun 14 19:16:44 2026] [ 854438]    28 854438    96380     1077      282      795         0   122880      269             0 polkitd
[Sun Jun 14 19:16:44 2026] [ 865816]  1000 865816     3034      614        3      611         0    65536     1228             0 bash
[Sun Jun 14 19:16:44 2026] [ 884541]  1000 884541 379719311    18925    17824      674       427  1626112     4802           300 chromium
[Sun Jun 14 19:16:44 2026] [1579017]  1000 1579017     2791      753       25      728         0    65536      134             0 tmux: client
[Sun Jun 14 19:16:44 2026] [1579019]  1000 1579019     3036     1339      717      622         0    69632      516             0 bash
[Sun Jun 14 19:16:44 2026] [1579180]  1000 1579180     3215     1679     1035      644         0    65536      346             0 bash
[Sun Jun 14 19:16:44 2026] [1584415]  1000 1584415 380221906     8737     8084      594        59  1847296    22711           300 chromium
[Sun Jun 14 19:16:44 2026] [1586586]  1000 1586586 365071234     3680     3552      126         2  1802240    12549             0 1password
[Sun Jun 14 19:16:44 2026] [1586592]  1000 1586592  8522391      103       31       72         0   389120     2419             0 1password
[Sun Jun 14 19:16:44 2026] [1586593]  1000 1586593  8522388      100        4       96         0   421888     2422             0 1password
[Sun Jun 14 19:16:44 2026] [1586605]  1000 1586605  8522395        4        3        1         0   237568     2449             0 1password
[Sun Jun 14 19:16:44 2026] [1586695]  1000 1586695  8656723     1611     1559       51         1  1302528    31347           200 1password
[Sun Jun 14 19:16:44 2026] [1586698]  1000 1586698  8475429      364      251      112         1   487424     2460             0 1password
[Sun Jun 14 19:16:44 2026] [1586704]  1000 1586704   253532     1161      168      976        17   540672     5871             0 Xwayland
[Sun Jun 14 19:16:44 2026] [1587627]  1000 1587627   475777      114      112        2         0   311296      182             0 1Password-Brows
[Sun Jun 14 19:16:44 2026] [1608639]  1000 1608639 379722120     8119     7190      674       255  1974272    20225           300 chromium
[Sun Jun 14 19:16:44 2026] [1623559]  1000 1623559 380215684     8607     7678      674       255  1908736    21402           300 chromium
[Sun Jun 14 19:16:44 2026] [1625852]  1000 1625852     3205     1012      382      630         0    65536      967             0 bash
[Sun Jun 14 19:16:44 2026] [1626472]  1000 1626472 379720146    15670    14808      674       188  1544192     5886           300 chromium
[Sun Jun 14 19:16:44 2026] [1643563]  1000 1643563 380209748     3253     2469      610       174  1298432    10112           300 chromium
[Sun Jun 14 19:16:44 2026] [1649823]  1000 1649823 379731298    38186    37194      696       296  3231744    20953           300 chromium
[Sun Jun 14 19:16:44 2026] [1654499]  1000 1654499    92745     5174     2228     2946         0   204800     9109           200 ipython
[Sun Jun 14 19:16:44 2026] [1736370]  1000 1736370 379723841    10663     9710      674       279  2228224    25423           300 chromium
[Sun Jun 14 19:16:44 2026] [1736680]  1000 1736680 381211292     7903     6961      674       268  2285568    20055           300 chromium
[Sun Jun 14 19:16:44 2026] [1742364]  1000 1742364 379714838     2395     1756      594        45  1138688     7442           300 chromium
[Sun Jun 14 19:16:44 2026] [1742390]  1000 1742390 379718489    17735    16852      610       273  1662976     6634           300 chromium
[Sun Jun 14 19:16:44 2026] [1742561]  1000 1742561 379721445     4316     3459      674       183  1892352    24989           300 chromium
[Sun Jun 14 19:16:44 2026] [1742596]  1000 1742596 379717801     2267     1552      594       121  1159168     6854           300 chromium
[Sun Jun 14 19:16:44 2026] [1742658]  1000 1742658     3043      664       40      624         0    65536     1199             0 bash
[Sun Jun 14 19:16:44 2026] [1773397]  1000 1773397 381203065     5324     4393      674       257  1671168    16517           300 chromium
[Sun Jun 14 19:16:44 2026] [1774326]  1000 1774326 379730999    19152    18201      674       277  2113536    16311           300 chromium
[Sun Jun 14 19:16:44 2026] [1779524]  1000 1779524 379714931     2401     1760      594        47  1163264     7776           300 chromium
[Sun Jun 14 19:16:44 2026] [1795848]  1000 1795848 380720255     3527     2687      674       166  2027520    11531           300 chromium
[Sun Jun 14 19:16:44 2026] [1882482]  1000 1882482 379714868     2608     1936      594        78  1101824     4942           300 chromium
[Sun Jun 14 19:16:44 2026] [1882628]  1000 1882628 379711215     3487     2809      578       100  1118208     5047           300 chromium
[Sun Jun 14 19:16:44 2026] [1882643]  1000 1882643 380196401    13315    12610      626        79  1613824    33107           300 chromium
[Sun Jun 14 19:16:44 2026] [2102465]  1000 2102465 379671568     1652     1059      562        31   798720     4023           300 chromium
[Sun Jun 14 19:16:44 2026] [2326339]  1000 2326339   113303      617      126      491         0    90112       29           200 gpg-agent
[Sun Jun 14 19:16:44 2026] [2376591]  1000 2376591    76929      478       52      426         0    77824       54           200 scdaemon
[Sun Jun 14 19:16:44 2026] [2376595]     0 2376595    85545     1197      384      813         0   122880      139             0 pcscd
[Sun Jun 14 19:16:44 2026] [2418443]  1000 2418443 18655228    82985    82321      664         0  2015232    12379             0 claude
[Sun Jun 14 19:16:44 2026] [2427187]  1000 2427187   972213     6167     5505      662         0   409600      674             0 Microsoft.Pytho
[Sun Jun 14 19:16:44 2026] [2481154]  1000 2481154     4191      727      108      619         0    69632      144             0 .swaybg-wrapped
[Sun Jun 14 19:16:44 2026] [2504685]  1000 2504685      669      454       32      422         0    49152        0             0 emacsclient
[Sun Jun 14 19:16:44 2026] [2533210]  1000 2533210     3991     2493     1709      784         0    73728        0             0 htop
[Sun Jun 14 19:16:44 2026] [2589700]  1000 2589700  3595999  3562265  3560264     2001         0 28868608        0             0 python3
[Sun Jun 14 19:16:44 2026] oom-kill:constraint=CONSTRAINT_NONE,nodemask=(null),cpuset=user.slice,mems_allowed=0,global_oom,task_memcg=/user.slice/user-1000.slice/user@1000.service/app.slice/emacs.service,task=rust-analyzer,pid=1157705,uid=1000
[Sun Jun 14 19:16:44 2026] Out of memory: Killed process 1157705 (rust-analyzer) total-vm:8905784kB, anon-rss:1198552kB, file-rss:4kB, shmem-rss:0kB, UID:1000 pgtables:13384kB oom_score_adj:200
[Sun Jun 14 19:17:04 2026] 1password invoked oom-killer: gfp_mask=0x140cca(GFP_HIGHUSER_MOVABLE|__GFP_COMP), order=0, oom_score_adj=200
[Sun Jun 14 19:17:04 2026] CPU: 14 UID: 1000 PID: 1586695 Comm: 1password Kdump: loaded Tainted: P S         O        7.0.9 #1-NixOS PREEMPT(lazy) 
[Sun Jun 14 19:17:04 2026] Tainted: [P]=PROPRIETARY_MODULE, [S]=CPU_OUT_OF_SPEC, [O]=OOT_MODULE
[Sun Jun 14 19:17:04 2026] Hardware name: GEEKOM A9 Max/A9 Max, BIOS 0.18 06/26/2025
[Sun Jun 14 19:17:04 2026] Call Trace:
[Sun Jun 14 19:17:04 2026]  <TASK>
[Sun Jun 14 19:17:04 2026]  dump_stack_lvl+0x5d/0x80
[Sun Jun 14 19:17:04 2026]  dump_header+0x43/0x1b3
[Sun Jun 14 19:17:04 2026]  oom_kill_process.cold+0x8/0x89
[Sun Jun 14 19:17:04 2026]  out_of_memory+0x208/0x500
[Sun Jun 14 19:17:04 2026]  __alloc_frozen_pages_noprof+0x1389/0x14f0
[Sun Jun 14 19:17:04 2026]  alloc_pages_mpol+0x7d/0x160
[Sun Jun 14 19:17:04 2026]  folio_alloc_noprof+0x5b/0xb0
[Sun Jun 14 19:17:04 2026]  __filemap_get_folio_mpol+0x1b7/0x370
[Sun Jun 14 19:17:04 2026]  filemap_fault+0x112/0x1250
[Sun Jun 14 19:17:04 2026]  __do_fault+0x33/0x180
[Sun Jun 14 19:17:04 2026]  do_fault+0x2ee/0x530
[Sun Jun 14 19:17:04 2026]  __handle_mm_fault+0x965/0xf90
[Sun Jun 14 19:17:04 2026]  handle_mm_fault+0xec/0x2e0
[Sun Jun 14 19:17:04 2026]  do_user_addr_fault+0x211/0x670
[Sun Jun 14 19:17:04 2026]  exc_page_fault+0x6c/0x170
[Sun Jun 14 19:17:04 2026]  asm_exc_page_fault+0x26/0x30
[Sun Jun 14 19:17:04 2026] RIP: 0033:0x5fa35bcccd82
[Sun Jun 14 19:17:04 2026] Code: Unable to access opcode bytes at 0x5fa35bcccd58.
[Sun Jun 14 19:17:04 2026] RSP: 002b:00007ffca8231260 EFLAGS: 00010202
[Sun Jun 14 19:17:04 2026] RAX: 0000000000000000 RBX: 00003c4400040420 RCX: 00005fa360ee1000
[Sun Jun 14 19:17:04 2026] RDX: 0000000000000000 RSI: 0000000000000000 RDI: 0000000000000000
[Sun Jun 14 19:17:04 2026] RBP: 00007ffca82312c0 R08: 0000000000000000 R09: 0000000000000000
[Sun Jun 14 19:17:04 2026] R10: 0000000000000000 R11: 0000000000000000 R12: 0000000000000000
[Sun Jun 14 19:17:04 2026] R13: 0000000000000001 R14: 00003c440001c820 R15: 00003c440001c838
[Sun Jun 14 19:17:04 2026]  </TASK>
[Sun Jun 14 19:17:04 2026] Mem-Info:
[Sun Jun 14 19:17:04 2026] active_anon:526994 inactive_anon:4647425 isolated_anon:0
                            active_file:25 inactive_file:563 isolated_file:0
                            unevictable:19208 dirty:0 writeback:0
                            slab_reclaimable:137391 slab_unreclaimable:294086
                            mapped:11652 shmem:13006 pagetables:42296
                            sec_pagetables:1233 bounce:0
                            kernel_misc_reclaimable:0
                            free:54218 free_pcp:668 free_cma:0
[Sun Jun 14 19:17:04 2026] Node 0 active_anon:2107976kB inactive_anon:18589700kB active_file:100kB inactive_file:2252kB unevictable:76832kB isolated(anon):0kB isolated(file):0kB mapped:46608kB dirty:0kB writeback:0kB shmem:52024kB shmem_thp:0kB shmem_pmdmapped:0kB anon_thp:0kB kernel_stack:39056kB pagetables:169184kB sec_pagetables:4932kB all_unreclaimable? no Balloon:0kB
[Sun Jun 14 19:17:04 2026] Node 0 DMA free:11264kB boost:0kB min:36kB low:48kB high:60kB reserved_highatomic:0KB free_highatomic:0KB active_anon:0kB inactive_anon:0kB active_file:0kB inactive_file:0kB unevictable:0kB writepending:0kB zspages:0kB present:15996kB managed:15360kB mlocked:0kB bounce:0kB free_pcp:0kB local_pcp:0kB free_cma:0kB
[Sun Jun 14 19:17:04 2026] lowmem_reserve[]: 0 1473 27520 27520 27520
[Sun Jun 14 19:17:04 2026] Node 0 DMA32 free:107524kB boost:0kB min:3620kB low:5128kB high:6636kB reserved_highatomic:0KB free_highatomic:0KB active_anon:15656kB inactive_anon:1120128kB active_file:0kB inactive_file:480kB unevictable:0kB writepending:0kB zspages:73224kB present:1711856kB managed:1509332kB mlocked:0kB bounce:0kB free_pcp:2192kB local_pcp:0kB free_cma:0kB
[Sun Jun 14 19:17:04 2026] lowmem_reserve[]: 0 0 26046 26046 26046
[Sun Jun 14 19:17:04 2026] Node 0 Normal free:98084kB boost:36864kB min:100788kB low:127432kB high:154076kB reserved_highatomic:0KB free_highatomic:0KB active_anon:2092340kB inactive_anon:17469552kB active_file:0kB inactive_file:1816kB unevictable:76832kB writepending:0kB zspages:3093608kB present:27231744kB managed:26671768kB mlocked:76824kB bounce:0kB free_pcp:484kB local_pcp:0kB free_cma:0kB
[Sun Jun 14 19:17:04 2026] lowmem_reserve[]: 0 0 0 0 0
[Sun Jun 14 19:17:04 2026] Node 0 DMA: 0*4kB 0*8kB 0*16kB 0*32kB 0*64kB 0*128kB 0*256kB 0*512kB 1*1024kB (U) 1*2048kB (M) 2*4096kB (M) = 11264kB
[Sun Jun 14 19:17:04 2026] Node 0 DMA32: 13*4kB (ME) 35*8kB (E) 33*16kB (UME) 61*32kB (UME) 16*64kB (UME) 20*128kB (UME) 128*256kB (UM) 119*512kB (UM) 7*1024kB (UM) 0*2048kB 0*4096kB = 107260kB
[Sun Jun 14 19:17:04 2026] Node 0 Normal: 1117*4kB (UME) 118*8kB (UM) 81*16kB (UM) 78*32kB (UM) 13*64kB (U) 15*128kB (U) 49*256kB (U) 144*512kB (U) 0*1024kB 0*2048kB 0*4096kB = 98228kB
[Sun Jun 14 19:17:04 2026] Node 0 hugepages_total=0 hugepages_free=0 hugepages_surp=0 hugepages_size=1048576kB
[Sun Jun 14 19:17:04 2026] Node 0 hugepages_total=0 hugepages_free=0 hugepages_surp=0 hugepages_size=2048kB
[Sun Jun 14 19:17:04 2026] 22181 total pagecache pages
[Sun Jun 14 19:17:04 2026] 1317 pages in swap cache
[Sun Jun 14 19:17:04 2026] Free swap  = 0kB
[Sun Jun 14 19:17:04 2026] Total swap = 14097916kB
[Sun Jun 14 19:17:04 2026] 7239899 pages RAM
[Sun Jun 14 19:17:04 2026] 0 pages HighMem/MovableOnly
[Sun Jun 14 19:17:04 2026] 190784 pages reserved
[Sun Jun 14 19:17:04 2026] 0 pages cma reserved
[Sun Jun 14 19:17:04 2026] 0 pages hwpoisoned
[Sun Jun 14 19:17:04 2026] Memory allocations (profiling is currently turned on):
[Sun Jun 14 19:17:04 2026]     18.3 GiB  4798589 mm/memory.c:1204 func:folio_prealloc
[Sun Jun 14 19:17:04 2026]     2.01 GiB   526432 mm/zsmalloc.c:239 func:alloc_zpdesc
[Sun Jun 14 19:17:04 2026]     1.61 GiB   118604 mm/slub.c:3292 func:alloc_slab_page
[Sun Jun 14 19:17:04 2026]     1.29 GiB   339248 mm/memory.c:4542 func:__alloc_swap_folio
[Sun Jun 14 19:17:04 2026]     1.01 GiB   265283 mm/compaction.c:1847 func:compaction_alloc
[Sun Jun 14 19:17:04 2026]      679 MiB    41969 /build/source/module/os/linux/zfs/abd_os.c:295 [abd_os] func:abd_alloc_chunks
[Sun Jun 14 19:17:04 2026]      544 MiB     2140 drivers/gpu/drm/ttm/ttm_pool.c:161 [ttm] func:ttm_pool_alloc_page
[Sun Jun 14 19:17:04 2026]      391 MiB   100380 /build/source/module/os/linux/spl/spl-kmem-cache.c:145 [spl_kmem_cache] func:kv_alloc
[Sun Jun 14 19:17:04 2026]      150 MiB    38502 arch/x86/mm/pgtable.c:18 func:pte_alloc_one
[Sun Jun 14 19:17:04 2026]      141 MiB    35996 mm/memory.c:1206 func:folio_prealloc
[Sun Jun 14 19:17:04 2026] Memory cgroup min protection 0kB -- low protection 0kB
[Sun Jun 14 19:17:04 2026] Tasks state (memory values in pages):
[Sun Jun 14 19:17:04 2026] [  pid  ]   uid  tgid total_vm      rss rss_anon rss_file rss_shmem pgtables_bytes swapents oom_score_adj name
[Sun Jun 14 19:17:04 2026] [   1275]     0  1275    57216      795      140      653         2   466944      599          -250 systemd-journal
[Sun Jun 14 19:17:04 2026] [   1290]     0  1290    10573      986      303      683         0    98304      861         -1000 systemd-udevd
[Sun Jun 14 19:17:04 2026] [   1307]   154  1307    24216      779       42      737         0    98304      317             0 systemd-timesyn
[Sun Jun 14 19:17:04 2026] [   1512]   992  1512     4393      712       42      670         0    77824      248          -900 systemd-oomd
[Sun Jun 14 19:17:04 2026] [   1708]   999  1708     1805      514      143      371         0    57344       54             0 avahi-daemon
[Sun Jun 14 19:17:04 2026] [   1709]     0  1709     3325      441      114      327         0    73728      247             0 bluetoothd
[Sun Jun 14 19:17:04 2026] [   1713]     4  1713     4678     1183      374      809         0    81920      331          -900 dbus-daemon
[Sun Jun 14 19:17:04 2026] [   1714]     0  1714    10350    10340     9753      587         0   126976        0             0 keyd
[Sun Jun 14 19:17:04 2026] [   1725]     0  1725    43988      683       47      636         0    98304      328             0 zed
[Sun Jun 14 19:17:04 2026] [   1760]     0  1760     5152      827      102      725         0    86016      301             0 systemd-logind
[Sun Jun 14 19:17:04 2026] [   1911]  1000  1911     5962     1386      329     1057         0    86016      427           100 systemd
[Sun Jun 14 19:17:04 2026] [   1936]  1000  1936     6817      296        2      294         0    86016      479           100 (sd-pam)
[Sun Jun 14 19:17:04 2026] [   2000]  1000  2000     1846      675      173      502         0    57344      120           200 dbus-daemon
[Sun Jun 14 19:17:04 2026] [   2004]  1000  2004     1587       95       93        2         0    49152       36           200 ra-multiplex
[Sun Jun 14 19:17:04 2026] [   2008]  1000  2008   178387    25622    24924      698         0   995328    61130           200 emacs
[Sun Jun 14 19:17:04 2026] [   2083]     0  2083    84842     1600      528     1072         0   167936      665             0 NetworkManager
[Sun Jun 14 19:17:04 2026] [   2214]     0  2214     4853     1479      181     1298         0    81920      396             0 wpa_supplicant
[Sun Jun 14 19:17:04 2026] [   2238]   995  2238   403314      450       17      433         0   172032      759             0 node_exporter
[Sun Jun 14 19:17:04 2026] [   2239]     0  2239     3045     1094       47     1047         0    65536      261         -1000 sshd
[Sun Jun 14 19:17:04 2026] [   2252]     0  2252      961      954      129      825         0    53248        0             0 greetd
[Sun Jun 14 19:17:04 2026] [   2265]    71  2265   293037     1258       54     1167        37   233472      486             0 .postgres-wrapp
[Sun Jun 14 19:17:04 2026] [   2277]    71  2277   293065      588       39      521        28   167936      511             0 .postgres-wrapp
[Sun Jun 14 19:17:04 2026] [   2278]    71  2278   293037      437       43      368        26   159744      502             0 .postgres-wrapp
[Sun Jun 14 19:17:04 2026] [   2281]    71  2281   293037      439       36      384        19   159744      508             0 .postgres-wrapp
[Sun Jun 14 19:17:04 2026] [   2282]    71  2282   293429      604       67      494        43   163840      547             0 .postgres-wrapp
[Sun Jun 14 19:17:04 2026] [   2283]    71  2283   293401      510       62      415        33   139264      540             0 .postgres-wrapp
[Sun Jun 14 19:17:04 2026] [   2289]     0  2289     9285     9278     2389     6889         0   118784        0             0 greetd
[Sun Jun 14 19:17:04 2026] [   2298]  1000  2298   454035     2654     1703      761       190   839680    10519             0 sway
[Sun Jun 14 19:17:04 2026] [   2355]  1000  2355    32053     1121      422      657        42   143360     1246             0 .mako-wrapped
[Sun Jun 14 19:17:04 2026] [   2356]  1000  2356     1546      849        0      849         0    53248       71             0 swayidle
[Sun Jun 14 19:17:04 2026] [   2384]  1000  2384      919      534        0      534         0    49152       39             0 swaymsg
[Sun Jun 14 19:17:04 2026] [   2386]  1000  2386     1990      251        4      247         0    53248      139             0 sway-output-mon
[Sun Jun 14 19:17:04 2026] [   2388]  1000  2388      919      534        0      534         0    53248       39             0 swaymsg
[Sun Jun 14 19:17:04 2026] [   2389]  1000  2389     1990      286        0      286         0    53248      144             0 bash
[Sun Jun 14 19:17:04 2026] [   2402]  1000  2402     3028      735        2      733         0    69632      211           200 socat
[Sun Jun 14 19:17:04 2026] [   2405]  1000  2405    61428     2415      497     1918         0    90112     1366           200 .keyd-applicati
[Sun Jun 14 19:17:04 2026] [   2410]  1000  2410   817683     6958     3840     3116         2  2007040    76386             0 .kitty-wrapped
[Sun Jun 14 19:17:04 2026] [   2412]  1000  2412   105738     1532      679      853         0   196608     1250             0 polkit-gnome-au
[Sun Jun 14 19:17:04 2026] [   2548]  1000  2548   247546     1278      299      979         0   208896      679           200 .xdg-desktop-po
[Sun Jun 14 19:17:04 2026] [   2597]  1000  2597   133428      642        2      640         0   110592      152           200 .xdg-permission
[Sun Jun 14 19:17:04 2026] [   2633]  1000  2633   246730      773      111      662         0   180224       93           200 .xdg-document-p
[Sun Jun 14 19:17:04 2026] [   2654]  1000  2654      668      479        1      478         0    49152       27           200 fusermount3
[Sun Jun 14 19:17:04 2026] [   2658]  1000  2658   343833     2399     1537      862         0   385024    11757           200 .xdg-desktop-po
[Sun Jun 14 19:17:04 2026] [   2712]  1000  2712   312212     1514     1512        2         0   147456      532             0 kitten
[Sun Jun 14 19:17:04 2026] [   2749]  1000  2749   282733    23707    23216      491         0  2269184   205320             0 tmux: server
[Sun Jun 14 19:17:04 2026] [   2767]  1000  2767     2968      604        3      601         0    73728     1131             0 bash
[Sun Jun 14 19:17:04 2026] [   2783]  1000  2783     2968      764      131      633         0    73728     1019             0 bash
[Sun Jun 14 19:17:04 2026] [   2822]  1000  2822    41137      612       88      524         0    81920      129           200 playerctld
[Sun Jun 14 19:17:04 2026] [   2949]  1000  2949    79855      868      230      638         0   122880      302             0 nmcli
[Sun Jun 14 19:17:04 2026] [   2950]  1000  2950     1990      300        2      298         0    57344      144             0 vpn-status
[Sun Jun 14 19:17:04 2026] [   3412]   994  3412   173613     1820      386     1434         0   159744      569             0 nsncd
[Sun Jun 14 19:17:04 2026] [   3523]  1000  3523    80196      585      135      450         0   114688      177             0 .gnome-keyring-
[Sun Jun 14 19:17:04 2026] [   6817]  1000  6817     2953      603       18      585         0    57344     1123             0 bash
[Sun Jun 14 19:17:04 2026] [   6945]  1000  6945     2968      620        3      617         0    73728     1131             0 bash
[Sun Jun 14 19:17:04 2026] [  11410]     0 11410   159658     1621       38     1583         0   253952     1464             0 nix-daemon
[Sun Jun 14 19:17:04 2026] [  42332]  1000 42332   417583       48       41        7         0  2793472   313895           200 semgrep-core
[Sun Jun 14 19:17:04 2026] [  74302]  1000 74302      669      384       11      373         0    49152       21             0 emacsclient
[Sun Jun 14 19:17:04 2026] [  74865]  1000 74865     3101      636       24      612         0    61440     1253             0 bash
[Sun Jun 14 19:17:04 2026] [  83658]  1000 83658   114826     5201     3968     1224         9   200704     2176           200 pipewire
[Sun Jun 14 19:17:04 2026] [  83659]  1000 83659   101656     1512      536      976         0   135168     1796           200 pipewire-pulse
[Sun Jun 14 19:17:04 2026] [  83660]  1000 83660   235798     2454      744     1710         0   221184     1188           200 wireplumber
[Sun Jun 14 19:17:04 2026] [  83688]  1000 83688    21011      613       54      559         0    73728      173           200 .xdg-desktop-po
[Sun Jun 14 19:17:04 2026] [ 308238]  1000 308238     3180     1142      509      633         0    69632      854             0 bash
[Sun Jun 14 19:17:04 2026] [ 399920]  1000 399920  1583457     3913     3149      764         0  1409024     4542             0 yazi
[Sun Jun 14 19:17:04 2026] [ 406435]  1000 406435   171886      898        5      893         0   266240     9916           200 wezterm-mux-ser
[Sun Jun 14 19:17:04 2026] [ 406440]  1000 406440    58937      475        3      472         0    73728     1128           200 bash
[Sun Jun 14 19:17:04 2026] [ 596505]  1000 596505    59377      578        7      571         0    77824      185           200 aspell
[Sun Jun 14 19:17:04 2026] [1047720]  1000 1047720     1625      538       17      521         0    57344       46             0 inotifywait
[Sun Jun 14 19:17:04 2026] [1047721]  1000 1047721     1990      359       20      339         0    61440      131             0 file-watcher.sh
[Sun Jun 14 19:17:04 2026] [1795054]  1000 1795054     2969      636        3      633         0    69632     1153             0 bash
[Sun Jun 14 19:17:04 2026] [3503506]  1000 3503506     3005     1285      658      627         0    69632      529             0 bash
[Sun Jun 14 19:17:04 2026] [3660553]  1000 3660553     2239      399       20      377         2    65536      207             0 httpd
[Sun Jun 14 19:17:04 2026] [3660555]  1000 3660555     2239      175       12      161         2    65536      219             0 httpd
[Sun Jun 14 19:17:04 2026] [3660556]  1000 3660556     2239      175       12      161         2    65536      219             0 httpd
[Sun Jun 14 19:17:04 2026] [3660557]  1000 3660557     2239      175       12      161         2    65536      219             0 httpd
[Sun Jun 14 19:17:04 2026] [3660558]  1000 3660558     2239      175       12      161         2    65536      219             0 httpd
[Sun Jun 14 19:17:04 2026] [3660559]  1000 3660559     2239      175       12      161         2    65536      219             0 httpd
[Sun Jun 14 19:17:04 2026] [3663065]  1000 3663065     2970      663        3      660         0    69632     1155             0 bash
[Sun Jun 14 19:17:04 2026] [3664117]  1000 3664117  1525846     2114     1422      692         0  1052672    57613           200 Microsoft.Pytho
[Sun Jun 14 19:17:04 2026] [ 431470]  1000 431470     3010      631        3      628         0    69632     1185             0 bash
[Sun Jun 14 19:17:04 2026] [ 524545]  1000 524545   677159     2893     1828      917       148   507904     4189             0 .waybar-wrapped
[Sun Jun 14 19:17:04 2026] [2581079]  1000 2581079     3027      633       32      601         0    65536     1161             0 bash
[Sun Jun 14 19:17:04 2026] [2631337]  1000 2631337     3229      631        3      628         0    65536     1381             0 bash
[Sun Jun 14 19:17:04 2026] [ 253097]  1000 253097     3029      647        3      644         0    69632     1210             0 bash
[Sun Jun 14 19:17:04 2026] [1678811]  1000 1678811     3017      598        2      596         0    65536     1211             0 bash
[Sun Jun 14 19:17:04 2026] [1679013]  1000 1679013     2791      754       28      726         0    65536      131             0 tmux: client
[Sun Jun 14 19:17:04 2026] [2645199]  1000 2645199     3033      668        8      660         0    65536     1221             0 bash
[Sun Jun 14 19:17:04 2026] [ 394635]  1000 394635     1990      564        0      564         0    57344      139             0 bash
[Sun Jun 14 19:17:04 2026] [ 394636]  1000 394636 12899617    26348    24969      907       472  5406720    51077             0 chromium
[Sun Jun 14 19:17:04 2026] [ 394643]  1000 394643 12586550      516        0      516         0    73728       90             0 chrome_crashpad
[Sun Jun 14 19:17:04 2026] [ 394645]  1000 394645 12584495      453        0      453         0    73728       83             0 chrome_crashpad
[Sun Jun 14 19:17:04 2026] [ 394649]  1000 394649 12748641      798       50      748         0   450560     3662             0 chromium
[Sun Jun 14 19:17:04 2026] [ 394650]  1000 394650 12748637     1372      660      712         0   438272     3029             0 chromium
[Sun Jun 14 19:17:04 2026] [ 394652]  1000 394652 12748643      817      660      157         0   258048     3056             0 chromium
[Sun Jun 14 19:17:04 2026] [ 394695]  1000 394695 12905358    10647     9074      888       685  2535424    44604           200 chromium
[Sun Jun 14 19:17:04 2026] [ 394697]  1000 394697 12747081     7362     6322      848       192  1118208     4634           200 chromium
[Sun Jun 14 19:17:04 2026] [ 394711]  1000 394711 12766403     1772     1148      584        40   716800     3495           200 chromium
[Sun Jun 14 19:17:04 2026] [ 395357]  1000 395357 379727719    54047    53029      694       324  3178496    20926           300 chromium
[Sun Jun 14 19:17:04 2026] [ 395802]  1000 395802 379729028    27851    26866      694       291  2383872    21372           300 chromium
[Sun Jun 14 19:17:04 2026] [ 395997]  1000 395997 379716791     2558     1838      630        90  1351680    12411           300 chromium
[Sun Jun 14 19:17:04 2026] [ 396066]  1000 396066 379715285     2234     1532      614        88  1277952     9280           300 chromium
[Sun Jun 14 19:17:04 2026] [ 396079]  1000 396079 379715304     2291     1599      601        91  1499136     9260           300 chromium
[Sun Jun 14 19:17:04 2026] [ 396134]  1000 396134 379702912     1986     1288      630        68  1007616     4701           300 chromium
[Sun Jun 14 19:17:04 2026] [ 396169]  1000 396169 12718190     1098      252      837         9   589824     3655           200 chromium
[Sun Jun 14 19:17:04 2026] [ 396222]  1000 396222 379719300     5815     5012      694       109  1396736    12576           300 chromium
[Sun Jun 14 19:17:04 2026] [ 396243]  1000 396243 379719083     3178     2402      694        82  1970176    25330           300 chromium
[Sun Jun 14 19:17:04 2026] [ 396255]  1000 396255 379723291    10658     9827      694       137  1564672    10945           300 chromium
[Sun Jun 14 19:17:04 2026] [ 396312]  1000 396312 380229568    15056    13462      694       900  2953216    57601           300 chromium
[Sun Jun 14 19:17:04 2026] [ 396378]  1000 396378 381691998    10944    10189      678        77  2187264    18149           300 chromium
[Sun Jun 14 19:17:04 2026] [ 396472]  1000 396472 379718559     7085     6272      678       135  1662976     9182           300 chromium
[Sun Jun 14 19:17:04 2026] [ 396497]  1000 396497 379722970    35693    34811      710       172  8310784    17267           300 chromium
[Sun Jun 14 19:17:04 2026] [ 396671]  1000 396671 379724068     7379     6574      710        95  3207168    71798           300 chromium
[Sun Jun 14 19:17:04 2026] [ 396733]  1000 396733 379721008    30758    29920      647       191  2056192    10298           300 chromium
[Sun Jun 14 19:17:04 2026] [ 396829]  1000 396829 380219055    23422    22486      712       224  1773568    10299           300 chromium
[Sun Jun 14 19:17:04 2026] [ 396983]  1000 396983 379717020     4591     3933      614        44  1449984    12396           300 chromium
[Sun Jun 14 19:17:04 2026] [ 397442]  1000 397442 380709918     7559     6714      694       151  1826816    18401           300 chromium
[Sun Jun 14 19:17:04 2026] [ 437569]  1000 437569 379737538    95881    94718      814       349  4300800    56052           300 chromium
[Sun Jun 14 19:17:04 2026] [ 443596]  1000 443596   530321     1142      745      397         0   225280       86           200 .ssh-agent-guar
[Sun Jun 14 19:17:04 2026] [ 443600]  1000 443600    42025      632       42      590         0   122880      431           200 atuin
[Sun Jun 14 19:17:04 2026] [ 839109]  1000 839109     2791      756       30      726         0    65536      129             0 tmux: client
[Sun Jun 14 19:17:04 2026] [ 849019]  1000 849019     3043      640        7      633         0    65536     1233             0 bash
[Sun Jun 14 19:17:04 2026] [ 854438]    28 854438    96380     1078      281      797         0   122880      270             0 polkitd
[Sun Jun 14 19:17:04 2026] [ 865816]  1000 865816     3034      614        3      611         0    65536     1228             0 bash
[Sun Jun 14 19:17:04 2026] [ 884541]  1000 884541 379719311     8681     7654      681       346  1626112    14972           300 chromium
[Sun Jun 14 19:17:04 2026] [1579017]  1000 1579017     2791      753       25      728         0    65536      134             0 tmux: client
[Sun Jun 14 19:17:04 2026] [1579019]  1000 1579019     3036     1339      717      622         0    69632      516             0 bash
[Sun Jun 14 19:17:04 2026] [1579180]  1000 1579180     3215     1354      710      644         0    65536      671             0 bash
[Sun Jun 14 19:17:04 2026] [1584415]  1000 1584415 380221906     5050     4426      614        10  1847296    26370           300 chromium
[Sun Jun 14 19:17:04 2026] [1586586]  1000 1586586 365071234     3070     2943      126         1  1802240    13158             0 1password
[Sun Jun 14 19:17:04 2026] [1586592]  1000 1586592  8522391       99       27       72         0   389120     2423             0 1password
[Sun Jun 14 19:17:04 2026] [1586593]  1000 1586593  8522388       99        3       96         0   421888     2423             0 1password
[Sun Jun 14 19:17:04 2026] [1586605]  1000 1586605  8522395        3        2        1         0   237568     2450             0 1password
[Sun Jun 14 19:17:04 2026] [1586695]  1000 1586695  8656723     1528     1477       50         1  1302528    31429           200 1password
[Sun Jun 14 19:17:04 2026] [1586698]  1000 1586698  8475429      347      237      110         0   487424     2474             0 1password
[Sun Jun 14 19:17:04 2026] [1586704]  1000 1586704   253532     1089       96      976        17   540672     5943             0 Xwayland
[Sun Jun 14 19:17:04 2026] [1587627]  1000 1587627   475777      104      102        2         0   311296      192             0 1Password-Brows
[Sun Jun 14 19:17:04 2026] [1608639]  1000 1608639 379722120     5073     4203      694       176  1974272    23214           300 chromium
[Sun Jun 14 19:17:04 2026] [1623559]  1000 1623559 379724164     5394     4503      694       197  1884160    24209           300 chromium
[Sun Jun 14 19:17:04 2026] [1625852]  1000 1625852     3205      633        3      630         0    65536     1346             0 bash
[Sun Jun 14 19:17:04 2026] [1626472]  1000 1626472 379720146     9727     8922      681       124  1544192    11772           300 chromium
[Sun Jun 14 19:17:04 2026] [1643563]  1000 1643563 380209748     3059     2302      617       140  1298432    10279           300 chromium
[Sun Jun 14 19:17:04 2026] [1649823]  1000 1649823 380222818    24468    23532      718       218  3260416    34962           300 chromium
[Sun Jun 14 19:17:04 2026] [1654499]  1000 1654499    92745     3102      156     2946         0   204800    11181           200 ipython
[Sun Jun 14 19:17:04 2026] [1736370]  1000 1736370 379723841     6701     5850      694       157  2228224    29285           300 chromium
[Sun Jun 14 19:17:04 2026] [1736680]  1000 1736680 381211292     5628     4750      694       184  2285568    22266           300 chromium
[Sun Jun 14 19:17:04 2026] [1742364]  1000 1742364 379714838     2018     1387      601        30  1138688     7811           300 chromium
[Sun Jun 14 19:17:04 2026] [1742390]  1000 1742390 379718489    14278    13434      630       214  1662976    10063           300 chromium
[Sun Jun 14 19:17:04 2026] [1742561]  1000 1742561 379721445     3199     2414      681       104  1892352    26034           300 chromium
[Sun Jun 14 19:17:04 2026] [1742596]  1000 1742596 379717801     1843     1151      601        91  1159168     7255           300 chromium
[Sun Jun 14 19:17:04 2026] [1742658]  1000 1742658     3043      664       40      624         0    65536     1199             0 bash
[Sun Jun 14 19:17:04 2026] [1773397]  1000 1773397 381203065     3734     2840      694       200  1671168    18073           300 chromium
[Sun Jun 14 19:17:04 2026] [1774326]  1000 1774326 379730999     8109     7215      694       200  2113536    27300           300 chromium
[Sun Jun 14 19:17:04 2026] [1779524]  1000 1779524 379714931     2063     1415      614        34  1163264     8121           300 chromium
[Sun Jun 14 19:17:04 2026] [1795848]  1000 1795848 380720255     3210     2396      694       120  2027520    11822           300 chromium
[Sun Jun 14 19:17:04 2026] [1882482]  1000 1882482 379714868     1844     1205      614        25  1101824     5673           300 chromium
[Sun Jun 14 19:17:04 2026] [1882628]  1000 1882628 379711215     2153     1496      598        59  1118208     6360           300 chromium
[Sun Jun 14 19:17:04 2026] [1882643]  1000 1882643 380196401     1922     1250      633        39  1613824    44467           300 chromium
[Sun Jun 14 19:17:04 2026] [2102465]  1000 2102465 379671568     1531      931      582        18   798720     4151           300 chromium
[Sun Jun 14 19:17:04 2026] [2326339]  1000 2326339   113303      616      125      491         0    90112       30           200 gpg-agent
[Sun Jun 14 19:17:04 2026] [2376591]  1000 2376591    76929      479       52      427         0    77824       54           200 scdaemon
[Sun Jun 14 19:17:04 2026] [2376595]     0 2376595    85545     1185      370      815         0   122880      153             0 pcscd
[Sun Jun 14 19:17:04 2026] [2418443]  1000 2418443 18655228    29340    28681      659         0  2011136    65211             0 claude
[Sun Jun 14 19:17:04 2026] [2427187]  1000 2427187   972217     1302      616      686         0   409600     5563             0 Microsoft.Pytho
[Sun Jun 14 19:17:04 2026] [2481154]  1000 2481154     4191      622        3      619         0    69632      249             0 .swaybg-wrapped
[Sun Jun 14 19:17:04 2026] [2504685]  1000 2504685      669      455       32      423         0    49152        0             0 emacsclient
[Sun Jun 14 19:17:04 2026] [2533210]  1000 2533210     3991     2495     1709      786         0    73728        0             0 htop
[Sun Jun 14 19:17:04 2026] [2589700]  1000 2589700  5426975  4599261  4597256     2005         0 43544576   765571             0 python3
[Sun Jun 14 19:17:04 2026] oom-kill:constraint=CONSTRAINT_NONE,nodemask=(null),cpuset=user.slice,mems_allowed=0,global_oom,task_memcg=/user.slice/user-1000.slice/user@1000.service/tmux-spawn-beb48c7d-e522-415b-9ecf-0860ebf8b26c.scope,task=python3,pid=2589700,uid=1000
[Sun Jun 14 19:17:04 2026] Out of memory: Killed process 2589700 (python3) total-vm:21707900kB, anon-rss:18389036kB, file-rss:8020kB, shmem-rss:0kB, UID:1000 pgtables:42524kB oom_score_adj:0
[Sun Jun 14 19:18:14 2026] input: Yubico YubiKey OTP+FIDO+CCID as /devices/pci0000:00/0000:00:08.3/0000:c8:00.0/usb3/3-1/3-1.4/3-1.4:1.0/0003:1050:0407.00DF/input/input248
[Sun Jun 14 19:18:14 2026] hid-generic 0003:1050:0407.00DF: input,hidraw1: USB HID v1.10 Keyboard [Yubico YubiKey OTP+FIDO+CCID] on usb-0000:c8:00.0-1.4/input0
[Sun Jun 14 19:18:15 2026] input: Yubico YubiKey OTP+FIDO+CCID as /devices/pci0000:00/0000:00:08.3/0000:c8:00.0/usb3/3-1/3-1.4/3-1.4:1.0/0003:1050:0407.00E0/input/input249
[Sun Jun 14 19:18:15 2026] hid-generic 0003:1050:0407.00E0: input,hidraw1: USB HID v1.10 Keyboard [Yubico YubiKey OTP+FIDO+CCID] on usb-0000:c8:00.0-1.4/input0
[Sun Jun 14 20:35:24 2026] input: Yubico YubiKey OTP+FIDO+CCID as /devices/pci0000:00/0000:00:08.3/0000:c8:00.0/usb3/3-1/3-1.4/3-1.4:1.0/0003:1050:0407.00E1/input/input250
[Sun Jun 14 20:35:24 2026] hid-generic 0003:1050:0407.00E1: input,hidraw1: USB HID v1.10 Keyboard [Yubico YubiKey OTP+FIDO+CCID] on usb-0000:c8:00.0-1.4/input0
[Sun Jun 14 20:35:24 2026] input: Yubico YubiKey OTP+FIDO+CCID as /devices/pci0000:00/0000:00:08.3/0000:c8:00.0/usb3/3-1/3-1.4/3-1.4:1.0/0003:1050:0407.00E2/input/input251
[Sun Jun 14 20:35:25 2026] hid-generic 0003:1050:0407.00E2: input,hidraw1: USB HID v1.10 Keyboard [Yubico YubiKey OTP+FIDO+CCID] on usb-0000:c8:00.0-1.4/input0
[Sun Jun 14 21:11:50 2026] usb 7-1: USB disconnect, device number 62
[Sun Jun 14 21:11:50 2026] usb 7-1.2: USB disconnect, device number 63
[Sun Jun 14 21:11:50 2026] thunderbolt 1-0:2.1: retimer disconnected
[Sun Jun 14 21:11:50 2026] amdgpu 0000:c6:00.0: [drm] DMUB HPD IRQ callback: link_index=6
[Sun Jun 14 21:11:50 2026] thunderbolt 1-2: device disconnected
[Sun Jun 14 21:11:51 2026] usb 7-1.4: USB disconnect, device number 64
[Sun Jun 14 21:11:51 2026] usb 8-1: USB disconnect, device number 42
[Sun Jun 14 21:11:51 2026] usb 8-1.4: USB disconnect, device number 43
[Mon Jun 15 11:15:41 2026] thunderbolt 1-2: new device found, vendor=0x31 device=0x1c53
[Mon Jun 15 11:15:41 2026] thunderbolt 1-2: ASUS-Display PA32QCV
[Mon Jun 15 11:15:41 2026] thunderbolt 1-0:2.1: new retimer found, vendor=0x7fea device=0x1033
[Mon Jun 15 11:15:41 2026] usb 7-1: new high-speed USB device number 65 using xhci_hcd
[Mon Jun 15 11:15:41 2026] usb 7-1: New USB device found, idVendor=1d5c, idProduct=5801, bcdDevice= 1.01
[Mon Jun 15 11:15:41 2026] usb 7-1: New USB device strings: Mfr=1, Product=2, SerialNumber=0
[Mon Jun 15 11:15:41 2026] usb 7-1: Product: USB2.0 Hub
[Mon Jun 15 11:15:41 2026] usb 7-1: Manufacturer: Fresco Logic, Inc.
[Mon Jun 15 11:15:41 2026] hub 7-1:1.0: USB hub found
[Mon Jun 15 11:15:41 2026] hub 7-1:1.0: 4 ports detected
[Mon Jun 15 11:15:42 2026] amdgpu 0000:c6:00.0: [drm] DMUB HPD IRQ callback: link_index=6
[Mon Jun 15 11:15:42 2026] usb 8-1: new SuperSpeed Plus Gen 2x1 USB device number 44 using xhci_hcd
[Mon Jun 15 11:15:42 2026] usb 8-1: New USB device found, idVendor=8087, idProduct=0b40, bcdDevice=12.34
[Mon Jun 15 11:15:42 2026] usb 8-1: New USB device strings: Mfr=1, Product=2, SerialNumber=0
[Mon Jun 15 11:15:42 2026] usb 8-1: Product: USB3.0 Hub
[Mon Jun 15 11:15:42 2026] usb 8-1: Manufacturer: Intel Corporation.
[Mon Jun 15 11:15:42 2026] hub 8-1:1.0: USB hub found
[Mon Jun 15 11:15:42 2026] hub 8-1:1.0: 4 ports detected
[Mon Jun 15 11:15:42 2026] usb 7-1.2: new full-speed USB device number 66 using xhci_hcd
[Mon Jun 15 11:15:42 2026] usb 7-1.2: New USB device found, idVendor=0b05, idProduct=1c55, bcdDevice=17.46
[Mon Jun 15 11:15:42 2026] usb 7-1.2: New USB device strings: Mfr=1, Product=2, SerialNumber=3
[Mon Jun 15 11:15:42 2026] usb 7-1.2: Product: DMC Device
[Mon Jun 15 11:15:42 2026] usb 7-1.2: Manufacturer: Cypress Semiconductor
[Mon Jun 15 11:15:42 2026] usb 7-1.2: SerialNumber: 11AD1D0AA2B17E1921230B00
[Mon Jun 15 11:15:42 2026] usb 7-1.4: new high-speed USB device number 67 using xhci_hcd
[Mon Jun 15 11:15:42 2026] usb 7-1.4: New USB device found, idVendor=0b05, idProduct=0c23, bcdDevice=91.32
[Mon Jun 15 11:15:42 2026] usb 7-1.4: New USB device strings: Mfr=1, Product=2, SerialNumber=0
[Mon Jun 15 11:15:42 2026] usb 7-1.4: Product: USB2.1 Hub
[Mon Jun 15 11:15:42 2026] usb 7-1.4: Manufacturer: Generic
[Mon Jun 15 11:15:42 2026] hub 7-1.4:1.0: USB hub found
[Mon Jun 15 11:15:42 2026] hub 7-1.4:1.0: 4 ports detected
[Mon Jun 15 11:15:43 2026] usb 8-1.4: new SuperSpeed USB device number 45 using xhci_hcd
[Mon Jun 15 11:15:43 2026] usb 8-1.4: New USB device found, idVendor=0b05, idProduct=0411, bcdDevice=91.32
[Mon Jun 15 11:15:43 2026] usb 8-1.4: New USB device strings: Mfr=1, Product=2, SerialNumber=0
[Mon Jun 15 11:15:43 2026] usb 8-1.4: Product: USB3.2 Hub
[Mon Jun 15 11:15:43 2026] usb 8-1.4: Manufacturer: Generic
[Mon Jun 15 11:15:43 2026] hub 8-1.4:1.0: USB hub found
[Mon Jun 15 11:15:43 2026] hub 8-1.4:1.0: 3 ports detected
[Mon Jun 15 11:15:45 2026] input: Yubico YubiKey OTP+FIDO+CCID as /devices/pci0000:00/0000:00:08.3/0000:c8:00.0/usb3/3-1/3-1.4/3-1.4:1.0/0003:1050:0407.00E3/input/input252
[Mon Jun 15 11:15:45 2026] hid-generic 0003:1050:0407.00E3: input,hidraw1: USB HID v1.10 Keyboard [Yubico YubiKey OTP+FIDO+CCID] on usb-0000:c8:00.0-1.4/input0
[Mon Jun 15 11:15:45 2026] input: Yubico YubiKey OTP+FIDO+CCID as /devices/pci0000:00/0000:00:08.3/0000:c8:00.0/usb3/3-1/3-1.4/3-1.4:1.0/0003:1050:0407.00E4/input/input253
[Mon Jun 15 11:15:45 2026] hid-generic 0003:1050:0407.00E4: input,hidraw1: USB HID v1.10 Keyboard [Yubico YubiKey OTP+FIDO+CCID] on usb-0000:c8:00.0-1.4/input0
[Mon Jun 15 16:28:59 2026] thunderbolt 1-0:2.1: retimer disconnected
[Mon Jun 15 16:28:59 2026] usb 7-1: USB disconnect, device number 65
[Mon Jun 15 16:28:59 2026] usb 7-1.2: USB disconnect, device number 66
[Mon Jun 15 16:28:59 2026] amdgpu 0000:c6:00.0: [drm] DMUB HPD IRQ callback: link_index=6
[Mon Jun 15 16:28:59 2026] thunderbolt 1-2: device disconnected
[Mon Jun 15 16:28:59 2026] usb 7-1.4: USB disconnect, device number 67
[Mon Jun 15 16:28:59 2026] usb 8-1: USB disconnect, device number 44
[Mon Jun 15 16:28:59 2026] usb 8-1.4: USB disconnect, device number 45
[Mon Jun 15 18:37:51 2026] thunderbolt 1-2: new device found, vendor=0x31 device=0x1c53
[Mon Jun 15 18:37:51 2026] thunderbolt 1-2: ASUS-Display PA32QCV
[Mon Jun 15 18:37:51 2026] thunderbolt 1-0:2.1: new retimer found, vendor=0x7fea device=0x1033
[Mon Jun 15 18:37:51 2026] usb 7-1: new high-speed USB device number 68 using xhci_hcd
[Mon Jun 15 18:37:51 2026] usb 7-1: New USB device found, idVendor=1d5c, idProduct=5801, bcdDevice= 1.01
[Mon Jun 15 18:37:51 2026] usb 7-1: New USB device strings: Mfr=1, Product=2, SerialNumber=0
[Mon Jun 15 18:37:51 2026] usb 7-1: Product: USB2.0 Hub
[Mon Jun 15 18:37:51 2026] usb 7-1: Manufacturer: Fresco Logic, Inc.
[Mon Jun 15 18:37:51 2026] hub 7-1:1.0: USB hub found
[Mon Jun 15 18:37:51 2026] hub 7-1:1.0: 4 ports detected
[Mon Jun 15 18:37:51 2026] amdgpu 0000:c6:00.0: [drm] DMUB HPD IRQ callback: link_index=6
[Mon Jun 15 18:37:52 2026] usb 8-1: new SuperSpeed Plus Gen 2x1 USB device number 46 using xhci_hcd
[Mon Jun 15 18:37:52 2026] usb 8-1: New USB device found, idVendor=8087, idProduct=0b40, bcdDevice=12.34
[Mon Jun 15 18:37:52 2026] usb 8-1: New USB device strings: Mfr=1, Product=2, SerialNumber=0
[Mon Jun 15 18:37:52 2026] usb 8-1: Product: USB3.0 Hub
[Mon Jun 15 18:37:52 2026] usb 8-1: Manufacturer: Intel Corporation.
[Mon Jun 15 18:37:52 2026] hub 8-1:1.0: USB hub found
[Mon Jun 15 18:37:52 2026] hub 8-1:1.0: 4 ports detected
[Mon Jun 15 18:37:52 2026] usb 7-1.2: new full-speed USB device number 69 using xhci_hcd
[Mon Jun 15 18:37:52 2026] usb 7-1.2: New USB device found, idVendor=0b05, idProduct=1c55, bcdDevice=17.46
[Mon Jun 15 18:37:52 2026] usb 7-1.2: New USB device strings: Mfr=1, Product=2, SerialNumber=3
[Mon Jun 15 18:37:52 2026] usb 7-1.2: Product: DMC Device
[Mon Jun 15 18:37:52 2026] usb 7-1.2: Manufacturer: Cypress Semiconductor
[Mon Jun 15 18:37:52 2026] usb 7-1.2: SerialNumber: 11AD1D0AA2B17E1921230B00
[Mon Jun 15 18:37:52 2026] usb 7-1.4: new high-speed USB device number 70 using xhci_hcd
[Mon Jun 15 18:37:52 2026] usb 7-1.4: New USB device found, idVendor=0b05, idProduct=0c23, bcdDevice=91.32
[Mon Jun 15 18:37:52 2026] usb 7-1.4: New USB device strings: Mfr=1, Product=2, SerialNumber=0
[Mon Jun 15 18:37:52 2026] usb 7-1.4: Product: USB2.1 Hub
[Mon Jun 15 18:37:52 2026] usb 7-1.4: Manufacturer: Generic
[Mon Jun 15 18:37:52 2026] hub 7-1.4:1.0: USB hub found
[Mon Jun 15 18:37:52 2026] hub 7-1.4:1.0: 4 ports detected
[Mon Jun 15 18:37:52 2026] usb 8-1.4: new SuperSpeed USB device number 47 using xhci_hcd
[Mon Jun 15 18:37:52 2026] usb 8-1.4: New USB device found, idVendor=0b05, idProduct=0411, bcdDevice=91.32
[Mon Jun 15 18:37:52 2026] usb 8-1.4: New USB device strings: Mfr=1, Product=2, SerialNumber=0
[Mon Jun 15 18:37:52 2026] usb 8-1.4: Product: USB3.2 Hub
[Mon Jun 15 18:37:52 2026] usb 8-1.4: Manufacturer: Generic
[Mon Jun 15 18:37:52 2026] hub 8-1.4:1.0: USB hub found
[Mon Jun 15 18:37:52 2026] hub 8-1.4:1.0: 3 ports detected
[Mon Jun 15 18:37:54 2026] input: Yubico YubiKey OTP+FIDO+CCID as /devices/pci0000:00/0000:00:08.3/0000:c8:00.0/usb3/3-1/3-1.4/3-1.4:1.0/0003:1050:0407.00E5/input/input254
[Mon Jun 15 18:37:54 2026] hid-generic 0003:1050:0407.00E5: input,hidraw1: USB HID v1.10 Keyboard [Yubico YubiKey OTP+FIDO+CCID] on usb-0000:c8:00.0-1.4/input0
[Mon Jun 15 18:37:54 2026] input: Yubico YubiKey OTP+FIDO+CCID as /devices/pci0000:00/0000:00:08.3/0000:c8:00.0/usb3/3-1/3-1.4/3-1.4:1.0/0003:1050:0407.00E6/input/input255
[Mon Jun 15 18:37:54 2026] hid-generic 0003:1050:0407.00E6: input,hidraw1: USB HID v1.10 Keyboard [Yubico YubiKey OTP+FIDO+CCID] on usb-0000:c8:00.0-1.4/input0
[Mon Jun 15 21:13:18 2026] input: Yubico YubiKey OTP+FIDO+CCID as /devices/pci0000:00/0000:00:08.3/0000:c8:00.0/usb3/3-1/3-1.4/3-1.4:1.0/0003:1050:0407.00E7/input/input256
[Mon Jun 15 21:13:18 2026] hid-generic 0003:1050:0407.00E7: input,hidraw1: USB HID v1.10 Keyboard [Yubico YubiKey OTP+FIDO+CCID] on usb-0000:c8:00.0-1.4/input0
[Mon Jun 15 21:13:19 2026] input: Yubico YubiKey OTP+FIDO+CCID as /devices/pci0000:00/0000:00:08.3/0000:c8:00.0/usb3/3-1/3-1.4/3-1.4:1.0/0003:1050:0407.00E8/input/input257
[Mon Jun 15 21:13:19 2026] hid-generic 0003:1050:0407.00E8: input,hidraw1: USB HID v1.10 Keyboard [Yubico YubiKey OTP+FIDO+CCID] on usb-0000:c8:00.0-1.4/input0
[Mon Jun 15 21:49:07 2026] input: Yubico YubiKey OTP+FIDO+CCID as /devices/pci0000:00/0000:00:08.3/0000:c8:00.0/usb3/3-1/3-1.4/3-1.4:1.0/0003:1050:0407.00E9/input/input258
[Mon Jun 15 21:49:07 2026] hid-generic 0003:1050:0407.00E9: input,hidraw1: USB HID v1.10 Keyboard [Yubico YubiKey OTP+FIDO+CCID] on usb-0000:c8:00.0-1.4/input0
[Mon Jun 15 21:49:07 2026] input: Yubico YubiKey OTP+FIDO+CCID as /devices/pci0000:00/0000:00:08.3/0000:c8:00.0/usb3/3-1/3-1.4/3-1.4:1.0/0003:1050:0407.00EA/input/input259
[Mon Jun 15 21:49:07 2026] hid-generic 0003:1050:0407.00EA: input,hidraw1: USB HID v1.10 Keyboard [Yubico YubiKey OTP+FIDO+CCID] on usb-0000:c8:00.0-1.4/input0
[Mon Jun 15 22:37:09 2026] usb 7-1: USB disconnect, device number 68
[Mon Jun 15 22:37:09 2026] usb 7-1.2: USB disconnect, device number 69
[Mon Jun 15 22:37:09 2026] thunderbolt 1-0:2.1: retimer disconnected
[Mon Jun 15 22:37:09 2026] usb 7-1.4: USB disconnect, device number 70
[Mon Jun 15 22:37:09 2026] amdgpu 0000:c6:00.0: [drm] DMUB HPD IRQ callback: link_index=6
[Mon Jun 15 22:37:09 2026] thunderbolt 1-2: device disconnected
[Mon Jun 15 22:37:09 2026] usb 8-1: USB disconnect, device number 46
[Mon Jun 15 22:37:09 2026] usb 8-1.4: USB disconnect, device number 47
[Tue Jun 16 07:44:35 2026] thunderbolt 1-2: new device found, vendor=0x31 device=0x1c53
[Tue Jun 16 07:44:35 2026] thunderbolt 1-2: ASUS-Display PA32QCV
[Tue Jun 16 07:44:35 2026] thunderbolt 1-0:2.1: new retimer found, vendor=0x7fea device=0x1033
[Tue Jun 16 07:44:35 2026] usb 7-1: new high-speed USB device number 71 using xhci_hcd
[Tue Jun 16 07:44:35 2026] usb 7-1: New USB device found, idVendor=1d5c, idProduct=5801, bcdDevice= 1.01
[Tue Jun 16 07:44:35 2026] usb 7-1: New USB device strings: Mfr=1, Product=2, SerialNumber=0
[Tue Jun 16 07:44:35 2026] usb 7-1: Product: USB2.0 Hub
[Tue Jun 16 07:44:35 2026] usb 7-1: Manufacturer: Fresco Logic, Inc.
[Tue Jun 16 07:44:35 2026] hub 7-1:1.0: USB hub found
[Tue Jun 16 07:44:35 2026] hub 7-1:1.0: 4 ports detected
[Tue Jun 16 07:44:36 2026] amdgpu 0000:c6:00.0: [drm] DMUB HPD IRQ callback: link_index=6
[Tue Jun 16 07:44:36 2026] usb 8-1: new SuperSpeed Plus Gen 2x1 USB device number 48 using xhci_hcd
[Tue Jun 16 07:44:36 2026] usb 8-1: New USB device found, idVendor=8087, idProduct=0b40, bcdDevice=12.34
[Tue Jun 16 07:44:36 2026] usb 8-1: New USB device strings: Mfr=1, Product=2, SerialNumber=0
[Tue Jun 16 07:44:36 2026] usb 8-1: Product: USB3.0 Hub
[Tue Jun 16 07:44:36 2026] usb 8-1: Manufacturer: Intel Corporation.
[Tue Jun 16 07:44:36 2026] hub 8-1:1.0: USB hub found
[Tue Jun 16 07:44:36 2026] hub 8-1:1.0: 4 ports detected
[Tue Jun 16 07:44:36 2026] usb 7-1.2: new full-speed USB device number 72 using xhci_hcd
[Tue Jun 16 07:44:36 2026] usb 7-1.2: New USB device found, idVendor=0b05, idProduct=1c55, bcdDevice=17.46
[Tue Jun 16 07:44:36 2026] usb 7-1.2: New USB device strings: Mfr=1, Product=2, SerialNumber=3
[Tue Jun 16 07:44:36 2026] usb 7-1.2: Product: DMC Device
[Tue Jun 16 07:44:36 2026] usb 7-1.2: Manufacturer: Cypress Semiconductor
[Tue Jun 16 07:44:36 2026] usb 7-1.2: SerialNumber: 11AD1D0AA2B17E1921230B00
[Tue Jun 16 07:44:36 2026] usb 7-1.4: new high-speed USB device number 73 using xhci_hcd
[Tue Jun 16 07:44:36 2026] usb 7-1.4: New USB device found, idVendor=0b05, idProduct=0c23, bcdDevice=91.32
[Tue Jun 16 07:44:36 2026] usb 7-1.4: New USB device strings: Mfr=1, Product=2, SerialNumber=0
[Tue Jun 16 07:44:36 2026] usb 7-1.4: Product: USB2.1 Hub
[Tue Jun 16 07:44:36 2026] usb 7-1.4: Manufacturer: Generic
[Tue Jun 16 07:44:36 2026] hub 7-1.4:1.0: USB hub found
[Tue Jun 16 07:44:36 2026] hub 7-1.4:1.0: 4 ports detected
[Tue Jun 16 07:44:37 2026] usb 8-1.4: new SuperSpeed USB device number 49 using xhci_hcd
[Tue Jun 16 07:44:37 2026] usb 8-1.4: New USB device found, idVendor=0b05, idProduct=0411, bcdDevice=91.32
[Tue Jun 16 07:44:37 2026] usb 8-1.4: New USB device strings: Mfr=1, Product=2, SerialNumber=0
[Tue Jun 16 07:44:37 2026] usb 8-1.4: Product: USB3.2 Hub
[Tue Jun 16 07:44:37 2026] usb 8-1.4: Manufacturer: Generic
[Tue Jun 16 07:44:37 2026] hub 8-1.4:1.0: USB hub found
[Tue Jun 16 07:44:37 2026] hub 8-1.4:1.0: 3 ports detected
[Tue Jun 16 07:44:44 2026] input: Yubico YubiKey OTP+FIDO+CCID as /devices/pci0000:00/0000:00:08.3/0000:c8:00.0/usb3/3-1/3-1.4/3-1.4:1.0/0003:1050:0407.00EB/input/input260
[Tue Jun 16 07:44:44 2026] hid-generic 0003:1050:0407.00EB: input,hidraw1: USB HID v1.10 Keyboard [Yubico YubiKey OTP+FIDO+CCID] on usb-0000:c8:00.0-1.4/input0
[Tue Jun 16 07:44:44 2026] input: Yubico YubiKey OTP+FIDO+CCID as /devices/pci0000:00/0000:00:08.3/0000:c8:00.0/usb3/3-1/3-1.4/3-1.4:1.0/0003:1050:0407.00EC/input/input261
[Tue Jun 16 07:44:44 2026] hid-generic 0003:1050:0407.00EC: input,hidraw1: USB HID v1.10 Keyboard [Yubico YubiKey OTP+FIDO+CCID] on usb-0000:c8:00.0-1.4/input0
[Tue Jun 16 08:19:19 2026] thunderbolt 1-0:2.1: retimer disconnected
[Tue Jun 16 08:19:19 2026] usb 7-1: USB disconnect, device number 71
[Tue Jun 16 08:19:19 2026] usb 7-1.2: USB disconnect, device number 72
[Tue Jun 16 08:19:19 2026] amdgpu 0000:c6:00.0: [drm] DMUB HPD IRQ callback: link_index=6
[Tue Jun 16 08:19:19 2026] thunderbolt 1-2: device disconnected
[Tue Jun 16 08:19:19 2026] usb 7-1.4: USB disconnect, device number 73
[Tue Jun 16 08:19:19 2026] usb 8-1: USB disconnect, device number 48
[Tue Jun 16 08:19:19 2026] usb 8-1.4: USB disconnect, device number 49
[Tue Jun 16 09:35:27 2026] thunderbolt 1-2: new device found, vendor=0x31 device=0x1c53
[Tue Jun 16 09:35:27 2026] thunderbolt 1-2: ASUS-Display PA32QCV
[Tue Jun 16 09:35:27 2026] thunderbolt 1-0:2.1: new retimer found, vendor=0x7fea device=0x1033
[Tue Jun 16 09:35:28 2026] usb 7-1: new high-speed USB device number 74 using xhci_hcd
[Tue Jun 16 09:35:28 2026] usb 7-1: New USB device found, idVendor=1d5c, idProduct=5801, bcdDevice= 1.01
[Tue Jun 16 09:35:28 2026] usb 7-1: New USB device strings: Mfr=1, Product=2, SerialNumber=0
[Tue Jun 16 09:35:28 2026] usb 7-1: Product: USB2.0 Hub
[Tue Jun 16 09:35:28 2026] usb 7-1: Manufacturer: Fresco Logic, Inc.
[Tue Jun 16 09:35:28 2026] hub 7-1:1.0: USB hub found
[Tue Jun 16 09:35:28 2026] hub 7-1:1.0: 4 ports detected
[Tue Jun 16 09:35:28 2026] amdgpu 0000:c6:00.0: [drm] DMUB HPD IRQ callback: link_index=6
[Tue Jun 16 09:35:28 2026] usb 8-1: new SuperSpeed Plus Gen 2x1 USB device number 50 using xhci_hcd
[Tue Jun 16 09:35:28 2026] usb 8-1: New USB device found, idVendor=8087, idProduct=0b40, bcdDevice=12.34
[Tue Jun 16 09:35:28 2026] usb 8-1: New USB device strings: Mfr=1, Product=2, SerialNumber=0
[Tue Jun 16 09:35:28 2026] usb 8-1: Product: USB3.0 Hub
[Tue Jun 16 09:35:28 2026] usb 8-1: Manufacturer: Intel Corporation.
[Tue Jun 16 09:35:28 2026] hub 8-1:1.0: USB hub found
[Tue Jun 16 09:35:28 2026] hub 8-1:1.0: 4 ports detected
[Tue Jun 16 09:35:28 2026] usb 7-1.2: new full-speed USB device number 75 using xhci_hcd
[Tue Jun 16 09:35:29 2026] usb 7-1.2: New USB device found, idVendor=0b05, idProduct=1c55, bcdDevice=17.46
[Tue Jun 16 09:35:29 2026] usb 7-1.2: New USB device strings: Mfr=1, Product=2, SerialNumber=3
[Tue Jun 16 09:35:29 2026] usb 7-1.2: Product: DMC Device
[Tue Jun 16 09:35:29 2026] usb 7-1.2: Manufacturer: Cypress Semiconductor
[Tue Jun 16 09:35:29 2026] usb 7-1.2: SerialNumber: 11AD1D0AA2B17E1921230B00
[Tue Jun 16 09:35:29 2026] usb 7-1.4: new high-speed USB device number 76 using xhci_hcd
[Tue Jun 16 09:35:29 2026] usb 7-1.4: New USB device found, idVendor=0b05, idProduct=0c23, bcdDevice=91.32
[Tue Jun 16 09:35:29 2026] usb 7-1.4: New USB device strings: Mfr=1, Product=2, SerialNumber=0
[Tue Jun 16 09:35:29 2026] usb 7-1.4: Product: USB2.1 Hub
[Tue Jun 16 09:35:29 2026] usb 7-1.4: Manufacturer: Generic
[Tue Jun 16 09:35:29 2026] hub 7-1.4:1.0: USB hub found
[Tue Jun 16 09:35:29 2026] hub 7-1.4:1.0: 4 ports detected
[Tue Jun 16 09:35:29 2026] usb 8-1.4: new SuperSpeed USB device number 51 using xhci_hcd
[Tue Jun 16 09:35:29 2026] usb 8-1.4: New USB device found, idVendor=0b05, idProduct=0411, bcdDevice=91.32
[Tue Jun 16 09:35:29 2026] usb 8-1.4: New USB device strings: Mfr=1, Product=2, SerialNumber=0
[Tue Jun 16 09:35:29 2026] usb 8-1.4: Product: USB3.2 Hub
[Tue Jun 16 09:35:29 2026] usb 8-1.4: Manufacturer: Generic
[Tue Jun 16 09:35:29 2026] hub 8-1.4:1.0: USB hub found
[Tue Jun 16 09:35:29 2026] hub 8-1.4:1.0: 3 ports detected
[Tue Jun 16 09:35:31 2026] input: Yubico YubiKey OTP+FIDO+CCID as /devices/pci0000:00/0000:00:08.3/0000:c8:00.0/usb3/3-1/3-1.4/3-1.4:1.0/0003:1050:0407.00ED/input/input262
[Tue Jun 16 09:35:31 2026] hid-generic 0003:1050:0407.00ED: input,hidraw1: USB HID v1.10 Keyboard [Yubico YubiKey OTP+FIDO+CCID] on usb-0000:c8:00.0-1.4/input0
[Tue Jun 16 09:35:31 2026] input: Yubico YubiKey OTP+FIDO+CCID as /devices/pci0000:00/0000:00:08.3/0000:c8:00.0/usb3/3-1/3-1.4/3-1.4:1.0/0003:1050:0407.00EE/input/input263
[Tue Jun 16 09:35:31 2026] hid-generic 0003:1050:0407.00EE: input,hidraw1: USB HID v1.10 Keyboard [Yubico YubiKey OTP+FIDO+CCID] on usb-0000:c8:00.0-1.4/input0
[Tue Jun 16 10:09:41 2026] claude invoked oom-killer: gfp_mask=0x140cca(GFP_HIGHUSER_MOVABLE|__GFP_COMP), order=0, oom_score_adj=0
[Tue Jun 16 10:09:41 2026] CPU: 9 UID: 1000 PID: 3713565 Comm: claude Kdump: loaded Tainted: P S         O        7.0.9 #1-NixOS PREEMPT(lazy) 
[Tue Jun 16 10:09:41 2026] Tainted: [P]=PROPRIETARY_MODULE, [S]=CPU_OUT_OF_SPEC, [O]=OOT_MODULE
[Tue Jun 16 10:09:41 2026] Hardware name: GEEKOM A9 Max/A9 Max, BIOS 0.18 06/26/2025
[Tue Jun 16 10:09:41 2026] Call Trace:
[Tue Jun 16 10:09:41 2026]  <TASK>
[Tue Jun 16 10:09:41 2026]  dump_stack_lvl+0x5d/0x80
[Tue Jun 16 10:09:41 2026]  dump_header+0x43/0x1b3
[Tue Jun 16 10:09:41 2026]  oom_kill_process.cold+0x8/0x89
[Tue Jun 16 10:09:41 2026]  out_of_memory+0x208/0x500
[Tue Jun 16 10:09:41 2026]  __alloc_frozen_pages_noprof+0x1389/0x14f0
[Tue Jun 16 10:09:41 2026]  alloc_pages_mpol+0x7d/0x160
[Tue Jun 16 10:09:41 2026]  folio_alloc_noprof+0x5b/0xb0
[Tue Jun 16 10:09:41 2026]  __filemap_get_folio_mpol+0x1b7/0x370
[Tue Jun 16 10:09:41 2026]  filemap_fault+0x112/0x1250
[Tue Jun 16 10:09:41 2026]  __do_fault+0x33/0x180
[Tue Jun 16 10:09:41 2026]  do_fault+0x2ee/0x530
[Tue Jun 16 10:09:41 2026]  __handle_mm_fault+0x965/0xf90
[Tue Jun 16 10:09:41 2026]  handle_mm_fault+0xec/0x2e0
[Tue Jun 16 10:09:41 2026]  do_user_addr_fault+0x211/0x670
[Tue Jun 16 10:09:41 2026]  exc_page_fault+0x6c/0x170
[Tue Jun 16 10:09:41 2026]  asm_exc_page_fault+0x26/0x30
[Tue Jun 16 10:09:41 2026] RIP: 0033:0x4b8bb70
[Tue Jun 16 10:09:41 2026] Code: Unable to access opcode bytes at 0x4b8bb46.
[Tue Jun 16 10:09:41 2026] RSP: 002b:00007ffef3e59ba8 EFLAGS: 00010246
[Tue Jun 16 10:09:41 2026] RAX: 0000748dd800cc4c RBX: 0000748dd80d80c0 RCX: 0000000000000004
[Tue Jun 16 10:09:41 2026] RDX: 0000000000000000 RSI: 0000000000000000 RDI: 0000748dd80e4100
[Tue Jun 16 10:09:41 2026] RBP: 00007ffef3e59c50 R08: 0000000000000000 R09: 0000748dd8018041
[Tue Jun 16 10:09:41 2026] R10: 0000000000000000 R11: 0000000000000000 R12: 0000748dd80e4100
[Tue Jun 16 10:09:41 2026] R13: 0000748dd80e4100 R14: 0000748dd80e8480 R15: 0000748dd80e4168
[Tue Jun 16 10:09:41 2026]  </TASK>
[Tue Jun 16 10:09:41 2026] Mem-Info:
[Tue Jun 16 10:09:41 2026] active_anon:3949026 inactive_anon:1642200 isolated_anon:0
                            active_file:0 inactive_file:1528 isolated_file:0
                            unevictable:19208 dirty:0 writeback:2
                            slab_reclaimable:116744 slab_unreclaimable:286291
                            mapped:8852 shmem:639 pagetables:23767
                            sec_pagetables:1255 bounce:0
                            kernel_misc_reclaimable:0
                            free:82005 free_pcp:103 free_cma:0
[Tue Jun 16 10:09:41 2026] Node 0 active_anon:15796104kB inactive_anon:6568800kB active_file:0kB inactive_file:6112kB unevictable:76832kB isolated(anon):0kB isolated(file):0kB mapped:35408kB dirty:0kB writeback:8kB shmem:2556kB shmem_thp:0kB shmem_pmdmapped:0kB anon_thp:0kB kernel_stack:17824kB pagetables:95068kB sec_pagetables:5020kB all_unreclaimable? no Balloon:0kB
[Tue Jun 16 10:09:41 2026] Node 0 DMA free:11264kB boost:0kB min:36kB low:48kB high:60kB reserved_highatomic:0KB free_highatomic:0KB active_anon:0kB inactive_anon:0kB active_file:0kB inactive_file:0kB unevictable:0kB writepending:0kB zspages:0kB present:15996kB managed:15360kB mlocked:0kB bounce:0kB free_pcp:0kB local_pcp:0kB free_cma:0kB
[Tue Jun 16 10:09:41 2026] lowmem_reserve[]: 0 1473 27520 27520 27520
[Tue Jun 16 10:09:41 2026] Node 0 DMA32 free:108128kB boost:0kB min:3620kB low:5128kB high:6636kB reserved_highatomic:0KB free_highatomic:0KB active_anon:807984kB inactive_anon:382400kB active_file:0kB inactive_file:424kB unevictable:0kB writepending:0kB zspages:65612kB present:1711856kB managed:1509332kB mlocked:0kB bounce:0kB free_pcp:60kB local_pcp:0kB free_cma:0kB
[Tue Jun 16 10:09:41 2026] lowmem_reserve[]: 0 0 26046 26046 26046
[Tue Jun 16 10:09:41 2026] Node 0 Normal free:208628kB boost:139264kB min:203188kB low:229832kB high:256476kB reserved_highatomic:0KB free_highatomic:0KB active_anon:14987520kB inactive_anon:6186516kB active_file:488kB inactive_file:5364kB unevictable:76832kB writepending:8kB zspages:1979608kB present:27231744kB managed:26671768kB mlocked:76824kB bounce:0kB free_pcp:400kB local_pcp:0kB free_cma:0kB
[Tue Jun 16 10:09:41 2026] lowmem_reserve[]: 0 0 0 0 0
[Tue Jun 16 10:09:41 2026] Node 0 DMA: 0*4kB 0*8kB 0*16kB 0*32kB 0*64kB 0*128kB 0*256kB 0*512kB 1*1024kB (U) 1*2048kB (M) 2*4096kB (M) = 11264kB
[Tue Jun 16 10:09:41 2026] Node 0 DMA32: 966*4kB (UME) 530*8kB (UME) 269*16kB (UME) 478*32kB (UME) 375*64kB (UME) 164*128kB (UME) 79*256kB (UME) 27*512kB (UME) 1*1024kB (U) 0*2048kB 0*4096kB = 107768kB
[Tue Jun 16 10:09:41 2026] Node 0 Normal: 3677*4kB (UME) 473*8kB (UME) 387*16kB (UME) 535*32kB (UME) 31*64kB (UME) 493*128kB (UME) 158*256kB (UME) 110*512kB (UE) 2*1024kB (UM) 0*2048kB 0*4096kB = 205708kB
[Tue Jun 16 10:09:41 2026] Node 0 hugepages_total=0 hugepages_free=0 hugepages_surp=0 hugepages_size=1048576kB
[Tue Jun 16 10:09:41 2026] Node 0 hugepages_total=0 hugepages_free=0 hugepages_surp=0 hugepages_size=2048kB
[Tue Jun 16 10:09:41 2026] 10307 total pagecache pages
[Tue Jun 16 10:09:41 2026] 1340 pages in swap cache
[Tue Jun 16 10:09:41 2026] Free swap  = 56kB
[Tue Jun 16 10:09:41 2026] Total swap = 14097916kB
[Tue Jun 16 10:09:41 2026] 7239899 pages RAM
[Tue Jun 16 10:09:41 2026] 0 pages HighMem/MovableOnly
[Tue Jun 16 10:09:41 2026] 190784 pages reserved
[Tue Jun 16 10:09:41 2026] 0 pages cma reserved
[Tue Jun 16 10:09:41 2026] 0 pages hwpoisoned
[Tue Jun 16 10:09:41 2026] Memory allocations (profiling is currently turned on):
[Tue Jun 16 10:09:41 2026]     15.0 GiB  3934994 mm/memory.c:1204 func:folio_prealloc
[Tue Jun 16 10:09:41 2026]     6.35 GiB  1664040 mm/memory.c:4542 func:__alloc_swap_folio
[Tue Jun 16 10:09:41 2026]     1.50 GiB   107507 mm/slub.c:3292 func:alloc_slab_page
[Tue Jun 16 10:09:41 2026]     1.22 GiB   319269 mm/compaction.c:1847 func:compaction_alloc
[Tue Jun 16 10:09:41 2026]      753 MiB   192658 mm/zsmalloc.c:239 func:alloc_zpdesc
[Tue Jun 16 10:09:41 2026]      609 MiB    27568 /build/source/module/os/linux/zfs/abd_os.c:295 [abd_os] func:abd_alloc_chunks
[Tue Jun 16 10:09:41 2026]      409 MiB   105104 /build/source/module/os/linux/spl/spl-kmem-cache.c:145 [spl_kmem_cache] func:kv_alloc
[Tue Jun 16 10:09:41 2026]      162 MiB      246 drivers/gpu/drm/ttm/ttm_pool.c:161 [ttm] func:ttm_pool_alloc_page
[Tue Jun 16 10:09:41 2026]      141 MiB   166971 /build/source/module/os/linux/spl/spl-kmem-cache.c:1222 [spl_kmem_cache] func:spl_kmem_cache_alloc
[Tue Jun 16 10:09:41 2026]     82.5 MiB    21111 arch/x86/mm/pgtable.c:18 func:pte_alloc_one
[Tue Jun 16 10:09:41 2026] Memory cgroup min protection 0kB -- low protection 0kB
[Tue Jun 16 10:09:41 2026] Tasks state (memory values in pages):
[Tue Jun 16 10:09:41 2026] [  pid  ]   uid  tgid total_vm      rss rss_anon rss_file rss_shmem pgtables_bytes swapents oom_score_adj name
[Tue Jun 16 10:09:41 2026] [   1275]     0  1275    51645      906      198      706         2   434176      592          -250 systemd-journal
[Tue Jun 16 10:09:41 2026] [   1290]     0  1290    10573     1440      696      744         0    98304      468         -1000 systemd-udevd
[Tue Jun 16 10:09:41 2026] [   1307]   154  1307    24216      834       42      792         0    98304      317             0 systemd-timesyn
[Tue Jun 16 10:09:41 2026] [   1512]   992  1512     4393      762       44      718         0    77824      246          -900 systemd-oomd
[Tue Jun 16 10:09:41 2026] [   1708]   999  1708     1805      521      145      376         0    57344       55             0 avahi-daemon
[Tue Jun 16 10:09:41 2026] [   1709]     0  1709     3325      511      160      351         0    73728      201             0 bluetoothd
[Tue Jun 16 10:09:41 2026] [   1713]     4  1713     4678     1210      394      816         0    81920      311          -900 dbus-daemon
[Tue Jun 16 10:09:41 2026] [   1714]     0  1714    10350    10340     9753      587         0   126976        0             0 keyd
[Tue Jun 16 10:09:41 2026] [   1725]     0  1725    43988      675       39      636         0    98304      336             0 zed
[Tue Jun 16 10:09:41 2026] [   1760]     0  1760     5152      922      141      781         0    86016      262             0 systemd-logind
[Tue Jun 16 10:09:41 2026] [   1911]  1000  1911     5974     1468      359     1109         0    86016      396           100 systemd
[Tue Jun 16 10:09:41 2026] [   1936]  1000  1936     6817      296        2      294         0    86016      479           100 (sd-pam)
[Tue Jun 16 10:09:41 2026] [   2000]  1000  2000     1846      746      237      509         0    57344       56           200 dbus-daemon
[Tue Jun 16 10:09:41 2026] [   2004]  1000  2004     2078       29       23        6         0    53248      603           200 ra-multiplex
[Tue Jun 16 10:09:41 2026] [   2008]  1000  2008   178387     3705     3034      671         0   995328    83020           200 emacs
[Tue Jun 16 10:09:41 2026] [   2083]     0  2083    84842     1581      490     1091         0   167936      707             0 NetworkManager
[Tue Jun 16 10:09:41 2026] [   2214]     0  2214     4853     1471      162     1309         0    81920      415             0 wpa_supplicant
[Tue Jun 16 10:09:41 2026] [   2238]   995  2238   403314      459       17      442         0   172032      759             0 node_exporter
[Tue Jun 16 10:09:41 2026] [   2239]     0  2239     3045     1094       47     1047         0    65536      261         -1000 sshd
[Tue Jun 16 10:09:41 2026] [   2252]     0  2252      961      954      129      825         0    53248        0             0 greetd
[Tue Jun 16 10:09:41 2026] [   2265]    71  2265   293037     1261       54     1170        37   233472      486             0 .postgres-wrapp
[Tue Jun 16 10:09:41 2026] [   2277]    71  2277   293065      593       39      526        28   167936      511             0 .postgres-wrapp
[Tue Jun 16 10:09:41 2026] [   2278]    71  2278   293037      439       42      371        26   159744      503             0 .postgres-wrapp
[Tue Jun 16 10:09:41 2026] [   2281]    71  2281   293037      439       35      385        19   159744      509             0 .postgres-wrapp
[Tue Jun 16 10:09:41 2026] [   2282]    71  2282   293429      614       70      501        43   163840      544             0 .postgres-wrapp
[Tue Jun 16 10:09:41 2026] [   2283]    71  2283   293401      520       63      424        33   139264      539             0 .postgres-wrapp
[Tue Jun 16 10:09:41 2026] [   2289]     0  2289     9285     9278     2389     6889         0   118784        0             0 greetd
[Tue Jun 16 10:09:41 2026] [   2298]  1000  2298   453317     1478      706      772         0   843776    11516             0 sway
[Tue Jun 16 10:09:41 2026] [   2355]  1000  2355    32053      679        0      679         0   143360     1668             0 .mako-wrapped
[Tue Jun 16 10:09:41 2026] [   2356]  1000  2356     1546      850        0      850         0    53248       71             0 swayidle
[Tue Jun 16 10:09:41 2026] [   2384]  1000  2384      919      534        0      534         0    49152       39             0 swaymsg
[Tue Jun 16 10:09:41 2026] [   2386]  1000  2386     1990      252        0      252         0    53248      143             0 sway-output-mon
[Tue Jun 16 10:09:41 2026] [   2388]  1000  2388      919      534        0      534         0    53248       39             0 swaymsg
[Tue Jun 16 10:09:41 2026] [   2389]  1000  2389     1990      288        0      288         0    53248      144             0 bash
[Tue Jun 16 10:09:41 2026] [   2402]  1000  2402     3028      735        2      733         0    69632      211           200 socat
[Tue Jun 16 10:09:41 2026] [   2405]  1000  2405    61428     2395      477     1918         0    90112     1386           200 .keyd-applicati
[Tue Jun 16 10:09:41 2026] [   2410]  1000  2410   851006     3820      757     3063         0  2289664   114124             0 .kitty-wrapped
[Tue Jun 16 10:09:41 2026] [   2412]  1000  2412   105738      874        0      874         0   196608     1929             0 polkit-gnome-au
[Tue Jun 16 10:09:41 2026] [   2548]  1000  2548   247546     1297      289     1008         0   208896      689           200 .xdg-desktop-po
[Tue Jun 16 10:09:41 2026] [   2597]  1000  2597   133428      642        2      640         0   110592      152           200 .xdg-permission
[Tue Jun 16 10:09:41 2026] [   2633]  1000  2633   246730      774       89      685         0   180224      115           200 .xdg-document-p
[Tue Jun 16 10:09:41 2026] [   2654]  1000  2654      668      479        1      478         0    49152       27           200 fusermount3
[Tue Jun 16 10:09:41 2026] [   2658]  1000  2658   344212     1408      530      878         0   389120    12764           200 .xdg-desktop-po
[Tue Jun 16 10:09:41 2026] [   2712]  1000  2712   312212        2        0        2         0   147456     2044             0 kitten
[Tue Jun 16 10:09:41 2026] [   2749]  1000  2749   335585     2448     1961      487         0  2727936   275767             0 tmux: server
[Tue Jun 16 10:09:41 2026] [   2767]  1000  2767     2968      604        3      601         0    73728     1131             0 bash
[Tue Jun 16 10:09:41 2026] [   2783]  1000  2783     2968      637        3      634         0    73728     1148             0 bash
[Tue Jun 16 10:09:41 2026] [   2822]  1000  2822    41137      644       99      545         0    81920      118           200 playerctld
[Tue Jun 16 10:09:41 2026] [   2949]  1000  2949    79855      756      102      654         0   122880      430             0 nmcli
[Tue Jun 16 10:09:41 2026] [   2950]  1000  2950     1990      298        0      298         0    57344      146             0 vpn-status
[Tue Jun 16 10:09:41 2026] [   3412]   994  3412   173613     1814      377     1437         0   159744      586             0 nsncd
[Tue Jun 16 10:09:41 2026] [   3523]  1000  3523    80196      472        0      472         0   114688      315             0 .gnome-keyring-
[Tue Jun 16 10:09:41 2026] [   6817]  1000  6817     2953      591        6      585         0    57344     1135             0 bash
[Tue Jun 16 10:09:41 2026] [   6945]  1000  6945     2968      620        3      617         0    73728     1131             0 bash
[Tue Jun 16 10:09:41 2026] [  11410]     0 11410   159658     1590        7     1583         0   253952     1495             0 nix-daemon
[Tue Jun 16 10:09:41 2026] [  42332]  1000 42332   417583       36       32        4         0  2793472   313904           200 semgrep-core
[Tue Jun 16 10:09:41 2026] [  74302]  1000 74302      669      385       11      374         0    49152       21             0 emacsclient
[Tue Jun 16 10:09:41 2026] [  74865]  1000 74865     3101      633       21      612         0    61440     1256             0 bash
[Tue Jun 16 10:09:41 2026] [  83658]  1000 83658   114831     2246     1010     1230         6   217088     7435           200 pipewire
[Tue Jun 16 10:09:41 2026] [  83659]  1000 83659   101656     1253      276      977         0   135168     2064           200 pipewire-pulse
[Tue Jun 16 10:09:41 2026] [  83660]  1000 83660   235798     2573      841     1732         0   221184     1091           200 wireplumber
[Tue Jun 16 10:09:41 2026] [  83688]  1000 83688    21011      619       53      566         0    73728      174           200 .xdg-desktop-po
[Tue Jun 16 10:09:41 2026] [ 308238]  1000 308238     3180      694       55      639         0    69632     1308             0 bash
[Tue Jun 16 10:09:41 2026] [ 399920]  1000 399920  1583457     2646     1884      762         0  1409024     5894             0 yazi
[Tue Jun 16 10:09:41 2026] [ 406435]  1000 406435   171886      893        0      893         0   266240     9921           200 wezterm-mux-ser
[Tue Jun 16 10:09:41 2026] [ 406440]  1000 406440    58937      472        0      472         0    73728     1131           200 bash
[Tue Jun 16 10:09:41 2026] [ 596505]  1000 596505    59377      571        0      571         0    77824      192           200 aspell
[Tue Jun 16 10:09:41 2026] [1047720]  1000 1047720     1625      521        0      521         0    57344       63             0 inotifywait
[Tue Jun 16 10:09:41 2026] [1047721]  1000 1047721     1990      341        0      341         0    61440      152             0 file-watcher.sh
[Tue Jun 16 10:09:41 2026] [1795054]  1000 1795054     2969      636        3      633         0    69632     1153             0 bash
[Tue Jun 16 10:09:41 2026] [3503506]  1000 3503506     3005      689       55      634         0    69632     1132             0 bash
[Tue Jun 16 10:09:41 2026] [3660553]  1000 3660553     2239      399       14      383         2    65536      213             0 httpd
[Tue Jun 16 10:09:41 2026] [3660555]  1000 3660555     2239      169        6      161         2    65536      225             0 httpd
[Tue Jun 16 10:09:41 2026] [3660556]  1000 3660556     2239      169        6      161         2    65536      225             0 httpd
[Tue Jun 16 10:09:41 2026] [3660557]  1000 3660557     2239      169        6      161         2    65536      225             0 httpd
[Tue Jun 16 10:09:41 2026] [3660558]  1000 3660558     2239      169        6      161         2    65536      225             0 httpd
[Tue Jun 16 10:09:41 2026] [3660559]  1000 3660559     2239      169        6      161         2    65536      225             0 httpd
[Tue Jun 16 10:09:41 2026] [3663065]  1000 3663065     2970      663        3      660         0    69632     1155             0 bash
[Tue Jun 16 10:09:41 2026] [3664117]  1000 3664117  1525850     1408      738      670         0  1048576    58292           200 Microsoft.Pytho
[Tue Jun 16 10:09:41 2026] [ 431470]  1000 431470     3010      631        3      628         0    69632     1185             0 bash
[Tue Jun 16 10:09:41 2026] [ 524545]  1000 524545   740724     1556      628      928         0   507904     5576             0 .waybar-wrapped
[Tue Jun 16 10:09:41 2026] [2581079]  1000 2581079     3027      618       17      601         0    65536     1176             0 bash
[Tue Jun 16 10:09:41 2026] [2631337]  1000 2631337     3229      631        3      628         0    65536     1381             0 bash
[Tue Jun 16 10:09:41 2026] [ 253097]  1000 253097     3029      647        3      644         0    69632     1210             0 bash
[Tue Jun 16 10:09:41 2026] [1678811]  1000 1678811     3017      596        0      596         0    65536     1213             0 bash
[Tue Jun 16 10:09:41 2026] [1679013]  1000 1679013     2791      755       29      726         0    65536      130             0 tmux: client
[Tue Jun 16 10:09:41 2026] [2645199]  1000 2645199     3033      666        6      660         0    65536     1223             0 bash
[Tue Jun 16 10:09:41 2026] [ 443596]  1000 443596   530321     1011      610      401         0   225280      234           200 .ssh-agent-guar
[Tue Jun 16 10:09:41 2026] [ 443600]  1000 443600    42025      636       42      594         0   122880      431           200 atuin
[Tue Jun 16 10:09:41 2026] [ 839109]  1000 839109     2791      756       30      726         0    65536      129             0 tmux: client
[Tue Jun 16 10:09:41 2026] [ 849019]  1000 849019     3043      633        0      633         0    65536     1240             0 bash
[Tue Jun 16 10:09:41 2026] [ 854438]    28 854438    96380      948      143      805         0   122880      409             0 polkitd
[Tue Jun 16 10:09:41 2026] [ 865816]  1000 865816     3034      614        3      611         0    65536     1228             0 bash
[Tue Jun 16 10:09:41 2026] [1579017]  1000 1579017     2791      757       29      728         0    65536      130             0 tmux: client
[Tue Jun 16 10:09:41 2026] [1579019]  1000 1579019     3036      663       41      622         0    69632     1192             0 bash
[Tue Jun 16 10:09:41 2026] [1579180]  1000 1579180     3259      692       41      651         0    65536     1354             0 bash
[Tue Jun 16 10:09:41 2026] [1586586]  1000 1586586 365071234     1678     1549      129         0  1802240    14546             0 1password
[Tue Jun 16 10:09:41 2026] [1586592]  1000 1586592  8522391       85       13       72         0   389120     2437             0 1password
[Tue Jun 16 10:09:41 2026] [1586593]  1000 1586593  8522388       97        1       96         0   421888     2425             0 1password
[Tue Jun 16 10:09:41 2026] [1586605]  1000 1586605  8522395        1        0        1         0   237568     2452             0 1password
[Tue Jun 16 10:09:41 2026] [1586695]  1000 1586695  8656723      148       95       53         0  1302528    32811           200 1password
[Tue Jun 16 10:09:41 2026] [1586698]  1000 1586698  8475429      148       35      113         0   487424     2676             0 1password
[Tue Jun 16 10:09:41 2026] [1586704]  1000 1586704   253532      976        0      976         0   540672     6039             0 Xwayland
[Tue Jun 16 10:09:41 2026] [1625852]  1000 1625852     3205      637        0      637         0    65536     1349             0 bash
[Tue Jun 16 10:09:41 2026] [1654499]  1000 1654499    92745     2946        0     2946         0   204800    11337           200 ipython
[Tue Jun 16 10:09:41 2026] [1742658]  1000 1742658     3043      669       40      629         0    65536     1199             0 bash
[Tue Jun 16 10:09:41 2026] [2481154]  1000 2481154     4191      625        0      625         0    69632      261             0 .swaybg-wrapped
[Tue Jun 16 10:09:41 2026] [2504685]  1000 2504685      669      438       14      424         0    49152       18             0 emacsclient
[Tue Jun 16 10:09:41 2026] [2605302]  1000 2605302     3123     1020      388      632         0    69632      890             0 bash
[Tue Jun 16 10:09:41 2026] [2659763]  1000 2659763     4498      550        8      542         0    73728      868             0 bat
[Tue Jun 16 10:09:41 2026] [2659770]  1000 2659770     1856      585       59      526         0    49152      123             0 less
[Tue Jun 16 10:09:41 2026] [2692295]  1000 2692295     3038      648        0      648         0    69632     1235             0 bash
[Tue Jun 16 10:09:41 2026] [3666958]  1000 3666958      711      146        0      146         0    49152       42             0 .wl-copy-wrappe
[Tue Jun 16 10:09:41 2026] [3675590]  1000 3675590   113303      589       82      507         0    94208       20           200 gpg-agent
[Tue Jun 16 10:09:41 2026] [3709254]  1000 3709254    76929      527       79      448         0    77824       28           200 scdaemon
[Tue Jun 16 10:09:41 2026] [3709257]     0 3709257    85545     1242      414      828         0   122880      110             0 pcscd
[Tue Jun 16 10:09:41 2026] [3709734]  1000 3709734 18522227    39522    38864      658         0  1671168    34736             0 claude
[Tue Jun 16 10:09:41 2026] [3713565]  1000 3713565 18538269    11971    11319      652         0  1626112    61888             0 claude
[Tue Jun 16 10:09:41 2026] [3727003]  1000 3727003    35899        5        0        5         0    77824      115             0 ra-multiplex
[Tue Jun 16 10:09:41 2026] [3727006]  1000 3727006  1227360      620        0      620         0  3002368   273305           200 rust-analyzer
[Tue Jun 16 10:09:41 2026] [3727416]  1000 3727416    94162      560        0      560         0   262144     2024           200 rust-analyzer-p
[Tue Jun 16 10:09:41 2026] [3729787]  1000 3729787     1991      624       57      567         0    61440      106             0 bash
[Tue Jun 16 10:09:41 2026] [3729807]  1000 3729807  7275827  5518630  5518104      526         0 55193600  1203717             0 queens
[Tue Jun 16 10:09:41 2026] [3729999]  1000 3729999     2141      664      102      562         0    53248        0             0 sleep
[Tue Jun 16 10:09:41 2026] oom-kill:constraint=CONSTRAINT_NONE,nodemask=(null),cpuset=user.slice,mems_allowed=0,global_oom,task_memcg=/user.slice/user-1000.slice/user@1000.service/tmux-spawn-9f7d79ea-e4be-4424-95c0-b18ae78ea8e4.scope,task=queens,pid=3729807,uid=1000
[Tue Jun 16 10:09:41 2026] Out of memory: Killed process 3729807 (queens) total-vm:29103308kB, anon-rss:22072424kB, file-rss:2104kB, shmem-rss:0kB, UID:1000 pgtables:53900kB oom_score_adj:0
[Tue Jun 16 10:09:43 2026] oom_reaper: reaped process 3729807 (queens), now anon-rss:0kB, file-rss:0kB, shmem-rss:0kB
[Tue Jun 16 12:51:08 2026] input: Bose Mini II SoundLink (AVRCP) as /devices/virtual/input/input264
[Tue Jun 16 15:07:54 2026] input: Yubico YubiKey OTP+FIDO+CCID as /devices/pci0000:00/0000:00:08.3/0000:c8:00.0/usb3/3-1/3-1.4/3-1.4:1.0/0003:1050:0407.00EF/input/input265
[Tue Jun 16 15:07:54 2026] hid-generic 0003:1050:0407.00EF: input,hidraw1: USB HID v1.10 Keyboard [Yubico YubiKey OTP+FIDO+CCID] on usb-0000:c8:00.0-1.4/input0
[Tue Jun 16 15:07:54 2026] input: Yubico YubiKey OTP+FIDO+CCID as /devices/pci0000:00/0000:00:08.3/0000:c8:00.0/usb3/3-1/3-1.4/3-1.4:1.0/0003:1050:0407.00F0/input/input266
[Tue Jun 16 15:07:54 2026] hid-generic 0003:1050:0407.00F0: input,hidraw1: USB HID v1.10 Keyboard [Yubico YubiKey OTP+FIDO+CCID] on usb-0000:c8:00.0-1.4/input0
[Tue Jun 16 16:06:16 2026] thunderbolt 1-0:2.1: retimer disconnected
[Tue Jun 16 16:06:16 2026] usb 7-1: USB disconnect, device number 74
[Tue Jun 16 16:06:16 2026] usb 7-1.2: USB disconnect, device number 75
[Tue Jun 16 16:06:16 2026] amdgpu 0000:c6:00.0: [drm] DMUB HPD IRQ callback: link_index=6
[Tue Jun 16 16:06:16 2026] usb 7-1.4: USB disconnect, device number 76
[Tue Jun 16 16:06:16 2026] thunderbolt 1-2: device disconnected
[Tue Jun 16 16:06:16 2026] usb 8-1: USB disconnect, device number 50
[Tue Jun 16 16:06:16 2026] usb 8-1.4: USB disconnect, device number 51
[Tue Jun 16 18:12:10 2026] thunderbolt 1-2: new device found, vendor=0x31 device=0x1c53
[Tue Jun 16 18:12:10 2026] thunderbolt 1-2: ASUS-Display PA32QCV
[Tue Jun 16 18:12:10 2026] thunderbolt 1-0:2.1: new retimer found, vendor=0x7fea device=0x1033
[Tue Jun 16 18:12:10 2026] usb 7-1: new high-speed USB device number 77 using xhci_hcd
[Tue Jun 16 18:12:10 2026] usb 7-1: New USB device found, idVendor=1d5c, idProduct=5801, bcdDevice= 1.01
[Tue Jun 16 18:12:10 2026] usb 7-1: New USB device strings: Mfr=1, Product=2, SerialNumber=0
[Tue Jun 16 18:12:10 2026] usb 7-1: Product: USB2.0 Hub
[Tue Jun 16 18:12:10 2026] usb 7-1: Manufacturer: Fresco Logic, Inc.
[Tue Jun 16 18:12:10 2026] hub 7-1:1.0: USB hub found
[Tue Jun 16 18:12:10 2026] hub 7-1:1.0: 4 ports detected
[Tue Jun 16 18:12:10 2026] amdgpu 0000:c6:00.0: [drm] DMUB HPD IRQ callback: link_index=6
[Tue Jun 16 18:12:11 2026] usb 8-1: new SuperSpeed Plus Gen 2x1 USB device number 52 using xhci_hcd
[Tue Jun 16 18:12:11 2026] usb 8-1: New USB device found, idVendor=8087, idProduct=0b40, bcdDevice=12.34
[Tue Jun 16 18:12:11 2026] usb 8-1: New USB device strings: Mfr=1, Product=2, SerialNumber=0
[Tue Jun 16 18:12:11 2026] usb 8-1: Product: USB3.0 Hub
[Tue Jun 16 18:12:11 2026] usb 8-1: Manufacturer: Intel Corporation.
[Tue Jun 16 18:12:11 2026] hub 8-1:1.0: USB hub found
[Tue Jun 16 18:12:11 2026] hub 8-1:1.0: 4 ports detected
[Tue Jun 16 18:12:11 2026] usb 7-1.2: new full-speed USB device number 78 using xhci_hcd
[Tue Jun 16 18:12:11 2026] usb 7-1.2: New USB device found, idVendor=0b05, idProduct=1c55, bcdDevice=17.46
[Tue Jun 16 18:12:11 2026] usb 7-1.2: New USB device strings: Mfr=1, Product=2, SerialNumber=3
[Tue Jun 16 18:12:11 2026] usb 7-1.2: Product: DMC Device
[Tue Jun 16 18:12:11 2026] usb 7-1.2: Manufacturer: Cypress Semiconductor
[Tue Jun 16 18:12:11 2026] usb 7-1.2: SerialNumber: 11AD1D0AA2B17E1921230B00
[Tue Jun 16 18:12:11 2026] usb 7-1.4: new high-speed USB device number 79 using xhci_hcd
[Tue Jun 16 18:12:11 2026] usb 7-1.4: New USB device found, idVendor=0b05, idProduct=0c23, bcdDevice=91.32
[Tue Jun 16 18:12:11 2026] usb 7-1.4: New USB device strings: Mfr=1, Product=2, SerialNumber=0
[Tue Jun 16 18:12:11 2026] usb 7-1.4: Product: USB2.1 Hub
[Tue Jun 16 18:12:11 2026] usb 7-1.4: Manufacturer: Generic
[Tue Jun 16 18:12:11 2026] hub 7-1.4:1.0: USB hub found
[Tue Jun 16 18:12:11 2026] hub 7-1.4:1.0: 4 ports detected
[Tue Jun 16 18:12:11 2026] usb 8-1.4: new SuperSpeed USB device number 53 using xhci_hcd
[Tue Jun 16 18:12:11 2026] usb 8-1.4: New USB device found, idVendor=0b05, idProduct=0411, bcdDevice=91.32
[Tue Jun 16 18:12:11 2026] usb 8-1.4: New USB device strings: Mfr=1, Product=2, SerialNumber=0
[Tue Jun 16 18:12:11 2026] usb 8-1.4: Product: USB3.2 Hub
[Tue Jun 16 18:12:11 2026] usb 8-1.4: Manufacturer: Generic
[Tue Jun 16 18:12:11 2026] hub 8-1.4:1.0: USB hub found
[Tue Jun 16 18:12:11 2026] hub 8-1.4:1.0: 3 ports detected
[Tue Jun 16 18:12:13 2026] input: Yubico YubiKey OTP+FIDO+CCID as /devices/pci0000:00/0000:00:08.3/0000:c8:00.0/usb3/3-1/3-1.4/3-1.4:1.0/0003:1050:0407.00F1/input/input267
[Tue Jun 16 18:12:13 2026] hid-generic 0003:1050:0407.00F1: input,hidraw1: USB HID v1.10 Keyboard [Yubico YubiKey OTP+FIDO+CCID] on usb-0000:c8:00.0-1.4/input0
[Tue Jun 16 18:12:13 2026] input: Yubico YubiKey OTP+FIDO+CCID as /devices/pci0000:00/0000:00:08.3/0000:c8:00.0/usb3/3-1/3-1.4/3-1.4:1.0/0003:1050:0407.00F2/input/input268
[Tue Jun 16 18:12:13 2026] hid-generic 0003:1050:0407.00F2: input,hidraw1: USB HID v1.10 Keyboard [Yubico YubiKey OTP+FIDO+CCID] on usb-0000:c8:00.0-1.4/input0
[Tue Jun 16 20:45:51 2026] usb 7-1: USB disconnect, device number 77
[Tue Jun 16 20:45:51 2026] usb 7-1.2: USB disconnect, device number 78
[Tue Jun 16 20:45:51 2026] thunderbolt 1-0:2.1: retimer disconnected
[Tue Jun 16 20:45:51 2026] amdgpu 0000:c6:00.0: [drm] DMUB HPD IRQ callback: link_index=6
[Tue Jun 16 20:45:51 2026] thunderbolt 1-2: device disconnected
[Tue Jun 16 20:45:51 2026] usb 7-1.4: USB disconnect, device number 79
[Tue Jun 16 20:45:51 2026] usb 8-1: USB disconnect, device number 52
[Tue Jun 16 20:45:51 2026] usb 8-1.4: USB disconnect, device number 53
[Tue Jun 16 21:39:21 2026] thunderbolt 1-2: new device found, vendor=0x31 device=0x1c53
[Tue Jun 16 21:39:21 2026] thunderbolt 1-2: ASUS-Display PA32QCV
[Tue Jun 16 21:39:21 2026] thunderbolt 1-0:2.1: new retimer found, vendor=0x7fea device=0x1033
[Tue Jun 16 21:39:21 2026] usb 7-1: new high-speed USB device number 80 using xhci_hcd
[Tue Jun 16 21:39:21 2026] usb 7-1: New USB device found, idVendor=1d5c, idProduct=5801, bcdDevice= 1.01
[Tue Jun 16 21:39:21 2026] usb 7-1: New USB device strings: Mfr=1, Product=2, SerialNumber=0
[Tue Jun 16 21:39:21 2026] usb 7-1: Product: USB2.0 Hub
[Tue Jun 16 21:39:21 2026] usb 7-1: Manufacturer: Fresco Logic, Inc.
[Tue Jun 16 21:39:21 2026] hub 7-1:1.0: USB hub found
[Tue Jun 16 21:39:21 2026] hub 7-1:1.0: 4 ports detected
[Tue Jun 16 21:39:21 2026] amdgpu 0000:c6:00.0: [drm] DMUB HPD IRQ callback: link_index=6
[Tue Jun 16 21:39:22 2026] usb 8-1: new SuperSpeed Plus Gen 2x1 USB device number 54 using xhci_hcd
[Tue Jun 16 21:39:22 2026] usb 8-1: New USB device found, idVendor=8087, idProduct=0b40, bcdDevice=12.34
[Tue Jun 16 21:39:22 2026] usb 8-1: New USB device strings: Mfr=1, Product=2, SerialNumber=0
[Tue Jun 16 21:39:22 2026] usb 8-1: Product: USB3.0 Hub
[Tue Jun 16 21:39:22 2026] usb 8-1: Manufacturer: Intel Corporation.
[Tue Jun 16 21:39:22 2026] hub 8-1:1.0: USB hub found
[Tue Jun 16 21:39:22 2026] hub 8-1:1.0: 4 ports detected
[Tue Jun 16 21:39:22 2026] usb 7-1.2: new full-speed USB device number 81 using xhci_hcd
[Tue Jun 16 21:39:22 2026] usb 7-1.2: New USB device found, idVendor=0b05, idProduct=1c55, bcdDevice=17.46
[Tue Jun 16 21:39:22 2026] usb 7-1.2: New USB device strings: Mfr=1, Product=2, SerialNumber=3
[Tue Jun 16 21:39:22 2026] usb 7-1.2: Product: DMC Device
[Tue Jun 16 21:39:22 2026] usb 7-1.2: Manufacturer: Cypress Semiconductor
[Tue Jun 16 21:39:22 2026] usb 7-1.2: SerialNumber: 11AD1D0AA2B17E1921230B00
[Tue Jun 16 21:39:22 2026] usb 7-1.4: new high-speed USB device number 82 using xhci_hcd
[Tue Jun 16 21:39:22 2026] usb 7-1.4: New USB device found, idVendor=0b05, idProduct=0c23, bcdDevice=91.32
[Tue Jun 16 21:39:22 2026] usb 7-1.4: New USB device strings: Mfr=1, Product=2, SerialNumber=0
[Tue Jun 16 21:39:22 2026] usb 7-1.4: Product: USB2.1 Hub
[Tue Jun 16 21:39:22 2026] usb 7-1.4: Manufacturer: Generic
[Tue Jun 16 21:39:22 2026] hub 7-1.4:1.0: USB hub found
[Tue Jun 16 21:39:22 2026] hub 7-1.4:1.0: 4 ports detected
[Tue Jun 16 21:39:22 2026] usb 8-1.4: new SuperSpeed USB device number 55 using xhci_hcd
[Tue Jun 16 21:39:22 2026] usb 8-1.4: New USB device found, idVendor=0b05, idProduct=0411, bcdDevice=91.32
[Tue Jun 16 21:39:22 2026] usb 8-1.4: New USB device strings: Mfr=1, Product=2, SerialNumber=0
[Tue Jun 16 21:39:22 2026] usb 8-1.4: Product: USB3.2 Hub
[Tue Jun 16 21:39:22 2026] usb 8-1.4: Manufacturer: Generic
[Tue Jun 16 21:39:22 2026] hub 8-1.4:1.0: USB hub found
[Tue Jun 16 21:39:22 2026] hub 8-1.4:1.0: 3 ports detected
[Tue Jun 16 21:39:26 2026] input: Yubico YubiKey OTP+FIDO+CCID as /devices/pci0000:00/0000:00:08.3/0000:c8:00.0/usb3/3-1/3-1.4/3-1.4:1.0/0003:1050:0407.00F3/input/input269
[Tue Jun 16 21:39:26 2026] hid-generic 0003:1050:0407.00F3: input,hidraw1: USB HID v1.10 Keyboard [Yubico YubiKey OTP+FIDO+CCID] on usb-0000:c8:00.0-1.4/input0
[Tue Jun 16 21:39:26 2026] input: Yubico YubiKey OTP+FIDO+CCID as /devices/pci0000:00/0000:00:08.3/0000:c8:00.0/usb3/3-1/3-1.4/3-1.4:1.0/0003:1050:0407.00F4/input/input270
[Tue Jun 16 21:39:26 2026] hid-generic 0003:1050:0407.00F4: input,hidraw1: USB HID v1.10 Keyboard [Yubico YubiKey OTP+FIDO+CCID] on usb-0000:c8:00.0-1.4/input0
[Tue Jun 16 21:50:04 2026] queens invoked oom-killer: gfp_mask=0x140dca(GFP_HIGHUSER_MOVABLE|__GFP_ZERO|__GFP_COMP), order=0, oom_score_adj=0
[Tue Jun 16 21:50:04 2026] CPU: 0 UID: 1000 PID: 3223 Comm: queens Kdump: loaded Tainted: P S         O        7.0.9 #1-NixOS PREEMPT(lazy) 
[Tue Jun 16 21:50:04 2026] Tainted: [P]=PROPRIETARY_MODULE, [S]=CPU_OUT_OF_SPEC, [O]=OOT_MODULE
[Tue Jun 16 21:50:04 2026] Hardware name: GEEKOM A9 Max/A9 Max, BIOS 0.18 06/26/2025
[Tue Jun 16 21:50:04 2026] Call Trace:
[Tue Jun 16 21:50:04 2026]  <TASK>
[Tue Jun 16 21:50:04 2026]  dump_stack_lvl+0x5d/0x80
[Tue Jun 16 21:50:04 2026]  dump_header+0x43/0x1b3
[Tue Jun 16 21:50:04 2026]  oom_kill_process.cold+0x8/0x89
[Tue Jun 16 21:50:04 2026]  out_of_memory+0x208/0x500
[Tue Jun 16 21:50:04 2026]  __alloc_frozen_pages_noprof+0x1389/0x14f0
[Tue Jun 16 21:50:04 2026]  alloc_pages_mpol+0x7d/0x160
[Tue Jun 16 21:50:04 2026]  vma_alloc_folio_noprof+0x6e/0xd0
[Tue Jun 16 21:50:04 2026]  ? lruvec_stat_mod_folio+0x83/0xd0
[Tue Jun 16 21:50:04 2026]  folio_prealloc+0x3a/0x110
[Tue Jun 16 21:50:04 2026]  do_wp_page+0x284/0xfe0
[Tue Jun 16 21:50:04 2026]  __handle_mm_fault+0xa7a/0xf90
[Tue Jun 16 21:50:04 2026]  handle_mm_fault+0xec/0x2e0
[Tue Jun 16 21:50:04 2026]  do_user_addr_fault+0x211/0x670
[Tue Jun 16 21:50:04 2026]  exc_page_fault+0x6c/0x170
[Tue Jun 16 21:50:04 2026]  asm_exc_page_fault+0x26/0x30
[Tue Jun 16 21:50:04 2026] RIP: 0033:0x606d750f1e97
[Tue Jun 16 21:50:04 2026] Code: 49 31 c8 48 c1 e9 20 4c 31 c1 48 0f af ce 48 8d 74 3b 10 48 89 ca 48 c1 ea 20 48 31 ca 48 8b 4e 60 48 c1 e2 09 4a 8d 54 72 01 <48> 89 14 c1 f0 48 ff 83 e8 01 00 00 48 8b 83 e8 01 00 00 48 3b 83
[Tue Jun 16 21:50:04 2026] RSP: 002b:00007d668eff3540 EFLAGS: 00010a17
[Tue Jun 16 21:50:04 2026] RAX: 00000000531179a6 RBX: 0000606da683bd90 RCX: 00007d66d0fca010
[Tue Jun 16 21:50:04 2026] RDX: 6ece5251c4bda401 RSI: 0000606da683be20 RDI: 0000000000000080
[Tue Jun 16 21:50:04 2026] RBP: 0000606da683e980 R08: 02251d09f1cafcee R09: df1000391288a44b
[Tue Jun 16 21:50:04 2026] R10: d5039f3901e2386c R11: 94d049bb133111eb R12: 00007d668eff3900
[Tue Jun 16 21:50:04 2026] R13: 00007d668eff3900 R14: 0000000000000000 R15: 00007d668eff3a08
[Tue Jun 16 21:50:04 2026]  </TASK>
[Tue Jun 16 21:50:04 2026] Mem-Info:
[Tue Jun 16 21:50:04 2026] active_anon:1411455 inactive_anon:3690432 isolated_anon:0
                            active_file:0 inactive_file:861 isolated_file:0
                            unevictable:19208 dirty:51 writeback:13
                            slab_reclaimable:111614 slab_unreclaimable:275144
                            mapped:8507 shmem:1414 pagetables:44103
                            sec_pagetables:1256 bounce:0
                            kernel_misc_reclaimable:0
                            free:92978 free_pcp:718 free_cma:0
[Tue Jun 16 21:50:04 2026] Node 0 active_anon:5645820kB inactive_anon:14761728kB active_file:0kB inactive_file:3444kB unevictable:76832kB isolated(anon):0kB isolated(file):0kB mapped:34028kB dirty:204kB writeback:52kB shmem:5656kB shmem_thp:0kB shmem_pmdmapped:0kB anon_thp:0kB kernel_stack:38400kB pagetables:176412kB sec_pagetables:5024kB all_unreclaimable? no Balloon:0kB
[Tue Jun 16 21:50:04 2026] Node 0 DMA free:11264kB boost:0kB min:36kB low:48kB high:60kB reserved_highatomic:0KB free_highatomic:0KB active_anon:0kB inactive_anon:0kB active_file:0kB inactive_file:0kB unevictable:0kB writepending:0kB zspages:0kB present:15996kB managed:15360kB mlocked:0kB bounce:0kB free_pcp:0kB local_pcp:0kB free_cma:0kB
[Tue Jun 16 21:50:04 2026] lowmem_reserve[]: 0 1473 27520 27520 27520
[Tue Jun 16 21:50:04 2026] Node 0 DMA32 free:110632kB boost:0kB min:3620kB low:5128kB high:6636kB reserved_highatomic:0KB free_highatomic:0KB active_anon:420920kB inactive_anon:688856kB active_file:0kB inactive_file:352kB unevictable:0kB writepending:0kB zspages:97308kB present:1711856kB managed:1509332kB mlocked:0kB bounce:0kB free_pcp:2892kB local_pcp:0kB free_cma:0kB
[Tue Jun 16 21:50:04 2026] lowmem_reserve[]: 0 0 26046 26046 26046
[Tue Jun 16 21:50:04 2026] Node 0 Normal free:249568kB boost:175816kB min:239740kB low:266384kB high:293028kB reserved_highatomic:0KB free_highatomic:0KB active_anon:5225088kB inactive_anon:14073228kB active_file:0kB inactive_file:3776kB unevictable:76832kB writepending:256kB zspages:3796112kB present:27231744kB managed:26671768kB mlocked:76824kB bounce:0kB free_pcp:472kB local_pcp:0kB free_cma:0kB
[Tue Jun 16 21:50:04 2026] lowmem_reserve[]: 0 0 0 0 0
[Tue Jun 16 21:50:04 2026] Node 0 DMA: 0*4kB 0*8kB 0*16kB 0*32kB 0*64kB 0*128kB 0*256kB 0*512kB 1*1024kB (U) 1*2048kB (M) 2*4096kB (M) = 11264kB
[Tue Jun 16 21:50:04 2026] Node 0 DMA32: 63*4kB (U) 193*8kB (UME) 266*16kB (UME) 302*32kB (UME) 233*64kB (UME) 177*128kB (UM) 91*256kB (UM) 25*512kB (UM) 16*1024kB (UM) 2*2048kB (U) 0*4096kB = 109860kB
[Tue Jun 16 21:50:04 2026] Node 0 Normal: 5589*4kB (UME) 3360*8kB (UME) 1182*16kB (UME) 2499*32kB (UME) 316*64kB (UME) 279*128kB (UME) 59*256kB (UM) 20*512kB (UE) 17*1024kB (UM) 0*2048kB 0*4096kB = 246804kB
[Tue Jun 16 21:50:04 2026] Node 0 hugepages_total=0 hugepages_free=0 hugepages_surp=0 hugepages_size=1048576kB
[Tue Jun 16 21:50:04 2026] Node 0 hugepages_total=0 hugepages_free=0 hugepages_surp=0 hugepages_size=2048kB
[Tue Jun 16 21:50:04 2026] 16827 total pagecache pages
[Tue Jun 16 21:50:04 2026] 8111 pages in swap cache
[Tue Jun 16 21:50:04 2026] Free swap  = 28kB
[Tue Jun 16 21:50:04 2026] Total swap = 14097916kB
[Tue Jun 16 21:50:04 2026] 7239899 pages RAM
[Tue Jun 16 21:50:04 2026] 0 pages HighMem/MovableOnly
[Tue Jun 16 21:50:04 2026] 190784 pages reserved
[Tue Jun 16 21:50:04 2026] 0 pages cma reserved
[Tue Jun 16 21:50:04 2026] 0 pages hwpoisoned
[Tue Jun 16 21:50:04 2026] Memory allocations (profiling is currently turned on):
[Tue Jun 16 21:50:04 2026]     18.3 GiB  4807283 mm/memory.c:1204 func:folio_prealloc
[Tue Jun 16 21:50:04 2026]     2.73 GiB   715344 mm/zsmalloc.c:239 func:alloc_zpdesc
[Tue Jun 16 21:50:04 2026]     1.43 GiB   103986 mm/slub.c:3292 func:alloc_slab_page
[Tue Jun 16 21:50:04 2026]     1.11 GiB   291480 mm/memory.c:4542 func:__alloc_swap_folio
[Tue Jun 16 21:50:04 2026]     1010 MiB   258514 mm/compaction.c:1847 func:compaction_alloc
[Tue Jun 16 21:50:04 2026]      637 MiB    36050 /build/source/module/os/linux/zfs/abd_os.c:295 [abd_os] func:abd_alloc_chunks
[Tue Jun 16 21:50:04 2026]      392 MiB   100560 /build/source/module/os/linux/spl/spl-kmem-cache.c:145 [spl_kmem_cache] func:kv_alloc
[Tue Jun 16 21:50:04 2026]      178 MiB      264 drivers/gpu/drm/ttm/ttm_pool.c:161 [ttm] func:ttm_pool_alloc_page
[Tue Jun 16 21:50:04 2026]      156 MiB    40037 arch/x86/mm/pgtable.c:18 func:pte_alloc_one
[Tue Jun 16 21:50:04 2026]      136 MiB   169917 /build/source/module/os/linux/spl/spl-kmem-cache.c:1222 [spl_kmem_cache] func:spl_kmem_cache_alloc
[Tue Jun 16 21:50:04 2026] Memory cgroup min protection 0kB -- low protection 0kB
[Tue Jun 16 21:50:04 2026] Tasks state (memory values in pages):
[Tue Jun 16 21:50:04 2026] [  pid  ]   uid  tgid total_vm      rss rss_anon rss_file rss_shmem pgtables_bytes swapents oom_score_adj name
[Tue Jun 16 21:50:04 2026] [   1275]     0  1275    62934      951      294      655         2   512000      503          -250 systemd-journal
[Tue Jun 16 21:50:04 2026] [   1290]     0  1290    10573     1381      693      688         0    98304      471         -1000 systemd-udevd
[Tue Jun 16 21:50:04 2026] [   1307]   154  1307    24216      785       42      743         0    98304      317             0 systemd-timesyn
[Tue Jun 16 21:50:04 2026] [   1512]   992  1512     4393      712       42      670         0    77824      248          -900 systemd-oomd
[Tue Jun 16 21:50:04 2026] [   1708]   999  1708     1805      515      144      371         0    57344       56             0 avahi-daemon
[Tue Jun 16 21:50:04 2026] [   1709]     0  1709     3320      487      162      325         0    73728      194             0 bluetoothd
[Tue Jun 16 21:50:04 2026] [   1713]     4  1713     4678     1215      406      809         0    81920      299          -900 dbus-daemon
[Tue Jun 16 21:50:04 2026] [   1714]     0  1714    10350    10340     9753      587         0   126976        0             0 keyd
[Tue Jun 16 21:50:04 2026] [   1725]     0  1725    43988      637        1      636         0    98304      374             0 zed
[Tue Jun 16 21:50:04 2026] [   1760]     0  1760     5152      867      142      725         0    86016      261             0 systemd-logind
[Tue Jun 16 21:50:04 2026] [   1911]  1000  1911     5974     1473      415     1058         0    86016      344           100 systemd
[Tue Jun 16 21:50:04 2026] [   1936]  1000  1936     6817      295        1      294         0    86016      480           100 (sd-pam)
[Tue Jun 16 21:50:04 2026] [   2000]  1000  2000     1846      750      246      504         0    57344       47           200 dbus-daemon
[Tue Jun 16 21:50:04 2026] [   2004]  1000  2004     2309      322      321        1         0    57344      524           200 ra-multiplex
[Tue Jun 16 21:50:04 2026] [   2008]  1000  2008   178419     4724     4055      669         0   995328    82003           200 emacs
[Tue Jun 16 21:50:04 2026] [   2083]     0  2083    84842     1612      542     1070         0   167936      655             0 NetworkManager
[Tue Jun 16 21:50:04 2026] [   2214]     0  2214     4853     1466      167     1299         0    81920      410             0 wpa_supplicant
[Tue Jun 16 21:50:04 2026] [   2238]   995  2238   403314      451       17      434         0   172032      759             0 node_exporter
[Tue Jun 16 21:50:04 2026] [   2239]     0  2239     3045     1089       42     1047         0    65536      266         -1000 sshd
[Tue Jun 16 21:50:04 2026] [   2252]     0  2252      961      954      129      825         0    53248        0             0 greetd
[Tue Jun 16 21:50:04 2026] [   2265]    71  2265   293037     1221       49     1166         6   233472      491             0 .postgres-wrapp
[Tue Jun 16 21:50:04 2026] [   2277]    71  2277   293065      560       24      521        15   167936      526             0 .postgres-wrapp
[Tue Jun 16 21:50:04 2026] [   2278]    71  2278   293037      398       26      367         5   159744      519             0 .postgres-wrapp
[Tue Jun 16 21:50:04 2026] [   2281]    71  2281   293037      406       19      383         4   159744      525             0 .postgres-wrapp
[Tue Jun 16 21:50:04 2026] [   2282]    71  2282   293429      584       57      492        35   163840      557             0 .postgres-wrapp
[Tue Jun 16 21:50:04 2026] [   2283]    71  2283   293401      496       50      415        31   139264      552             0 .postgres-wrapp
[Tue Jun 16 21:50:04 2026] [   2289]     0  2289     9285     9278     2389     6889         0   118784        0             0 greetd
[Tue Jun 16 21:50:04 2026] [   2298]  1000  2298   453975     2323     1485      754        84   843776    10737             0 sway
[Tue Jun 16 21:50:04 2026] [   2355]  1000  2355    31993      660        0      660         0   143360     1668             0 .mako-wrapped
[Tue Jun 16 21:50:04 2026] [   2356]  1000  2356     1546      849        0      849         0    53248       71             0 swayidle
[Tue Jun 16 21:50:04 2026] [   2384]  1000  2384      919      534        0      534         0    49152       39             0 swaymsg
[Tue Jun 16 21:50:04 2026] [   2386]  1000  2386     1990      248        0      248         0    53248      143             0 sway-output-mon
[Tue Jun 16 21:50:04 2026] [   2388]  1000  2388      919      534        0      534         0    53248       39             0 swaymsg
[Tue Jun 16 21:50:04 2026] [   2389]  1000  2389     1990      286        0      286         0    53248      144             0 bash
[Tue Jun 16 21:50:04 2026] [   2402]  1000  2402     3028      735        2      733         0    69632      211           200 socat
[Tue Jun 16 21:50:04 2026] [   2405]  1000  2405    61428     2409      491     1918         0    90112     1372           200 .keyd-applicati
[Tue Jun 16 21:50:04 2026] [   2410]  1000  2410   856310     5010     1853     3157         0  2183168    97516             0 .kitty-wrapped
[Tue Jun 16 21:50:04 2026] [   2412]  1000  2412   105738      854        0      854         0   196608     1929             0 polkit-gnome-au
[Tue Jun 16 21:50:04 2026] [   2548]  1000  2548   247546     1337      355      982         0   208896      625           200 .xdg-desktop-po
[Tue Jun 16 21:50:04 2026] [   2597]  1000  2597   133428      642        2      640         0   110592      152           200 .xdg-permission
[Tue Jun 16 21:50:04 2026] [   2633]  1000  2633   246730      755       92      663         0   180224      114           200 .xdg-document-p
[Tue Jun 16 21:50:04 2026] [   2654]  1000  2654      668      479        1      478         0    49152       27           200 fusermount3
[Tue Jun 16 21:50:04 2026] [   2658]  1000  2658   344212     2487     1626      861         0   385024    11682           200 .xdg-desktop-po
[Tue Jun 16 21:50:04 2026] [   2712]  1000  2712   312212       27       25        2         0   147456     2011             0 kitten
[Tue Jun 16 21:50:04 2026] [   2749]  1000  2749   354815     8213     7706      507         0  2879488   286835             0 tmux: server
[Tue Jun 16 21:50:04 2026] [   2767]  1000  2767     2968      604        3      601         0    73728     1131             0 bash
[Tue Jun 16 21:50:04 2026] [   2783]  1000  2783     2968     1323      689      634         0    73728      462             0 bash
[Tue Jun 16 21:50:04 2026] [   2822]  1000  2822    41137      625      100      525         0    81920      117           200 playerctld
[Tue Jun 16 21:50:04 2026] [   2949]  1000  2949    79855      650       14      636         0   122880      518             0 nmcli
[Tue Jun 16 21:50:04 2026] [   2950]  1000  2950     1990      298        0      298         0    57344      146             0 vpn-status
[Tue Jun 16 21:50:04 2026] [   3412]   994  3412   173613     1837      403     1434         0   159744      561             0 nsncd
[Tue Jun 16 21:50:04 2026] [   3523]  1000  3523    80196      452        0      452         0   114688      323             0 .gnome-keyring-
[Tue Jun 16 21:50:04 2026] [   6817]  1000  6817     2953      585        0      585         0    57344     1141             0 bash
[Tue Jun 16 21:50:04 2026] [   6945]  1000  6945     2968      620        3      617         0    73728     1131             0 bash
[Tue Jun 16 21:50:04 2026] [  11410]     0 11410   159658     1640       55     1585         0   253952     1447             0 nix-daemon
[Tue Jun 16 21:50:04 2026] [  42332]  1000 42332   417583       41       34        7         0  2793472   313902           200 semgrep-core
[Tue Jun 16 21:50:04 2026] [  74302]  1000 74302      669      385       11      374         0    49152       21             0 emacsclient
[Tue Jun 16 21:50:04 2026] [  74865]  1000 74865     3101      615        3      612         0    61440     1274             0 bash
[Tue Jun 16 21:50:04 2026] [  83658]  1000 83658   114831     4083     2852     1224         7   212992     5607           200 pipewire
[Tue Jun 16 21:50:04 2026] [  83659]  1000 83659   101656     1620      644      976         0   135168     1711           200 pipewire-pulse
[Tue Jun 16 21:50:04 2026] [  83660]  1000 83660   235798     2574      861     1713         0   221184     1044           200 wireplumber
[Tue Jun 16 21:50:04 2026] [  83688]  1000 83688    21011      618       58      560         0    73728      170           200 .xdg-desktop-po
[Tue Jun 16 21:50:04 2026] [ 308238]  1000 308238     3180      676       42      634         0    69632     1321             0 bash
[Tue Jun 16 21:50:04 2026] [ 399920]  1000 399920  1583457     3190     2418      772         0  1409024     5501             0 yazi
[Tue Jun 16 21:50:04 2026] [ 406435]  1000 406435   171886      893        0      893         0   266240     9921           200 wezterm-mux-ser
[Tue Jun 16 21:50:04 2026] [ 406440]  1000 406440    58937      472        0      472         0    73728     1131           200 bash
[Tue Jun 16 21:50:04 2026] [ 596505]  1000 596505    59377      571        0      571         0    77824      192           200 aspell
[Tue Jun 16 21:50:04 2026] [1047720]  1000 1047720     1625      521        0      521         0    57344       63             0 inotifywait
[Tue Jun 16 21:50:04 2026] [1047721]  1000 1047721     1990      339        0      339         0    61440      152             0 file-watcher.sh
[Tue Jun 16 21:50:04 2026] [1795054]  1000 1795054     2969      636        3      633         0    69632     1153             0 bash
[Tue Jun 16 21:50:04 2026] [3503506]  1000 3503506     3005      669       41      628         0    69632     1146             0 bash
[Tue Jun 16 21:50:04 2026] [3660553]  1000 3660553     2239      392       14      376         2    65536      213             0 httpd
[Tue Jun 16 21:50:04 2026] [3660555]  1000 3660555     2239      169        6      161         2    65536      225             0 httpd
[Tue Jun 16 21:50:04 2026] [3660556]  1000 3660556     2239      169        6      161         2    65536      225             0 httpd
[Tue Jun 16 21:50:04 2026] [3660557]  1000 3660557     2239      169        6      161         2    65536      225             0 httpd
[Tue Jun 16 21:50:04 2026] [3660558]  1000 3660558     2239      169        6      161         2    65536      225             0 httpd
[Tue Jun 16 21:50:04 2026] [3660559]  1000 3660559     2239      169        6      161         2    65536      225             0 httpd
[Tue Jun 16 21:50:04 2026] [3663065]  1000 3663065     2970      663        3      660         0    69632     1155             0 bash
[Tue Jun 16 21:50:04 2026] [3664117]  1000 3664117  1525850     1439      743      696         0  1048576    58290           200 Microsoft.Pytho
[Tue Jun 16 21:50:04 2026] [ 431470]  1000 431470     3010      631        3      628         0    69632     1185             0 bash
[Tue Jun 16 21:50:04 2026] [ 524545]  1000 524545   773567     2165     1136      945        84   507904     5311             0 .waybar-wrapped
[Tue Jun 16 21:50:04 2026] [2581079]  1000 2581079     3027      604        3      601         0    65536     1190             0 bash
[Tue Jun 16 21:50:04 2026] [2631337]  1000 2631337     3229      631        3      628         0    65536     1381             0 bash
[Tue Jun 16 21:50:04 2026] [ 253097]  1000 253097     3029      647        3      644         0    69632     1210             0 bash
[Tue Jun 16 21:50:04 2026] [1678811]  1000 1678811     3017      596        0      596         0    65536     1213             0 bash
[Tue Jun 16 21:50:04 2026] [1679013]  1000 1679013     2791      755       29      726         0    65536      130             0 tmux: client
[Tue Jun 16 21:50:04 2026] [2645199]  1000 2645199     3033      663        3      660         0    65536     1226             0 bash
[Tue Jun 16 21:50:04 2026] [ 443596]  1000 443596   548754     1004      607      397         0   233472      250           200 .ssh-agent-guar
[Tue Jun 16 21:50:04 2026] [ 443600]  1000 443600    42025      632       42      590         0   122880      431           200 atuin
[Tue Jun 16 21:50:04 2026] [ 839109]  1000 839109     2791      746       20      726         0    65536      139             0 tmux: client
[Tue Jun 16 21:50:04 2026] [ 849019]  1000 849019     3043      633        0      633         0    65536     1240             0 bash
[Tue Jun 16 21:50:04 2026] [ 854438]    28 854438    96380      999      200      799         0   122880      353             0 polkitd
[Tue Jun 16 21:50:04 2026] [ 865816]  1000 865816     3034      614        3      611         0    65536     1228             0 bash
[Tue Jun 16 21:50:04 2026] [1579017]  1000 1579017     2791      757       29      728         0    65536      130             0 tmux: client
[Tue Jun 16 21:50:04 2026] [1579019]  1000 1579019     3036      625        3      622         0    69632     1230             0 bash
[Tue Jun 16 21:50:04 2026] [1579180]  1000 1579180     3259      687       42      645         0    65536     1353             0 bash
[Tue Jun 16 21:50:04 2026] [1586586]  1000 1586586 365071234     2347     2221      126         0  1802240    13876             0 1password
[Tue Jun 16 21:50:04 2026] [1586592]  1000 1586592  8522391       83       11       72         0   389120     2439             0 1password
[Tue Jun 16 21:50:04 2026] [1586593]  1000 1586593  8522388       97        1       96         0   421888     2425             0 1password
[Tue Jun 16 21:50:04 2026] [1586605]  1000 1586605  8522395        1        0        1         0   237568     2452             0 1password
[Tue Jun 16 21:50:04 2026] [1586695]  1000 1586695  8656723      317      267       50         0  1302528    32639           200 1password
[Tue Jun 16 21:50:04 2026] [1586698]  1000 1586698  8475429      187       77      110         0   487424     2634             0 1password
[Tue Jun 16 21:50:04 2026] [1586704]  1000 1586704   253532      976        0      976         0   540672     6039             0 Xwayland
[Tue Jun 16 21:50:04 2026] [1625852]  1000 1625852     3205      631        0      631         0    65536     1359             0 bash
[Tue Jun 16 21:50:04 2026] [1654499]  1000 1654499    92745     2946        0     2946         0   204800    11337           200 ipython
[Tue Jun 16 21:50:04 2026] [1742658]  1000 1742658     3043      625        0      625         0    65536     1239             0 bash
[Tue Jun 16 21:50:04 2026] [2481154]  1000 2481154     4191      621        0      621         0    69632      261             0 .swaybg-wrapped
[Tue Jun 16 21:50:04 2026] [2504685]  1000 2504685      669      436       12      424         0    49152       20             0 emacsclient
[Tue Jun 16 21:50:04 2026] [2605302]  1000 2605302     3123      618        0      618         0    69632     1291             0 bash
[Tue Jun 16 21:50:04 2026] [2692295]  1000 2692295     3038      634        0      634         0    69632     1235             0 bash
[Tue Jun 16 21:50:04 2026] [4014491]     0 4014491     5629     2788      475     2313         0    86016        0             0 sshd-session
[Tue Jun 16 21:50:04 2026] [4014494]  1000 4014494     5727     1604      609      995         0    94208        0             0 sshd-session
[Tue Jun 16 21:50:04 2026] [4014495]  1000 4014495     2789      884      157      727         0    65536        0             0 tmux: client
[Tue Jun 16 21:50:04 2026] [4142798]  1000 4142798    43969      582        0      582         0   131072     1382             0 nu
[Tue Jun 16 21:50:04 2026] [4142802]  1000 4142802    43750      546        0      546         0   131072     1140             0 nu
[Tue Jun 16 21:50:04 2026] [4142805]  1000 4142805     1990      548        0      548         0    49152      140             0 bash
[Tue Jun 16 21:50:04 2026] [4142807]  1000 4142807 12895790     6801     5729      889       183  2834432    46556             0 chromium
[Tue Jun 16 21:50:04 2026] [4142820]  1000 4142820 12586551      485        0      485         0    73728       89             0 chrome_crashpad
[Tue Jun 16 21:50:04 2026] [4142822]  1000 4142822 12584496      478        0      478         0    73728       84             0 chrome_crashpad
[Tue Jun 16 21:50:04 2026] [4142826]  1000 4142826 12748640      738       18      720         0   442368     3695             0 chromium
[Tue Jun 16 21:50:04 2026] [4142827]  1000 4142827 12748638     1159      440      719         0   458752     3250             0 chromium
[Tue Jun 16 21:50:04 2026] [4142829]  1000 4142829 12748644      583      440      143         0   266240     3277             0 chromium
[Tue Jun 16 21:50:04 2026] [4142876]  1000 4142876 12875769      992      232      760         0  1662976    25378           200 chromium
[Tue Jun 16 21:50:04 2026] [4142879]  1000 4142879 12745951     3323     2398      802       123  1028096     6908           200 chromium
[Tue Jun 16 21:50:04 2026] [4142890]  1000 4142890 12764323     1157      568      569        20   630784     3999           200 chromium
[Tue Jun 16 21:50:04 2026] [4142958]  1000 4142958 379726543     1781      961      692       128  2048000    41560           300 chromium
[Tue Jun 16 21:50:04 2026] [4142972]  1000 4142972 380215369     1093      454      584        55  1499136    21758           300 chromium
[Tue Jun 16 21:50:04 2026] [4143021]  1000 4143021 379717343     1789      979      680       130  1269760    14150           300 chromium
[Tue Jun 16 21:50:04 2026] [4143058]  1000 4143058   458880        4        2        2         0   307200      277             0 1Password-Brows
[Tue Jun 16 21:50:04 2026] [4143239]  1000 4143239 379720538     1581      772      680       129  1331200    14551           300 chromium
[Tue Jun 16 21:50:04 2026] [4143266]  1000 4143266 379721699     1862     1055      680       127  1392640    17725           300 chromium
[Tue Jun 16 21:50:04 2026] [4143267]  1000 4143267 380215098     7568     6736      680       152  2428928    38297           300 chromium
[Tue Jun 16 21:50:04 2026] [4143278]  1000 4143278 379700492     1145      441      616        88  1052672     6212           300 chromium
[Tue Jun 16 21:50:04 2026] [4143307]  1000 4143307 379716784     5906     5093      680       133  2027520    33139           300 chromium
[Tue Jun 16 21:50:04 2026] [4143320]  1000 4143320 379704808     1118      439      600        79  1028096     7590           300 chromium
[Tue Jun 16 21:50:04 2026] [4143340]  1000 4143340 380191980     1151      443      632        76   999424     6258           300 chromium
[Tue Jun 16 21:50:04 2026] [4143349]  1000 4143349 379712820     1437      733      616        88  1097728     9742           300 chromium
[Tue Jun 16 21:50:04 2026] [4143414]  1000 4143414 379716954     2096     1325      680        91  1359872    17607           300 chromium
[Tue Jun 16 21:50:04 2026] [4143495]  1000 4143495 12714060      854       68      786         0   561152     3806           200 chromium
[Tue Jun 16 21:50:04 2026] [4143552]  1000 4143552 379721389     3332     2509      680       143  1839104    34983           300 chromium
[Tue Jun 16 21:50:04 2026] [4143584]  1000 4143584 381689950     1223      447      680        96  1921024    26700           300 chromium
[Tue Jun 16 21:50:04 2026] [4143641]  1000 4143641 380212335     1262      460      680       122  1409024    12127           300 chromium
[Tue Jun 16 21:50:04 2026] [4143662]  1000 4143662 379716222     2579     1829      616       134  1499136    13021           300 chromium
[Tue Jun 16 21:50:04 2026] [4143690]  1000 4143690 380219643     2218     1380      696       142  1449984    18226           300 chromium
[Tue Jun 16 21:50:04 2026] [4143777]  1000 4143777   886499    18249    17686      563         0  1548288    55322             0 agentsview
[Tue Jun 16 21:50:04 2026] [4143845]  1000 4143845 379707917     1175      439      616       120  1257472    11854           300 chromium
[Tue Jun 16 21:50:04 2026] [4143854]  1000 4143854 379717351     1948     1130      680       138  1392640    18403           300 chromium
[Tue Jun 16 21:50:04 2026] [4143902]  1000 4143902 379719677     1899     1109      680       110  1388544    18220           300 chromium
[Tue Jun 16 21:50:04 2026] [4143912]  1000 4143912 379719792     1246      443      680       123  1380352    16579           300 chromium
[Tue Jun 16 21:50:04 2026] [4143967]  1000 4143967 379721247     1185      445      616       124  1540096    21907           300 chromium
[Tue Jun 16 21:50:04 2026] [4144030]  1000 4144030 379722410    16921    16115      664       142  1658880    11577           300 chromium
[Tue Jun 16 21:50:04 2026] [4144083]  1000 4144083 380211115     1706      909      680       117  1429504    18797           300 chromium
[Tue Jun 16 21:50:04 2026] [4144161]  1000 4144161 380211345     2961     2139      680       142  1507328    14814           300 chromium
[Tue Jun 16 21:50:04 2026] [4144213]  1000 4144213 380215951     5800     4952      696       152  2641920    30870           300 chromium
[Tue Jun 16 21:50:04 2026] [4144227]  1000 4144227 379714902     1497      740      680        77  1191936    10243           300 chromium
[Tue Jun 16 21:50:04 2026] [4144254]  1000 4144254 379718898     1423      619      680       124  1974272    27079           300 chromium
[Tue Jun 16 21:50:04 2026] [4144278]  1000 4144278 379717126     1243      505      616       122  1388544    16432           300 chromium
[Tue Jun 16 21:50:04 2026] [4144290]  1000 4144290 379714934     2078     1363      616        99  1249280    10773           300 chromium
[Tue Jun 16 21:50:04 2026] [4144395]  1000 4144395 379725422     8790     7935      696       159  1638400    21293           300 chromium
[Tue Jun 16 21:50:04 2026] [4144450]  1000 4144450 379718237     1184      445      616       123  1175552     7951           300 chromium
[Tue Jun 16 21:50:04 2026] [4144484]  1000 4144484 379700492     1151      449      616        86  1048576     6321           300 chromium
[Tue Jun 16 21:50:04 2026] [4144502]  1000 4144502 379702638     1143      440      616        87  1040384     6648           300 chromium
[Tue Jun 16 21:50:04 2026] [4144525]  1000 4144525 380196110     1152      444      632        76  1343488    31492           300 chromium
[Tue Jun 16 21:50:04 2026] [4144575]  1000 4144575 379718208     1394      649      616       129  1531904    20981           300 chromium
[Tue Jun 16 21:50:04 2026] [4144614]  1000 4144614 379704082     1149      446      616        87  1073152     6463           300 chromium
[Tue Jun 16 21:50:04 2026] [4144626]  1000 4144626 379669520     1105      457      569        79   815104     4546           300 chromium
[Tue Jun 16 21:50:04 2026] [4147355]  1000 4147355   208391     4697     4670       27         0   765952    12571             0 codex
[Tue Jun 16 21:50:04 2026] [4166093]  1000 4166093 18512927     7166     6524      642         0  1470464    57226             0 claude
[Tue Jun 16 21:50:04 2026] [4175281]  1000 4175281   113303      620      100      520         0    81920        0           200 gpg-agent
[Tue Jun 16 21:50:04 2026] [   2506]  1000  2506    76929      566      105      461         0    73728        0           200 scdaemon
[Tue Jun 16 21:50:04 2026] [   2509]     0  2509    85545     1326      524      802         0   118784        0             0 pcscd
[Tue Jun 16 21:50:04 2026] [   3202]  1000  3202 15894503  4966737  4966163      574         0 73330688   806252             0 queens
[Tue Jun 16 21:50:04 2026] [   9037]  1000  9037     3099     1828     1232      596         0    69632       16             0 bash
[Tue Jun 16 21:50:04 2026] [  12916]  1000 12916     1957      640      105      535         0    57344        0             0 sh
[Tue Jun 16 21:50:04 2026] [  12917]  1000 12917        3        3        3        0         0    12288        0             0 tmux: server
[Tue Jun 16 21:50:04 2026] oom-kill:constraint=CONSTRAINT_NONE,nodemask=(null),cpuset=user.slice,mems_allowed=0,global_oom,task_memcg=/user.slice/user-1000.slice/user@1000.service/kitty-2410-18.scope,task=queens,pid=3202,uid=1000
[Tue Jun 16 21:50:04 2026] Out of memory: Killed process 3202 (queens) total-vm:63578012kB, anon-rss:19864788kB, file-rss:2296kB, shmem-rss:0kB, UID:1000 pgtables:71612kB oom_score_adj:0
[Tue Jun 16 21:50:06 2026] oom_reaper: reaped process 3202 (queens), now anon-rss:0kB, file-rss:0kB, shmem-rss:0kB
[Tue Jun 16 21:57:11 2026] input: Yubico YubiKey OTP+FIDO+CCID as /devices/pci0000:00/0000:00:08.3/0000:c8:00.0/usb3/3-1/3-1.4/3-1.4:1.0/0003:1050:0407.00F5/input/input271
[Tue Jun 16 21:57:11 2026] hid-generic 0003:1050:0407.00F5: input,hidraw1: USB HID v1.10 Keyboard [Yubico YubiKey OTP+FIDO+CCID] on usb-0000:c8:00.0-1.4/input0
[Tue Jun 16 21:57:12 2026] input: Yubico YubiKey OTP+FIDO+CCID as /devices/pci0000:00/0000:00:08.3/0000:c8:00.0/usb3/3-1/3-1.4/3-1.4:1.0/0003:1050:0407.00F6/input/input272
[Tue Jun 16 21:57:13 2026] hid-generic 0003:1050:0407.00F6: input,hidraw1: USB HID v1.10 Keyboard [Yubico YubiKey OTP+FIDO+CCID] on usb-0000:c8:00.0-1.4/input0
[Tue Jun 16 22:06:47 2026] queens invoked oom-killer: gfp_mask=0x140dca(GFP_HIGHUSER_MOVABLE|__GFP_ZERO|__GFP_COMP), order=0, oom_score_adj=0
[Tue Jun 16 22:06:47 2026] CPU: 8 UID: 1000 PID: 25087 Comm: queens Kdump: loaded Tainted: P S         O        7.0.9 #1-NixOS PREEMPT(lazy) 
[Tue Jun 16 22:06:47 2026] Tainted: [P]=PROPRIETARY_MODULE, [S]=CPU_OUT_OF_SPEC, [O]=OOT_MODULE
[Tue Jun 16 22:06:47 2026] Hardware name: GEEKOM A9 Max/A9 Max, BIOS 0.18 06/26/2025
[Tue Jun 16 22:06:47 2026] Call Trace:
[Tue Jun 16 22:06:47 2026]  <TASK>
[Tue Jun 16 22:06:47 2026]  dump_stack_lvl+0x5d/0x80
[Tue Jun 16 22:06:47 2026]  dump_header+0x43/0x1b3
[Tue Jun 16 22:06:47 2026]  oom_kill_process.cold+0x8/0x89
[Tue Jun 16 22:06:47 2026]  out_of_memory+0x208/0x500
[Tue Jun 16 22:06:47 2026]  __alloc_frozen_pages_noprof+0x1389/0x14f0
[Tue Jun 16 22:06:47 2026]  alloc_pages_mpol+0x7d/0x160
[Tue Jun 16 22:06:47 2026]  vma_alloc_folio_noprof+0x6e/0xd0
[Tue Jun 16 22:06:47 2026]  ? lruvec_stat_mod_folio+0x83/0xd0
[Tue Jun 16 22:06:47 2026]  folio_prealloc+0x3a/0x110
[Tue Jun 16 22:06:47 2026]  do_wp_page+0x284/0xfe0
[Tue Jun 16 22:06:47 2026]  __handle_mm_fault+0xa7a/0xf90
[Tue Jun 16 22:06:47 2026]  handle_mm_fault+0xec/0x2e0
[Tue Jun 16 22:06:47 2026]  do_user_addr_fault+0x211/0x670
[Tue Jun 16 22:06:47 2026]  exc_page_fault+0x6c/0x170
[Tue Jun 16 22:06:47 2026]  asm_exc_page_fault+0x26/0x30
[Tue Jun 16 22:06:47 2026] RIP: 0033:0x5cff77202e77
[Tue Jun 16 22:06:47 2026] Code: 49 31 c8 48 c1 e9 20 4c 31 c1 48 0f af ce 48 8d 74 3b 10 48 89 ca 48 c1 ea 20 48 31 ca 48 8b 4e 60 48 c1 e2 09 4a 8d 54 72 01 <48> 89 14 c1 f0 48 ff 83 e8 01 00 00 48 8b 83 e8 01 00 00 48 3b 83
[Tue Jun 16 22:06:47 2026] RSP: 002b:000078a597df9920 EFLAGS: 00010a17
[Tue Jun 16 22:06:47 2026] RAX: 0000000042c2f21f RBX: 00005cff88b01d90 RCX: 000078a5d906c010
[Tue Jun 16 22:06:47 2026] RDX: 777859bf60b29403 RSI: 00005cff88b01e20 RDI: 0000000000000080
[Tue Jun 16 22:06:47 2026] RBP: 00007ffd4de6c501 R08: 3f3e3049796c1e63 R09: 71b8cb1d28582a5a
[Tue Jun 16 22:06:47 2026] R10: dea481c2a6b46904 R11: 94d049bb133111eb R12: 00005cff88b04980
[Tue Jun 16 22:06:47 2026] R13: 0000000000000000 R14: 0000000000000001 R15: 000078a597df9ad0
[Tue Jun 16 22:06:47 2026]  </TASK>
[Tue Jun 16 22:06:47 2026] Mem-Info:
[Tue Jun 16 22:06:47 2026] active_anon:3706243 inactive_anon:1348900 isolated_anon:0
                            active_file:0 inactive_file:712 isolated_file:0
                            unevictable:19208 dirty:0 writeback:9
                            slab_reclaimable:107801 slab_unreclaimable:272689
                            mapped:8626 shmem:4094 pagetables:46212
                            sec_pagetables:1256 bounce:0
                            kernel_misc_reclaimable:0
                            free:91238 free_pcp:3987 free_cma:0
[Tue Jun 16 22:06:47 2026] Node 0 active_anon:14824972kB inactive_anon:5395600kB active_file:0kB inactive_file:2848kB unevictable:76832kB isolated(anon):0kB isolated(file):0kB mapped:34504kB dirty:0kB writeback:36kB shmem:16376kB shmem_thp:0kB shmem_pmdmapped:0kB anon_thp:0kB kernel_stack:39776kB pagetables:184848kB sec_pagetables:5024kB all_unreclaimable? no Balloon:0kB
[Tue Jun 16 22:06:47 2026] Node 0 DMA free:11264kB boost:0kB min:36kB low:48kB high:60kB reserved_highatomic:0KB free_highatomic:0KB active_anon:0kB inactive_anon:0kB active_file:0kB inactive_file:0kB unevictable:0kB writepending:0kB zspages:0kB present:15996kB managed:15360kB mlocked:0kB bounce:0kB free_pcp:0kB local_pcp:0kB free_cma:0kB
[Tue Jun 16 22:06:47 2026] lowmem_reserve[]: 0 1473 27520 27520 27520
[Tue Jun 16 22:06:47 2026] Node 0 DMA32 free:114360kB boost:9952kB min:13572kB low:15080kB high:16588kB reserved_highatomic:0KB free_highatomic:0KB active_anon:696532kB inactive_anon:379072kB active_file:0kB inactive_file:44kB unevictable:0kB writepending:0kB zspages:157520kB present:1711856kB managed:1509332kB mlocked:0kB bounce:0kB free_pcp:5780kB local_pcp:0kB free_cma:0kB
[Tue Jun 16 22:06:47 2026] lowmem_reserve[]: 0 0 26046 26046 26046
[Tue Jun 16 22:06:47 2026] Node 0 Normal free:239328kB boost:175816kB min:239740kB low:266384kB high:293028kB reserved_highatomic:0KB free_highatomic:0KB active_anon:14128464kB inactive_anon:5016196kB active_file:0kB inactive_file:2780kB unevictable:76832kB writepending:36kB zspages:3998704kB present:27231744kB managed:26671768kB mlocked:76824kB bounce:0kB free_pcp:10172kB local_pcp:328kB free_cma:0kB
[Tue Jun 16 22:06:47 2026] lowmem_reserve[]: 0 0 0 0 0
[Tue Jun 16 22:06:47 2026] Node 0 DMA: 0*4kB 0*8kB 0*16kB 0*32kB 0*64kB 0*128kB 0*256kB 0*512kB 1*1024kB (U) 1*2048kB (M) 2*4096kB (M) = 11264kB
[Tue Jun 16 22:06:47 2026] Node 0 DMA32: 0*4kB 146*8kB (ME) 160*16kB (UME) 302*32kB (UME) 314*64kB (UME) 197*128kB (UME) 103*256kB (UME) 30*512kB (UME) 13*1024kB (UM) 0*2048kB 0*4096kB = 113744kB
[Tue Jun 16 22:06:47 2026] Node 0 Normal: 1*4kB (U) 0*8kB 0*16kB 1478*32kB (U) 710*64kB (U) 412*128kB (UE) 267*256kB (UE) 43*512kB (U) 0*1024kB 0*2048kB 0*4096kB = 235844kB
[Tue Jun 16 22:06:47 2026] Node 0 hugepages_total=0 hugepages_free=0 hugepages_surp=0 hugepages_size=1048576kB
[Tue Jun 16 22:06:47 2026] Node 0 hugepages_total=0 hugepages_free=0 hugepages_surp=0 hugepages_size=2048kB
[Tue Jun 16 22:06:47 2026] 14626 total pagecache pages
[Tue Jun 16 22:06:47 2026] 3030 pages in swap cache
[Tue Jun 16 22:06:47 2026] Free swap  = 0kB
[Tue Jun 16 22:06:47 2026] Total swap = 14097916kB
[Tue Jun 16 22:06:47 2026] 7239899 pages RAM
[Tue Jun 16 22:06:47 2026] 0 pages HighMem/MovableOnly
[Tue Jun 16 22:06:47 2026] 190784 pages reserved
[Tue Jun 16 22:06:47 2026] 0 pages cma reserved
[Tue Jun 16 22:06:47 2026] 0 pages hwpoisoned
[Tue Jun 16 22:06:47 2026] Memory allocations (profiling is currently turned on):
[Tue Jun 16 22:06:47 2026]     18.3 GiB  4797801 mm/memory.c:1204 func:folio_prealloc
[Tue Jun 16 22:06:47 2026]     2.38 GiB   624366 mm/zsmalloc.c:239 func:alloc_zpdesc
[Tue Jun 16 22:06:47 2026]     1.58 GiB   415091 mm/compaction.c:1847 func:compaction_alloc
[Tue Jun 16 22:06:47 2026]     1.41 GiB   102553 mm/slub.c:3292 func:alloc_slab_page
[Tue Jun 16 22:06:47 2026]      935 MiB   239250 mm/memory.c:4542 func:__alloc_swap_folio
[Tue Jun 16 22:06:47 2026]      580 MiB    34871 /build/source/module/os/linux/zfs/abd_os.c:295 [abd_os] func:abd_alloc_chunks
[Tue Jun 16 22:06:47 2026]      394 MiB   101316 /build/source/module/os/linux/spl/spl-kmem-cache.c:145 [spl_kmem_cache] func:kv_alloc
[Tue Jun 16 22:06:47 2026]      172 MiB      260 drivers/gpu/drm/ttm/ttm_pool.c:161 [ttm] func:ttm_pool_alloc_page
[Tue Jun 16 22:06:47 2026]      164 MiB    42109 arch/x86/mm/pgtable.c:18 func:pte_alloc_one
[Tue Jun 16 22:06:47 2026]      130 MiB   159857 /build/source/module/os/linux/spl/spl-kmem-cache.c:1222 [spl_kmem_cache] func:spl_kmem_cache_alloc
[Tue Jun 16 22:06:47 2026] Memory cgroup min protection 0kB -- low protection 0kB
[Tue Jun 16 22:06:47 2026] Tasks state (memory values in pages):
[Tue Jun 16 22:06:47 2026] [  pid  ]   uid  tgid total_vm      rss rss_anon rss_file rss_shmem pgtables_bytes swapents oom_score_adj name
[Tue Jun 16 22:06:47 2026] [   1275]     0  1275    62934      977      325      650         2   512000      472          -250 systemd-journal
[Tue Jun 16 22:06:47 2026] [   1290]     0  1290    10573     1361      678      683         0    98304      486         -1000 systemd-udevd
[Tue Jun 16 22:06:47 2026] [   1307]   154  1307    24216      779       42      737         0    98304      317             0 systemd-timesyn
[Tue Jun 16 22:06:47 2026] [   1512]   992  1512     4393      707       42      665         0    77824      248          -900 systemd-oomd
[Tue Jun 16 22:06:47 2026] [   1708]   999  1708     1805      515      144      371         0    57344       56             0 avahi-daemon
[Tue Jun 16 22:06:47 2026] [   1709]     0  1709     3320      439      115      324         0    73728      241             0 bluetoothd
[Tue Jun 16 22:06:47 2026] [   1713]     4  1713     4678     1208      399      809         0    81920      306          -900 dbus-daemon
[Tue Jun 16 22:06:47 2026] [   1714]     0  1714    10350    10340     9753      587         0   126976        0             0 keyd
[Tue Jun 16 22:06:47 2026] [   1725]     0  1725    43988      637        1      636         0    98304      374             0 zed
[Tue Jun 16 22:06:47 2026] [   1760]     0  1760     5152      852      133      719         0    86016      270             0 systemd-logind
[Tue Jun 16 22:06:47 2026] [   1911]  1000  1911     5974     1442      390     1052         0    86016      369           100 systemd
[Tue Jun 16 22:06:47 2026] [   1936]  1000  1936     6817      295        1      294         0    86016      480           100 (sd-pam)
[Tue Jun 16 22:06:47 2026] [   2000]  1000  2000     1846      748      246      502         0    57344       47           200 dbus-daemon
[Tue Jun 16 22:06:47 2026] [   2004]  1000  2004     2309      319      318        1         0    57344      527           200 ra-multiplex
[Tue Jun 16 22:06:47 2026] [   2008]  1000  2008   178419     6628     5959      669         0   995328    80099           200 emacs
[Tue Jun 16 22:06:47 2026] [   2083]     0  2083    84842     1576      507     1069         0   167936      690             0 NetworkManager
[Tue Jun 16 22:06:47 2026] [   2214]     0  2214     4853     1488      191     1297         0    81920      386             0 wpa_supplicant
[Tue Jun 16 22:06:47 2026] [   2238]   995  2238   403314      450       17      433         0   172032      759             0 node_exporter
[Tue Jun 16 22:06:47 2026] [   2239]     0  2239     3045     1061       14     1047         0    65536      294         -1000 sshd
[Tue Jun 16 22:06:47 2026] [   2252]     0  2252      961      954      129      825         0    53248        0             0 greetd
[Tue Jun 16 22:06:47 2026] [   2265]    71  2265   293037     1217       45     1166         6   233472      495             0 .postgres-wrapp
[Tue Jun 16 22:06:47 2026] [   2277]    71  2277   293065      557       21      521        15   167936      529             0 .postgres-wrapp
[Tue Jun 16 22:06:47 2026] [   2278]    71  2278   293037      391       19      367         5   159744      526             0 .postgres-wrapp
[Tue Jun 16 22:06:47 2026] [   2281]    71  2281   293037      405       18      383         4   159744      526             0 .postgres-wrapp
[Tue Jun 16 22:06:47 2026] [   2282]    71  2282   293429      577       50      492        35   163840      564             0 .postgres-wrapp
[Tue Jun 16 22:06:47 2026] [   2283]    71  2283   293401      490       44      415        31   139264      558             0 .postgres-wrapp
[Tue Jun 16 22:06:47 2026] [   2289]     0  2289     9285     9278     2389     6889         0   118784        0             0 greetd
[Tue Jun 16 22:06:47 2026] [   2298]  1000  2298   453975     2709     1676      751       282   843776    10546             0 sway
[Tue Jun 16 22:06:47 2026] [   2355]  1000  2355    31993      658        1      657         0   143360     1667             0 .mako-wrapped
[Tue Jun 16 22:06:47 2026] [   2356]  1000  2356     1546      850        1      849         0    53248       70             0 swayidle
[Tue Jun 16 22:06:47 2026] [   2384]  1000  2384      919      535        1      534         0    49152       38             0 swaymsg
[Tue Jun 16 22:06:47 2026] [   2386]  1000  2386     1990      248        1      247         0    53248      142             0 sway-output-mon
[Tue Jun 16 22:06:47 2026] [   2388]  1000  2388      919      535        1      534         0    53248       38             0 swaymsg
[Tue Jun 16 22:06:47 2026] [   2389]  1000  2389     1990      287        1      286         0    53248      143             0 bash
[Tue Jun 16 22:06:47 2026] [   2402]  1000  2402     3028      735        2      733         0    69632      211           200 socat
[Tue Jun 16 22:06:47 2026] [   2405]  1000  2405    61428     2345      427     1918         0    90112     1436           200 .keyd-applicati
[Tue Jun 16 22:06:47 2026] [   2410]  1000  2410   856310     5666     2596     3070         0  2183168    96779             0 .kitty-wrapped
[Tue Jun 16 22:06:47 2026] [   2412]  1000  2412   105738      977      124      853         0   196608     1805             0 polkit-gnome-au
[Tue Jun 16 22:06:47 2026] [   2548]  1000  2548   247546     1335      358      977         0   208896      622           200 .xdg-desktop-po
[Tue Jun 16 22:06:47 2026] [   2597]  1000  2597   133428      642        2      640         0   110592      152           200 .xdg-permission
[Tue Jun 16 22:06:47 2026] [   2633]  1000  2633   246730      752       91      661         0   180224      115           200 .xdg-document-p
[Tue Jun 16 22:06:47 2026] [   2654]  1000  2654      668      479        1      478         0    49152       27           200 fusermount3
[Tue Jun 16 22:06:47 2026] [   2658]  1000  2658   344212     2418     1558      860         0   385024    11750           200 .xdg-desktop-po
[Tue Jun 16 22:06:47 2026] [   2712]  1000  2712   312212      138      136        2         0   147456     1900             0 kitten
[Tue Jun 16 22:06:47 2026] [   2749]  1000  2749   357489    21565    21078      487         0  2908160   277198             0 tmux: server
[Tue Jun 16 22:06:47 2026] [   2767]  1000  2767     2968      604        3      601         0    73728     1131             0 bash
[Tue Jun 16 22:06:47 2026] [   2783]  1000  2783     2968     1308      675      633         0    73728      476             0 bash
[Tue Jun 16 22:06:47 2026] [   2822]  1000  2822    41137      624      100      524         0    81920      117           200 playerctld
[Tue Jun 16 22:06:47 2026] [   2949]  1000  2949    79855      784      149      635         0   122880      383             0 nmcli
[Tue Jun 16 22:06:47 2026] [   2950]  1000  2950     1990      299        1      298         0    57344      145             0 vpn-status
[Tue Jun 16 22:06:47 2026] [   3412]   994  3412   173613     1816      382     1434         0   159744      582             0 nsncd
[Tue Jun 16 22:06:47 2026] [   3523]  1000  3523    80196      451        1      450         0   114688      322             0 .gnome-keyring-
[Tue Jun 16 22:06:47 2026] [   6817]  1000  6817     2953      586        1      585         0    57344     1140             0 bash
[Tue Jun 16 22:06:47 2026] [   6945]  1000  6945     2968      620        3      617         0    73728     1131             0 bash
[Tue Jun 16 22:06:47 2026] [  11410]     0 11410   159658     1586        3     1583         0   253952     1499             0 nix-daemon
[Tue Jun 16 22:06:47 2026] [  42332]  1000 42332   417583       31       30        1         0  2793472   313906           200 semgrep-core
[Tue Jun 16 22:06:47 2026] [  74302]  1000 74302      669      383       11      372         0    49152       21             0 emacsclient
[Tue Jun 16 22:06:47 2026] [  74865]  1000 74865     3101      615        3      612         0    61440     1274             0 bash
[Tue Jun 16 22:06:47 2026] [  83658]  1000 83658   114831     3987     2756     1224         7   212992     5703           200 pipewire
[Tue Jun 16 22:06:47 2026] [  83659]  1000 83659   101656     1538      562      976         0   135168     1793           200 pipewire-pulse
[Tue Jun 16 22:06:47 2026] [  83660]  1000 83660   235798     2563      853     1710         0   221184     1052           200 wireplumber
[Tue Jun 16 22:06:47 2026] [  83688]  1000 83688    21011      617       58      559         0    73728      170           200 .xdg-desktop-po
[Tue Jun 16 22:06:47 2026] [ 308238]  1000 308238     3180      675       42      633         0    69632     1321             0 bash
[Tue Jun 16 22:06:47 2026] [ 399920]  1000 399920  1583457     3079     2317      762         0  1409024     5596             0 yazi
[Tue Jun 16 22:06:47 2026] [ 406435]  1000 406435   171886      894        1      893         0   266240     9920           200 wezterm-mux-ser
[Tue Jun 16 22:06:47 2026] [ 406440]  1000 406440    58937      473        1      472         0    73728     1130           200 bash
[Tue Jun 16 22:06:47 2026] [ 596505]  1000 596505    59377      572        1      571         0    77824      191           200 aspell
[Tue Jun 16 22:06:47 2026] [1047720]  1000 1047720     1625      535       14      521         0    57344       49             0 inotifywait
[Tue Jun 16 22:06:47 2026] [1047721]  1000 1047721     1990      355       16      339         0    61440      136             0 file-watcher.sh
[Tue Jun 16 22:06:47 2026] [1795054]  1000 1795054     2969      636        3      633         0    69632     1153             0 bash
[Tue Jun 16 22:06:47 2026] [3503506]  1000 3503506     3005      658       31      627         0    69632     1156             0 bash
[Tue Jun 16 22:06:47 2026] [3660553]  1000 3660553     2239      392       14      376         2    65536      213             0 httpd
[Tue Jun 16 22:06:47 2026] [3660555]  1000 3660555     2239      169        6      161         2    65536      225             0 httpd
[Tue Jun 16 22:06:47 2026] [3660556]  1000 3660556     2239      169        6      161         2    65536      225             0 httpd
[Tue Jun 16 22:06:47 2026] [3660557]  1000 3660557     2239      169        6      161         2    65536      225             0 httpd
[Tue Jun 16 22:06:47 2026] [3660558]  1000 3660558     2239      169        6      161         2    65536      225             0 httpd
[Tue Jun 16 22:06:47 2026] [3660559]  1000 3660559     2239      169        6      161         2    65536      225             0 httpd
[Tue Jun 16 22:06:47 2026] [3663065]  1000 3663065     2970      663        3      660         0    69632     1155             0 bash
[Tue Jun 16 22:06:47 2026] [3664117]  1000 3664117  1525846     1633      966      667         0  1048576    58067           200 Microsoft.Pytho
[Tue Jun 16 22:06:47 2026] [ 431470]  1000 431470     3010      631        3      628         0    69632     1185             0 bash
[Tue Jun 16 22:06:47 2026] [ 524545]  1000 524545   773567     2510     1315      913       282   507904     5132             0 .waybar-wrapped
[Tue Jun 16 22:06:47 2026] [2581079]  1000 2581079     3027      604        3      601         0    65536     1190             0 bash
[Tue Jun 16 22:06:47 2026] [2631337]  1000 2631337     3229      631        3      628         0    65536     1381             0 bash
[Tue Jun 16 22:06:47 2026] [ 253097]  1000 253097     3029      647        3      644         0    69632     1210             0 bash
[Tue Jun 16 22:06:47 2026] [1678811]  1000 1678811     3017      597        1      596         0    65536     1212             0 bash
[Tue Jun 16 22:06:47 2026] [1679013]  1000 1679013     2791      755       29      726         0    65536      130             0 tmux: client
[Tue Jun 16 22:06:47 2026] [2645199]  1000 2645199     3033      663        3      660         0    65536     1226             0 bash
[Tue Jun 16 22:06:47 2026] [ 443596]  1000 443596   548754      953      556      397         0   233472      301           200 .ssh-agent-guar
[Tue Jun 16 22:06:47 2026] [ 443600]  1000 443600    42025      632       42      590         0   122880      431           200 atuin
[Tue Jun 16 22:06:47 2026] [ 839109]  1000 839109     2791      746       20      726         0    65536      139             0 tmux: client
[Tue Jun 16 22:06:47 2026] [ 849019]  1000 849019     3043      634        1      633         0    65536     1239             0 bash
[Tue Jun 16 22:06:47 2026] [ 854438]    28 854438    96380      964      169      795         0   122880      384             0 polkitd
[Tue Jun 16 22:06:47 2026] [ 865816]  1000 865816     3034      614        3      611         0    65536     1228             0 bash
[Tue Jun 16 22:06:47 2026] [1579017]  1000 1579017     2791      756       28      728         0    65536      131             0 tmux: client
[Tue Jun 16 22:06:47 2026] [1579019]  1000 1579019     3036      625        3      622         0    69632     1230             0 bash
[Tue Jun 16 22:06:47 2026] [1579180]  1000 1579180     3259      686       42      644         0    65536     1353             0 bash
[Tue Jun 16 22:06:47 2026] [1586586]  1000 1586586 365071234     2571     2444      126         1  1802240    13653             0 1password
[Tue Jun 16 22:06:47 2026] [1586592]  1000 1586592  8522391       84       12       72         0   389120     2438             0 1password
[Tue Jun 16 22:06:47 2026] [1586593]  1000 1586593  8522388       98        2       96         0   421888     2424             0 1password
[Tue Jun 16 22:06:47 2026] [1586605]  1000 1586605  8522395        2        1        1         0   237568     2451             0 1password
[Tue Jun 16 22:06:47 2026] [1586695]  1000 1586695  8656723      562      511       50         1  1302528    32395           200 1password
[Tue Jun 16 22:06:47 2026] [1586698]  1000 1586698  8475429      225      115      110         0   487424     2596             0 1password
[Tue Jun 16 22:06:47 2026] [1586704]  1000 1586704   253532     1040       47      976        17   540672     5992             0 Xwayland
[Tue Jun 16 22:06:47 2026] [1625852]  1000 1625852     3205      631        1      630         0    65536     1358             0 bash
[Tue Jun 16 22:06:47 2026] [1654499]  1000 1654499    92745     2947        1     2946         0   204800    11336           200 ipython
[Tue Jun 16 22:06:47 2026] [1742658]  1000 1742658     3043      625        1      624         0    65536     1238             0 bash
[Tue Jun 16 22:06:47 2026] [2481154]  1000 2481154     4191      620        1      619         0    69632      260             0 .swaybg-wrapped
[Tue Jun 16 22:06:47 2026] [2504685]  1000 2504685      669      434       12      422         0    49152       20             0 emacsclient
[Tue Jun 16 22:06:47 2026] [2605302]  1000 2605302     3123     1415      798      617         0    69632      493             0 bash
[Tue Jun 16 22:06:47 2026] [2692295]  1000 2692295     3038      634        1      633         0    69632     1234             0 bash
[Tue Jun 16 22:06:47 2026] [4014491]     0 4014491     5629     2762      449     2313         0    86016       26             0 sshd-session
[Tue Jun 16 22:06:47 2026] [4014494]  1000 4014494     5727     1583      588      995         0    94208       21             0 sshd-session
[Tue Jun 16 22:06:47 2026] [4014495]  1000 4014495     2789      884      157      727         0    65536        0             0 tmux: client
[Tue Jun 16 22:06:47 2026] [4142798]  1000 4142798    43969      583        1      582         0   131072     1381             0 nu
[Tue Jun 16 22:06:47 2026] [4142802]  1000 4142802    43750      547        1      546         0   131072     1139             0 nu
[Tue Jun 16 22:06:47 2026] [4142805]  1000 4142805     1990      549        1      548         0    49152      139             0 bash
[Tue Jun 16 22:06:47 2026] [4142807]  1000 4142807 12895534     7218     6066      884       268  2867200    46217             0 chromium
[Tue Jun 16 22:06:47 2026] [4142820]  1000 4142820 12586551      487        2      485         0    73728       87             0 chrome_crashpad
[Tue Jun 16 22:06:47 2026] [4142822]  1000 4142822 12584496      480        2      478         0    73728       82             0 chrome_crashpad
[Tue Jun 16 22:06:47 2026] [4142826]  1000 4142826 12748640      737       20      717         0   442368     3693             0 chromium
[Tue Jun 16 22:06:47 2026] [4142827]  1000 4142827 12748638     1146      430      716         0   458752     3260             0 chromium
[Tue Jun 16 22:06:47 2026] [4142829]  1000 4142829 12748644      573      430      143         0   266240     3287             0 chromium
[Tue Jun 16 22:06:47 2026] [4142876]  1000 4142876 12873449     1748      971      752        25  1658880    24575           200 chromium
[Tue Jun 16 22:06:47 2026] [4142879]  1000 4142879 12748000     3542     2630      799       113  1032192     6644           200 chromium
[Tue Jun 16 22:06:47 2026] [4142890]  1000 4142890 12766372     1256      679      569         8   643072     3906           200 chromium
[Tue Jun 16 22:06:47 2026] [4142958]  1000 4142958 379726366     4279     3447      688       144  2060288    38110           300 chromium
[Tue Jun 16 22:06:47 2026] [4142972]  1000 4142972 380217418     1504      866      584        54  1499136    21357           300 chromium
[Tue Jun 16 22:06:47 2026] [4143021]  1000 4143021 379719392     2328     1522      680       126  1286144    13530           300 chromium
[Tue Jun 16 22:06:47 2026] [4143058]  1000 4143058   458880        5        3        2         0   307200      276             0 1Password-Brows
[Tue Jun 16 22:06:47 2026] [4143239]  1000 4143239 379720538     1946     1150      680       116  1331200    14181           300 chromium
[Tue Jun 16 22:06:47 2026] [4143266]  1000 4143266 379721699     2442     1642      680       120  1392640    17239           300 chromium
[Tue Jun 16 22:06:47 2026] [4143267]  1000 4143267 380215098     8886     8071      680       135  2424832    36938           300 chromium
[Tue Jun 16 22:06:47 2026] [4143278]  1000 4143278 379702541     1306      611      616        79  1056768     6116           300 chromium
[Tue Jun 16 22:06:47 2026] [4143307]  1000 4143307 379716784     8258     7451      680       127  2027520    30452           300 chromium
[Tue Jun 16 22:06:47 2026] [4143320]  1000 4143320 379706857     1314      638      600        76  1032192     7468           300 chromium
[Tue Jun 16 22:06:47 2026] [4143340]  1000 4143340 380194029     1270      567      632        71  1003520     6212           300 chromium
[Tue Jun 16 22:06:47 2026] [4143349]  1000 4143349 379714869     1741     1042      616        83  1101824     9548           300 chromium
[Tue Jun 16 22:06:47 2026] [4143414]  1000 4143414 379719003     2689     1923      680        86  1363968    16936           300 chromium
[Tue Jun 16 22:06:47 2026] [4143495]  1000 4143495 12716109      881       98      783         0   581632     3790           200 chromium
[Tue Jun 16 22:06:47 2026] [4143552]  1000 4143552 379721389     5860     5023      680       157  1843200    30864           300 chromium
[Tue Jun 16 22:06:47 2026] [4143584]  1000 4143584 381691999     1853     1091      680        82  1921024    26075           300 chromium
[Tue Jun 16 22:06:47 2026] [4143641]  1000 4143641 380212399     1814     1016      680       118  1409024    11602           300 chromium
[Tue Jun 16 22:06:47 2026] [4143662]  1000 4143662 379716222     3069     2328      616       125  1499136    11842           300 chromium
[Tue Jun 16 22:06:47 2026] [4143690]  1000 4143690 379728123     3027     2197      696       134  1425408    17466           300 chromium
[Tue Jun 16 22:06:47 2026] [4143777]  1000 4143777   903880    21748    21185      563         0  1589248    49699             0 agentsview
[Tue Jun 16 22:06:47 2026] [4143845]  1000 4143845 379707917     1568      842      616       110  1257472    11451           300 chromium
[Tue Jun 16 22:06:47 2026] [4143854]  1000 4143854 379717351     2756     1958      680       118  1396736    17354           300 chromium
[Tue Jun 16 22:06:47 2026] [4143902]  1000 4143902 379719677     2478     1687      680       111  1388544    17621           300 chromium
[Tue Jun 16 22:06:47 2026] [4143912]  1000 4143912 379719792     1706      916      680       110  1380352    16114           300 chromium
[Tue Jun 16 22:06:47 2026] [4143967]  1000 4143967 379721247     1740     1015      616       109  1540096    21387           300 chromium
[Tue Jun 16 22:06:47 2026] [4144030]  1000 4144030 379722410     7955     7151      664       140  1658880    20388           300 chromium
[Tue Jun 16 22:06:47 2026] [4144083]  1000 4144083 380211115     2300     1507      680       113  1429504    18119           300 chromium
[Tue Jun 16 22:06:47 2026] [4144161]  1000 4144161 379719825     2732     1925      680       127  1478656    13702           300 chromium
[Tue Jun 16 22:06:47 2026] [4144213]  1000 4144213 380215951     5998     5160      696       142  2641920    29785           300 chromium
[Tue Jun 16 22:06:47 2026] [4144227]  1000 4144227 379716951     1959     1210      680        69  1200128     9898           300 chromium
[Tue Jun 16 22:06:47 2026] [4144254]  1000 4144254 379718898     1954     1159      680       115  1974272    26540           300 chromium
[Tue Jun 16 22:06:47 2026] [4144278]  1000 4144278 379717126     1644      919      616       109  1388544    16041           300 chromium
[Tue Jun 16 22:06:47 2026] [4144290]  1000 4144290 379716983     2205     1500      616        89  1253376    10519           300 chromium
[Tue Jun 16 22:06:47 2026] [4144395]  1000 4144395 379725422     8268     7427      696       145  1630208    20394           300 chromium
[Tue Jun 16 22:06:47 2026] [4144450]  1000 4144450 379718237     1341      615      616       110  1175552     7781           300 chromium
[Tue Jun 16 22:06:47 2026] [4144484]  1000 4144484 379700492     1302      606      616        80  1048576     6165           300 chromium
[Tue Jun 16 22:06:47 2026] [4144502]  1000 4144502 379704687     1287      593      616        78  1044480     6567           300 chromium
[Tue Jun 16 22:06:47 2026] [4144525]  1000 4144525 380198159     1339      635      632        72  1347584    31382           300 chromium
[Tue Jun 16 22:06:47 2026] [4144575]  1000 4144575 379718208     1917     1189      616       112  1531904    20667           300 chromium
[Tue Jun 16 22:06:47 2026] [4144614]  1000 4144614 379706131     1317      625      616        76  1077248     6371           300 chromium
[Tue Jun 16 22:06:47 2026] [4144626]  1000 4144626 379671569     1192      550      569        73   815104     4528           300 chromium
[Tue Jun 16 22:06:47 2026] [4147355]  1000 4147355   190620     3313     3312        1         0   757760    15808             0 codex
[Tue Jun 16 22:06:47 2026] [4166093]  1000 4166093 18512927     5528     4886      642         0  1470464    58866             0 claude
[Tue Jun 16 22:06:47 2026] [4175281]  1000 4175281   113303      617       97      520         0    81920        3           200 gpg-agent
[Tue Jun 16 22:06:47 2026] [   2506]  1000  2506    76929      566      105      461         0    73728        0           200 scdaemon
[Tue Jun 16 22:06:47 2026] [   2509]     0  2509   101929     1292      495      797         0   122880       35             0 pcscd
[Tue Jun 16 22:06:47 2026] [   9037]  1000  9037     3099     1615     1020      595         0    69632      228             0 bash
[Tue Jun 16 22:06:47 2026] [  25074]  1000 25074 15504541  4673887  4673331      556         0 70680576   736851             0 queens
[Tue Jun 16 22:06:47 2026] [  29702]  1000 29702   201009     1128      524      604         0   249856     5054             0 cargo
[Tue Jun 16 22:06:47 2026] [  29727]  1000 29727    13747      867      319      548         0   139264     3754             0 cargo
[Tue Jun 16 22:06:47 2026] [  29762]  1000 29762   180763    27311    26672      639         0  1212416    31506             0 rustc
[Tue Jun 16 22:06:47 2026] [  29925]  1000 29925   146715    20823    20237      586         0   983040    21148             0 rustc
[Tue Jun 16 22:06:47 2026] [  29928]  1000 29928   129665    22945    22375      570         0   864256    12404             0 rustc
[Tue Jun 16 22:06:47 2026] [  29929]  1000 29929   136603    28591    28004      587         0   901120    10012             0 rustc
[Tue Jun 16 22:06:47 2026] [  29930]  1000 29930   138779    26614    26025      589         0   933888    12562             0 rustc
[Tue Jun 16 22:06:47 2026] [  30025]  1000 30025   131943    13432    12894      538         0   847872     1715             0 rustc
[Tue Jun 16 22:06:47 2026] [  30026]  1000 30026   128284    29659    29072      587         0   839680     2433             0 rustc
[Tue Jun 16 22:06:47 2026] [  30027]  1000 30027   140806    15115    14561      554         0   835584     1514             0 rustc
[Tue Jun 16 22:06:47 2026] [  30028]  1000 30028   140546    10308     9761      547         0   892928     1661             0 rustc
[Tue Jun 16 22:06:47 2026] [  30029]  1000 30029   127003    28464    27882      582         0   774144     2013             0 rustc
[Tue Jun 16 22:06:47 2026] [  30119]  1000 30119     1990      702      140      562         0    53248        0             0 sh
[Tue Jun 16 22:06:47 2026] [  30123]  1000 30123     1143      344       51      293         0    40960        0             0 sh
[Tue Jun 16 22:06:47 2026] oom-kill:constraint=CONSTRAINT_NONE,nodemask=(null),cpuset=user.slice,mems_allowed=0,global_oom,task_memcg=/user.slice/user-1000.slice/user@1000.service/kitty-2410-18.scope,task=queens,pid=25074,uid=1000
[Tue Jun 16 22:06:47 2026] Out of memory: Killed process 25074 (queens) total-vm:62018164kB, anon-rss:18693324kB, file-rss:2224kB, shmem-rss:0kB, UID:1000 pgtables:69024kB oom_score_adj:0
[Tue Jun 16 22:06:51 2026] oom_reaper: reaped process 25074 (queens), now anon-rss:0kB, file-rss:0kB, shmem-rss:0kB
[Tue Jun 16 22:17:46 2026] queens invoked oom-killer: gfp_mask=0x140cca(GFP_HIGHUSER_MOVABLE|__GFP_COMP), order=0, oom_score_adj=0
[Tue Jun 16 22:17:46 2026] CPU: 23 UID: 1000 PID: 38334 Comm: queens Kdump: loaded Tainted: P S         O        7.0.9 #1-NixOS PREEMPT(lazy) 
[Tue Jun 16 22:17:46 2026] Tainted: [P]=PROPRIETARY_MODULE, [S]=CPU_OUT_OF_SPEC, [O]=OOT_MODULE
[Tue Jun 16 22:17:46 2026] Hardware name: GEEKOM A9 Max/A9 Max, BIOS 0.18 06/26/2025
[Tue Jun 16 22:17:46 2026] Call Trace:
[Tue Jun 16 22:17:46 2026]  <TASK>
[Tue Jun 16 22:17:46 2026]  dump_stack_lvl+0x5d/0x80
[Tue Jun 16 22:17:46 2026]  dump_header+0x43/0x1b3
[Tue Jun 16 22:17:46 2026]  oom_kill_process.cold+0x8/0x89
[Tue Jun 16 22:17:46 2026]  out_of_memory+0x208/0x500
[Tue Jun 16 22:17:46 2026]  __alloc_frozen_pages_noprof+0x1389/0x14f0
[Tue Jun 16 22:17:46 2026]  ? kmem_cache_free+0xb9/0x3c0
[Tue Jun 16 22:17:46 2026]  alloc_pages_mpol+0x7d/0x160
[Tue Jun 16 22:17:46 2026]  vma_alloc_folio_noprof+0x6e/0xd0
[Tue Jun 16 22:17:46 2026]  ? swap_cache_get_folio+0x5d/0xf0
[Tue Jun 16 22:17:46 2026]  do_swap_page+0xd4e/0x18f0
[Tue Jun 16 22:17:46 2026]  ? place_entity+0x98/0x140
[Tue Jun 16 22:17:46 2026]  ? reweight_entity+0x290/0x310
[Tue Jun 16 22:17:46 2026]  __handle_mm_fault+0x9de/0xf90
[Tue Jun 16 22:17:46 2026]  ? sched_balance_trigger+0xbd/0x390
[Tue Jun 16 22:17:46 2026]  handle_mm_fault+0xec/0x2e0
[Tue Jun 16 22:17:46 2026]  do_user_addr_fault+0x211/0x670
[Tue Jun 16 22:17:46 2026]  exc_page_fault+0x6c/0x170
[Tue Jun 16 22:17:46 2026]  asm_exc_page_fault+0x26/0x30
[Tue Jun 16 22:17:46 2026] RIP: 0033:0x64461284f169
[Tue Jun 16 22:17:46 2026] Code: 45 25 49 b9 cd 8c 55 ed d7 af 51 ff 4a 8d 74 17 10 48 31 d3 49 0f af d9 48 8b 56 60 49 31 dc 48 c1 eb 20 4c 31 e3 49 0f af d9 <4a> 8b 14 c2 49 31 df 48 c1 eb 20 4c 31 fb 49 0f af d9 49 31 de 48
[Tue Jun 16 22:17:46 2026] RSP: 002b:00007834bbffadb0 EFLAGS: 00010a87
[Tue Jun 16 22:17:46 2026] RAX: 0000000000000000 RBX: 3983030a2423c3a5 RCX: 9fac0410c87ef049
[Tue Jun 16 22:17:46 2026] RDX: 000078358508a010 RSI: 000064461d12ada0 RDI: 000064461d12ad90
[Tue Jun 16 22:17:46 2026] RBP: bf58476d1ce4e5b9 R08: 0000000009fac041 R09: ff51afd7ed558ccd
[Tue Jun 16 22:17:46 2026] R10: 0000000000000000 R11: 94d049bb133111eb R12: ce4cfe0066b9ec39
[Tue Jun 16 22:17:46 2026] R13: 9e3779b97f4a7c15 R14: d400d4d4d4d4d4d4 R15: d4ccd4c4d4dcd4d4
[Tue Jun 16 22:17:46 2026]  </TASK>
[Tue Jun 16 22:17:46 2026] Mem-Info:
[Tue Jun 16 22:17:46 2026] active_anon:1979561 inactive_anon:2756041 isolated_anon:0
                            active_file:78 inactive_file:585 isolated_file:0
                            unevictable:19208 dirty:18 writeback:14
                            slab_reclaimable:106485 slab_unreclaimable:270137
                            mapped:7691 shmem:649 pagetables:22344
                            sec_pagetables:1256 bounce:0
                            kernel_misc_reclaimable:0
                            free:90575 free_pcp:954 free_cma:0
[Tue Jun 16 22:17:46 2026] Node 0 active_anon:7918244kB inactive_anon:11023800kB active_file:312kB inactive_file:2340kB unevictable:76832kB isolated(anon):0kB isolated(file):0kB mapped:30764kB dirty:72kB writeback:56kB shmem:2596kB shmem_thp:0kB shmem_pmdmapped:0kB anon_thp:0kB kernel_stack:18800kB pagetables:89376kB sec_pagetables:5024kB all_unreclaimable? no Balloon:0kB
[Tue Jun 16 22:17:46 2026] Node 0 DMA free:11264kB boost:0kB min:36kB low:48kB high:60kB reserved_highatomic:0KB free_highatomic:0KB active_anon:0kB inactive_anon:0kB active_file:0kB inactive_file:0kB unevictable:0kB writepending:0kB zspages:0kB present:15996kB managed:15360kB mlocked:0kB bounce:0kB free_pcp:0kB local_pcp:0kB free_cma:0kB
[Tue Jun 16 22:17:46 2026] lowmem_reserve[]: 0 1473 27520 27520 27520
[Tue Jun 16 22:17:46 2026] Node 0 DMA32 free:108808kB boost:0kB min:3620kB low:5128kB high:6636kB reserved_highatomic:0KB free_highatomic:0KB active_anon:183000kB inactive_anon:965164kB active_file:0kB inactive_file:92kB unevictable:0kB writepending:0kB zspages:101008kB present:1711856kB managed:1509332kB mlocked:0kB bounce:0kB free_pcp:1504kB local_pcp:0kB free_cma:0kB
[Tue Jun 16 22:17:46 2026] lowmem_reserve[]: 0 0 26046 26046 26046
[Tue Jun 16 22:17:46 2026] Node 0 Normal free:241864kB boost:175816kB min:239740kB low:266384kB high:293028kB reserved_highatomic:0KB free_highatomic:0KB active_anon:7735328kB inactive_anon:10058664kB active_file:0kB inactive_file:2100kB unevictable:76832kB writepending:128kB zspages:5438832kB present:27231744kB managed:26671768kB mlocked:76824kB bounce:0kB free_pcp:2524kB local_pcp:744kB free_cma:0kB
[Tue Jun 16 22:17:46 2026] lowmem_reserve[]: 0 0 0 0 0
[Tue Jun 16 22:17:46 2026] Node 0 DMA: 0*4kB 0*8kB 0*16kB 0*32kB 0*64kB 0*128kB 0*256kB 0*512kB 1*1024kB (U) 1*2048kB (M) 2*4096kB (M) = 11264kB
[Tue Jun 16 22:17:46 2026] Node 0 DMA32: 27*4kB (UME) 139*8kB (UME) 230*16kB (UME) 245*32kB (UME) 263*64kB (UME) 186*128kB (UME) 84*256kB (UME) 27*512kB (UME) 9*1024kB (UE) 5*2048kB (UM) 0*4096kB = 108164kB
[Tue Jun 16 22:17:46 2026] Node 0 Normal: 58*4kB (U) 55*8kB (UM) 19*16kB (UM) 1137*32kB (UME) 1271*64kB (UE) 426*128kB (UE) 160*256kB (UE) 46*512kB (UE) 0*1024kB 0*2048kB 0*4096kB = 237744kB
[Tue Jun 16 22:17:46 2026] Node 0 hugepages_total=0 hugepages_free=0 hugepages_surp=0 hugepages_size=1048576kB
[Tue Jun 16 22:17:46 2026] Node 0 hugepages_total=0 hugepages_free=0 hugepages_surp=0 hugepages_size=2048kB
[Tue Jun 16 22:17:46 2026] 15639 total pagecache pages
[Tue Jun 16 22:17:46 2026] 8122 pages in swap cache
[Tue Jun 16 22:17:46 2026] Free swap  = 52kB
[Tue Jun 16 22:17:46 2026] Total swap = 14097916kB
[Tue Jun 16 22:17:46 2026] 7239899 pages RAM
[Tue Jun 16 22:17:46 2026] 0 pages HighMem/MovableOnly
[Tue Jun 16 22:17:46 2026] 190784 pages reserved
[Tue Jun 16 22:17:46 2026] 0 pages cma reserved
[Tue Jun 16 22:17:46 2026] 0 pages hwpoisoned
[Tue Jun 16 22:17:46 2026] Memory allocations (profiling is currently turned on):
[Tue Jun 16 22:17:46 2026]     15.5 GiB  4050215 mm/memory.c:1204 func:folio_prealloc
[Tue Jun 16 22:17:46 2026]     4.15 GiB  1087258 mm/zsmalloc.c:239 func:alloc_zpdesc
[Tue Jun 16 22:17:46 2026]     2.51 GiB   657289 mm/memory.c:4542 func:__alloc_swap_folio
[Tue Jun 16 22:17:46 2026]     1.39 GiB   101904 mm/slub.c:3292 func:alloc_slab_page
[Tue Jun 16 22:17:46 2026]     1.14 GiB   297837 mm/compaction.c:1847 func:compaction_alloc
[Tue Jun 16 22:17:46 2026]      578 MiB    33919 /build/source/module/os/linux/zfs/abd_os.c:295 [abd_os] func:abd_alloc_chunks
[Tue Jun 16 22:17:46 2026]      394 MiB   101334 /build/source/module/os/linux/spl/spl-kmem-cache.c:145 [spl_kmem_cache] func:kv_alloc
[Tue Jun 16 22:17:46 2026]      221 MiB      265 drivers/gpu/drm/ttm/ttm_pool.c:161 [ttm] func:ttm_pool_alloc_page
[Tue Jun 16 22:17:46 2026]      156 MiB    39866 mm/memory.c:1206 func:folio_prealloc
[Tue Jun 16 22:17:46 2026]      124 MiB   152499 /build/source/module/os/linux/spl/spl-kmem-cache.c:1222 [spl_kmem_cache] func:spl_kmem_cache_alloc
[Tue Jun 16 22:17:46 2026] Memory cgroup min protection 0kB -- low protection 0kB
[Tue Jun 16 22:17:46 2026] Tasks state (memory values in pages):
[Tue Jun 16 22:17:46 2026] [  pid  ]   uid  tgid total_vm      rss rss_anon rss_file rss_shmem pgtables_bytes swapents oom_score_adj name
[Tue Jun 16 22:17:46 2026] [   1275]     0  1275    62934      963      311      650         2   512000      486          -250 systemd-journal
[Tue Jun 16 22:17:46 2026] [   1290]     0  1290    10573     1353      670      683         0    98304      494         -1000 systemd-udevd
[Tue Jun 16 22:17:46 2026] [   1307]   154  1307    24216      779       42      737         0    98304      317             0 systemd-timesyn
[Tue Jun 16 22:17:46 2026] [   1512]   992  1512     4393      707       42      665         0    77824      248          -900 systemd-oomd
[Tue Jun 16 22:17:46 2026] [   1708]   999  1708     1805      515      144      371         0    57344       56             0 avahi-daemon
[Tue Jun 16 22:17:46 2026] [   1709]     0  1709     3320      456      132      324         0    73728      224             0 bluetoothd
[Tue Jun 16 22:17:46 2026] [   1713]     4  1713     4678     1208      399      809         0    81920      306          -900 dbus-daemon
[Tue Jun 16 22:17:46 2026] [   1714]     0  1714    10350    10340     9753      587         0   126976        0             0 keyd
[Tue Jun 16 22:17:46 2026] [   1725]     0  1725    43988      637        1      636         0    98304      374             0 zed
[Tue Jun 16 22:17:46 2026] [   1760]     0  1760     5152      850      131      719         0    86016      272             0 systemd-logind
[Tue Jun 16 22:17:46 2026] [   1911]  1000  1911     5974     1443      391     1052         0    86016      368           100 systemd
[Tue Jun 16 22:17:46 2026] [   1936]  1000  1936     6817      295        1      294         0    86016      480           100 (sd-pam)
[Tue Jun 16 22:17:46 2026] [   2000]  1000  2000     1846      748      246      502         0    57344       47           200 dbus-daemon
[Tue Jun 16 22:17:46 2026] [   2004]  1000  2004     2309      308      307        1         0    57344      538           200 ra-multiplex
[Tue Jun 16 22:17:46 2026] [   2008]  1000  2008   178419     3507     2838      669         0   995328    83220           200 emacs
[Tue Jun 16 22:17:46 2026] [   2083]     0  2083    84842     1576      507     1069         0   167936      690             0 NetworkManager
[Tue Jun 16 22:17:46 2026] [   2214]     0  2214     4853     1488      191     1297         0    81920      386             0 wpa_supplicant
[Tue Jun 16 22:17:46 2026] [   2238]   995  2238   403314      450       17      433         0   172032      759             0 node_exporter
[Tue Jun 16 22:17:46 2026] [   2239]     0  2239     3045     1059       12     1047         0    65536      296         -1000 sshd
[Tue Jun 16 22:17:46 2026] [   2252]     0  2252      961      954      129      825         0    53248        0             0 greetd
[Tue Jun 16 22:17:46 2026] [   2265]    71  2265   293037     1219       47     1166         6   233472      493             0 .postgres-wrapp
[Tue Jun 16 22:17:46 2026] [   2277]    71  2277   293065      560       24      521        15   167936      526             0 .postgres-wrapp
[Tue Jun 16 22:17:46 2026] [   2278]    71  2278   293037      398       26      367         5   159744      519             0 .postgres-wrapp
[Tue Jun 16 22:17:46 2026] [   2281]    71  2281   293037      406       19      383         4   159744      525             0 .postgres-wrapp
[Tue Jun 16 22:17:46 2026] [   2282]    71  2282   293429      585       58      492        35   163840      556             0 .postgres-wrapp
[Tue Jun 16 22:17:46 2026] [   2283]    71  2283   293401      498       52      415        31   139264      550             0 .postgres-wrapp
[Tue Jun 16 22:17:46 2026] [   2289]     0  2289     9285     9278     2389     6889         0   118784        0             0 greetd
[Tue Jun 16 22:17:46 2026] [   2298]  1000  2298   451721     2227     1392      751        84   835584    10830             0 sway
[Tue Jun 16 22:17:46 2026] [   2355]  1000  2355    31993      657        0      657         0   143360     1668             0 .mako-wrapped
[Tue Jun 16 22:17:46 2026] [   2356]  1000  2356     1546      850        1      849         0    53248       70             0 swayidle
[Tue Jun 16 22:17:46 2026] [   2384]  1000  2384      919      535        1      534         0    49152       38             0 swaymsg
[Tue Jun 16 22:17:46 2026] [   2386]  1000  2386     1990      248        1      247         0    53248      142             0 sway-output-mon
[Tue Jun 16 22:17:46 2026] [   2388]  1000  2388      919      534        0      534         0    53248       39             0 swaymsg
[Tue Jun 16 22:17:46 2026] [   2389]  1000  2389     1990      286        0      286         0    53248      144             0 bash
[Tue Jun 16 22:17:46 2026] [   2402]  1000  2402     3028      735        2      733         0    69632      211           200 socat
[Tue Jun 16 22:17:46 2026] [   2405]  1000  2405    61428     2410      492     1918         0    90112     1371           200 .keyd-applicati
[Tue Jun 16 22:17:46 2026] [   2410]  1000  2410   868025     5605     2550     3055         0  2277376   108493             0 .kitty-wrapped
[Tue Jun 16 22:17:46 2026] [   2412]  1000  2412   105738      855        2      853         0   196608     1927             0 polkit-gnome-au
[Tue Jun 16 22:17:46 2026] [   2548]  1000  2548   263930     1342      365      977         0   217088      612           200 .xdg-desktop-po
[Tue Jun 16 22:17:46 2026] [   2597]  1000  2597   133428      642        2      640         0   110592      152           200 .xdg-permission
[Tue Jun 16 22:17:46 2026] [   2633]  1000  2633   246730      754       93      661         0   180224      113           200 .xdg-document-p
[Tue Jun 16 22:17:46 2026] [   2654]  1000  2654      668      479        1      478         0    49152       27           200 fusermount3
[Tue Jun 16 22:17:46 2026] [   2658]  1000  2658   344212     2454     1594      860         0   385024    11714           200 .xdg-desktop-po
[Tue Jun 16 22:17:46 2026] [   2712]  1000  2712   312212        2        0        2         0   147456     2036             0 kitten
[Tue Jun 16 22:17:46 2026] [   2749]  1000  2749   362535    46035    45547      488         0  2932736   255498             0 tmux: server
[Tue Jun 16 22:17:46 2026] [   2767]  1000  2767     2968      604        3      601         0    73728     1131             0 bash
[Tue Jun 16 22:17:46 2026] [   2783]  1000  2783     2968     1308      675      633         0    73728      476             0 bash
[Tue Jun 16 22:17:46 2026] [   2822]  1000  2822    41137      627      103      524         0    81920      114           200 playerctld
[Tue Jun 16 22:17:46 2026] [   2949]  1000  2949    79855      832      197      635         0   122880      335             0 nmcli
[Tue Jun 16 22:17:46 2026] [   2950]  1000  2950     1990      298        0      298         0    57344      146             0 vpn-status
[Tue Jun 16 22:17:46 2026] [   3412]   994  3412   173613     1821      387     1434         0   159744      577             0 nsncd
[Tue Jun 16 22:17:46 2026] [   3523]  1000  3523    80196      450        0      450         0   114688      323             0 .gnome-keyring-
[Tue Jun 16 22:17:46 2026] [   6817]  1000  6817     2953      585        0      585         0    57344     1141             0 bash
[Tue Jun 16 22:17:46 2026] [   6945]  1000  6945     2968      620        3      617         0    73728     1131             0 bash
[Tue Jun 16 22:17:46 2026] [  11410]     0 11410   159658     1584        1     1583         0   253952     1501             0 nix-daemon
[Tue Jun 16 22:17:46 2026] [  42332]  1000 42332   417583        4        3        1         0  2793472   313933           200 semgrep-core
[Tue Jun 16 22:17:46 2026] [  74302]  1000 74302      669      383       11      372         0    49152       21             0 emacsclient
[Tue Jun 16 22:17:46 2026] [  74865]  1000 74865     3101      615        3      612         0    61440     1274             0 bash
[Tue Jun 16 22:17:46 2026] [  83658]  1000 83658   114831     3889     2658     1224         7   212992     5773           200 pipewire
[Tue Jun 16 22:17:46 2026] [  83659]  1000 83659   101656     1532      556      976         0   135168     1799           200 pipewire-pulse
[Tue Jun 16 22:17:46 2026] [  83660]  1000 83660   235798     2526      816     1710         0   221184     1089           200 wireplumber
[Tue Jun 16 22:17:46 2026] [  83688]  1000 83688    21011      614       55      559         0    73728      173           200 .xdg-desktop-po
[Tue Jun 16 22:17:46 2026] [ 308238]  1000 308238     3180      675       42      633         0    69632     1321             0 bash
[Tue Jun 16 22:17:46 2026] [ 399920]  1000 399920  1583457     3059     2297      762         0  1409024     5615             0 yazi
[Tue Jun 16 22:17:46 2026] [ 406435]  1000 406435   171886      893        0      893         0   266240     9921           200 wezterm-mux-ser
[Tue Jun 16 22:17:46 2026] [ 406440]  1000 406440    58937      473        1      472         0    73728     1130           200 bash
[Tue Jun 16 22:17:46 2026] [ 596505]  1000 596505    59377      572        1      571         0    77824      191           200 aspell
[Tue Jun 16 22:17:46 2026] [1047720]  1000 1047720     1625      521        0      521         0    57344       63             0 inotifywait
[Tue Jun 16 22:17:46 2026] [1047721]  1000 1047721     1990      339        0      339         0    61440      152             0 file-watcher.sh
[Tue Jun 16 22:17:46 2026] [1795054]  1000 1795054     2969      636        3      633         0    69632     1153             0 bash
[Tue Jun 16 22:17:46 2026] [3503506]  1000 3503506     3005      658       31      627         0    69632     1156             0 bash
[Tue Jun 16 22:17:46 2026] [3660553]  1000 3660553     2239      392       14      376         2    65536      213             0 httpd
[Tue Jun 16 22:17:46 2026] [3660555]  1000 3660555     2239      169        6      161         2    65536      225             0 httpd
[Tue Jun 16 22:17:46 2026] [3660556]  1000 3660556     2239      169        6      161         2    65536      225             0 httpd
[Tue Jun 16 22:17:46 2026] [3660557]  1000 3660557     2239      169        6      161         2    65536      225             0 httpd
[Tue Jun 16 22:17:46 2026] [3660558]  1000 3660558     2239      169        6      161         2    65536      225             0 httpd
[Tue Jun 16 22:17:46 2026] [3660559]  1000 3660559     2239      169        6      161         2    65536      225             0 httpd
[Tue Jun 16 22:17:46 2026] [3663065]  1000 3663065     2970      663        3      660         0    69632     1155             0 bash
[Tue Jun 16 22:17:46 2026] [3664117]  1000 3664117  1525846     1958     1291      667         0  1048576    57742           200 Microsoft.Pytho
[Tue Jun 16 22:17:46 2026] [ 431470]  1000 431470     3010      631        3      628         0    69632     1185             0 bash
[Tue Jun 16 22:17:46 2026] [ 524545]  1000 524545   773567     2094     1097      913        84   507904     5350             0 .waybar-wrapped
[Tue Jun 16 22:17:46 2026] [2581079]  1000 2581079     3027      604        3      601         0    65536     1190             0 bash
[Tue Jun 16 22:17:46 2026] [2631337]  1000 2631337     3229      631        3      628         0    65536     1381             0 bash
[Tue Jun 16 22:17:46 2026] [ 253097]  1000 253097     3029      647        3      644         0    69632     1210             0 bash
[Tue Jun 16 22:17:46 2026] [1678811]  1000 1678811     3017      596        0      596         0    65536     1213             0 bash
[Tue Jun 16 22:17:46 2026] [1679013]  1000 1679013     2791      755       29      726         0    65536      130             0 tmux: client
[Tue Jun 16 22:17:46 2026] [2645199]  1000 2645199     3033      663        3      660         0    65536     1226             0 bash
[Tue Jun 16 22:17:46 2026] [ 443596]  1000 443596   548754     1003      606      397         0   233472      251           200 .ssh-agent-guar
[Tue Jun 16 22:17:46 2026] [ 443600]  1000 443600    42025      632       42      590         0   122880      431           200 atuin
[Tue Jun 16 22:17:46 2026] [ 839109]  1000 839109     2791      746       20      726         0    65536      139             0 tmux: client
[Tue Jun 16 22:17:46 2026] [ 849019]  1000 849019     3043      634        1      633         0    65536     1239             0 bash
[Tue Jun 16 22:17:46 2026] [ 854438]    28 854438    96380      955      160      795         0   122880      393             0 polkitd
[Tue Jun 16 22:17:46 2026] [ 865816]  1000 865816     3034      614        3      611         0    65536     1228             0 bash
[Tue Jun 16 22:17:46 2026] [1579017]  1000 1579017     2791      757       29      728         0    65536      130             0 tmux: client
[Tue Jun 16 22:17:46 2026] [1579019]  1000 1579019     3036      625        3      622         0    69632     1230             0 bash
[Tue Jun 16 22:17:46 2026] [1579180]  1000 1579180     3259      686       42      644         0    65536     1353             0 bash
[Tue Jun 16 22:17:46 2026] [1586586]  1000 1586586 365071234     2453     2327      126         0  1802240    13768             0 1password
[Tue Jun 16 22:17:46 2026] [1586592]  1000 1586592  8522391       84       12       72         0   389120     2438             0 1password
[Tue Jun 16 22:17:46 2026] [1586593]  1000 1586593  8522388       98        2       96         0   421888     2424             0 1password
[Tue Jun 16 22:17:46 2026] [1586605]  1000 1586605  8522395        2        1        1         0   237568     2451             0 1password
[Tue Jun 16 22:17:46 2026] [1586695]  1000 1586695  8656723      966      916       50         0  1302528    31990           200 1password
[Tue Jun 16 22:17:46 2026] [1586698]  1000 1586698  8475429      202       92      110         0   487424     2619             0 1password
[Tue Jun 16 22:17:46 2026] [1586704]  1000 1586704   253532      994        1      976        17   540672     6038             0 Xwayland
[Tue Jun 16 22:17:46 2026] [1625852]  1000 1625852     3205      630        0      630         0    65536     1359             0 bash
[Tue Jun 16 22:17:46 2026] [1654499]  1000 1654499    92745     2947        1     2946         0   204800    11336           200 ipython
[Tue Jun 16 22:17:46 2026] [1742658]  1000 1742658     3043      624        0      624         0    65536     1239             0 bash
[Tue Jun 16 22:17:46 2026] [2481154]  1000 2481154     4191      620        1      619         0    69632      260             0 .swaybg-wrapped
[Tue Jun 16 22:17:46 2026] [2504685]  1000 2504685      669      434       12      422         0    49152       20             0 emacsclient
[Tue Jun 16 22:17:46 2026] [2605302]  1000 2605302     3123      617        0      617         0    69632     1291             0 bash
[Tue Jun 16 22:17:46 2026] [2692295]  1000 2692295     3038      634        1      633         0    69632     1234             0 bash
[Tue Jun 16 22:17:46 2026] [4014491]     0 4014491     5629     2732      419     2313         0    86016       56             0 sshd-session
[Tue Jun 16 22:17:46 2026] [4014494]  1000 4014494     5727     1556      561      995         0    94208       49             0 sshd-session
[Tue Jun 16 22:17:46 2026] [4014495]  1000 4014495     2789      884      157      727         0    65536        0             0 tmux: client
[Tue Jun 16 22:17:46 2026] [4143777]  1000 4143777   922315    20205    19642      563         0  1626112    49364             0 agentsview
[Tue Jun 16 22:17:46 2026] [4147355]  1000 4147355   218074     9291     9251       40         0   790528    10981             0 codex
[Tue Jun 16 22:17:46 2026] [4166093]  1000 4166093 18512927    30494    29845      649         0  1474560    37953             0 claude
[Tue Jun 16 22:17:46 2026] [4175281]  1000 4175281   113303      617       97      520         0    81920        3           200 gpg-agent
[Tue Jun 16 22:17:46 2026] [   2506]  1000  2506    76929      566      105      461         0    73728        0           200 scdaemon
[Tue Jun 16 22:17:46 2026] [   2509]     0  2509   101929     1265      468      797         0   122880       62             0 pcscd
[Tue Jun 16 22:17:46 2026] [   9037]  1000  9037     3099     1631     1036      595         0    69632      212             0 bash
[Tue Jun 16 22:17:46 2026] [  38322]  1000 38322  8512332  4591330  4590728      602         0 50573312  1558156             0 queens
[Tue Jun 16 22:17:46 2026] [  38385]  1000 38385     4019     2506     1708      798         0    77824        0             0 htop
[Tue Jun 16 22:17:46 2026] [  40453]  1000 40453     1957      654      124      530         0    57344        0             0 sh
[Tue Jun 16 22:17:46 2026] oom-kill:constraint=CONSTRAINT_NONE,nodemask=(null),cpuset=user.slice,mems_allowed=0,global_oom,task_memcg=/user.slice/user-1000.slice/user@1000.service/kitty-2410-18.scope,task=queens,pid=38322,uid=1000
[Tue Jun 16 22:17:46 2026] Out of memory: Killed process 38322 (queens) total-vm:34049328kB, anon-rss:18362908kB, file-rss:2408kB, shmem-rss:0kB, UID:1000 pgtables:49388kB oom_score_adj:0
[Tue Jun 16 22:17:48 2026] oom_reaper: reaped process 38322 (queens), now anon-rss:0kB, file-rss:0kB, shmem-rss:0kB
[Tue Jun 16 22:25:46 2026] queens invoked oom-killer: gfp_mask=0x140cca(GFP_HIGHUSER_MOVABLE|__GFP_COMP), order=0, oom_score_adj=0
[Tue Jun 16 22:25:46 2026] CPU: 12 UID: 1000 PID: 43427 Comm: queens Kdump: loaded Tainted: P S         O        7.0.9 #1-NixOS PREEMPT(lazy) 
[Tue Jun 16 22:25:46 2026] Tainted: [P]=PROPRIETARY_MODULE, [S]=CPU_OUT_OF_SPEC, [O]=OOT_MODULE
[Tue Jun 16 22:25:46 2026] Hardware name: GEEKOM A9 Max/A9 Max, BIOS 0.18 06/26/2025
[Tue Jun 16 22:25:46 2026] Call Trace:
[Tue Jun 16 22:25:46 2026]  <TASK>
[Tue Jun 16 22:25:46 2026]  dump_stack_lvl+0x5d/0x80
[Tue Jun 16 22:25:46 2026]  dump_header+0x43/0x1b3
[Tue Jun 16 22:25:46 2026]  oom_kill_process.cold+0x8/0x89
[Tue Jun 16 22:25:46 2026]  out_of_memory+0x208/0x500
[Tue Jun 16 22:25:46 2026]  __alloc_frozen_pages_noprof+0x1389/0x14f0
[Tue Jun 16 22:25:46 2026]  ? kmem_cache_free+0xb9/0x3c0
[Tue Jun 16 22:25:46 2026]  alloc_pages_mpol+0x7d/0x160
[Tue Jun 16 22:25:46 2026]  vma_alloc_folio_noprof+0x6e/0xd0
[Tue Jun 16 22:25:46 2026]  ? swap_cache_get_folio+0x5d/0xf0
[Tue Jun 16 22:25:46 2026]  do_swap_page+0xd4e/0x18f0
[Tue Jun 16 22:25:46 2026]  ? set_ptes.isra.0+0x36/0x80
[Tue Jun 16 22:25:46 2026]  ? do_anonymous_page+0xfe/0x880
[Tue Jun 16 22:25:46 2026]  __handle_mm_fault+0x9de/0xf90
[Tue Jun 16 22:25:46 2026]  handle_mm_fault+0xec/0x2e0
[Tue Jun 16 22:25:46 2026]  do_user_addr_fault+0x211/0x670
[Tue Jun 16 22:25:46 2026]  exc_page_fault+0x6c/0x170
[Tue Jun 16 22:25:46 2026]  asm_exc_page_fault+0x26/0x30
[Tue Jun 16 22:25:46 2026] RIP: 0033:0x5c44157a1d9b
[Tue Jun 16 22:25:46 2026] Code: 4c 8d 57 10 48 89 ca 41 c1 e3 07 c4 02 bb f6 44 1a 70 4b 8b 74 1a 68 4c 39 c6 0f 86 f6 04 00 00 4d 01 da 49 89 db 49 8b 52 60 <4a> 8b 14 c2 f6 c2 01 74 1d 41 b0 37 48 89 d6 48 c1 ee 09 c4 42 b8
[Tue Jun 16 22:25:46 2026] RSP: 002b:0000792fb31f47a0 EFLAGS: 00010206
[Tue Jun 16 22:25:46 2026] RAX: 0000000000000001 RBX: 94d049bb133111eb RCX: 91ffff1d9e072a91
[Tue Jun 16 22:25:46 2026] RDX: 00007933f6994010 RSI: 0000000080000000 RDI: 00005c444e934d90
[Tue Jun 16 22:25:46 2026] RBP: bf58476d1ce4e5b9 R08: 0000000048ffff8e R09: f3b3ac6f260bbab1
[Tue Jun 16 22:25:46 2026] R10: 00005c444e934da0 R11: 94d049bb133111eb R12: ce4cfe0066b9ec39
[Tue Jun 16 22:25:46 2026] R13: 9e3779b97f4a7c15 R14: bd4ab2b5022f9437 R15: ed47d7dac2f30765
[Tue Jun 16 22:25:46 2026]  </TASK>
[Tue Jun 16 22:25:46 2026] Mem-Info:
[Tue Jun 16 22:25:46 2026] active_anon:3405579 inactive_anon:1451803 isolated_anon:0
                            active_file:298 inactive_file:1184 isolated_file:0
                            unevictable:19208 dirty:0 writeback:7
                            slab_reclaimable:105285 slab_unreclaimable:274199
                            mapped:8597 shmem:628 pagetables:26546
                            sec_pagetables:1256 bounce:0
                            kernel_misc_reclaimable:0
                            free:78910 free_pcp:1131 free_cma:0
[Tue Jun 16 22:25:46 2026] Node 0 active_anon:13622316kB inactive_anon:5807212kB active_file:1192kB inactive_file:4736kB unevictable:76832kB isolated(anon):0kB isolated(file):0kB mapped:34388kB dirty:0kB writeback:28kB shmem:2512kB shmem_thp:0kB shmem_pmdmapped:0kB anon_thp:0kB kernel_stack:17568kB pagetables:106184kB sec_pagetables:5024kB all_unreclaimable? no Balloon:0kB
[Tue Jun 16 22:25:46 2026] Node 0 DMA free:11264kB boost:0kB min:36kB low:48kB high:60kB reserved_highatomic:0KB free_highatomic:0KB active_anon:0kB inactive_anon:0kB active_file:0kB inactive_file:0kB unevictable:0kB writepending:0kB zspages:0kB present:15996kB managed:15360kB mlocked:0kB bounce:0kB free_pcp:0kB local_pcp:0kB free_cma:0kB
[Tue Jun 16 22:25:46 2026] lowmem_reserve[]: 0 1473 27520 27520 27520
[Tue Jun 16 22:25:46 2026] Node 0 DMA32 free:107676kB boost:0kB min:3620kB low:5128kB high:6636kB reserved_highatomic:0KB free_highatomic:0KB active_anon:1086104kB inactive_anon:45388kB active_file:0kB inactive_file:44kB unevictable:0kB writepending:0kB zspages:125736kB present:1711856kB managed:1509332kB mlocked:0kB bounce:0kB free_pcp:2864kB local_pcp:0kB free_cma:0kB
[Tue Jun 16 22:25:46 2026] lowmem_reserve[]: 0 0 26046 26046 26046
[Tue Jun 16 22:25:46 2026] Node 0 Normal free:196700kB boost:135168kB min:199092kB low:225736kB high:252380kB reserved_highatomic:0KB free_highatomic:0KB active_anon:12536180kB inactive_anon:5762144kB active_file:1216kB inactive_file:4660kB unevictable:76832kB writepending:28kB zspages:5022928kB present:27231744kB managed:26671768kB mlocked:76824kB bounce:0kB free_pcp:1660kB local_pcp:296kB free_cma:0kB
[Tue Jun 16 22:25:46 2026] lowmem_reserve[]: 0 0 0 0 0
[Tue Jun 16 22:25:46 2026] Node 0 DMA: 0*4kB 0*8kB 0*16kB 0*32kB 0*64kB 0*128kB 0*256kB 0*512kB 1*1024kB (U) 1*2048kB (M) 2*4096kB (M) = 11264kB
[Tue Jun 16 22:25:46 2026] Node 0 DMA32: 10*4kB (ME) 893*8kB (UME) 614*16kB (ME) 412*32kB (UME) 256*64kB (UME) 139*128kB (UME) 59*256kB (UME) 30*512kB (UME) 4*1024kB (M) 4*2048kB (M) 0*4096kB = 107120kB
[Tue Jun 16 22:25:46 2026] Node 0 Normal: 3835*4kB (UME) 479*8kB (UME) 68*16kB (UME) 1187*32kB (UME) 366*64kB (UME) 472*128kB (UME) 143*256kB (UME) 30*512kB (UM) 0*1024kB 0*2048kB 0*4096kB = 194052kB
[Tue Jun 16 22:25:46 2026] Node 0 hugepages_total=0 hugepages_free=0 hugepages_surp=0 hugepages_size=1048576kB
[Tue Jun 16 22:25:46 2026] Node 0 hugepages_total=0 hugepages_free=0 hugepages_surp=0 hugepages_size=2048kB
[Tue Jun 16 22:25:46 2026] 10683 total pagecache pages
[Tue Jun 16 22:25:46 2026] 1456 pages in swap cache
[Tue Jun 16 22:25:46 2026] Free swap  = 12kB
[Tue Jun 16 22:25:46 2026] Total swap = 14097916kB
[Tue Jun 16 22:25:46 2026] 7239899 pages RAM
[Tue Jun 16 22:25:46 2026] 0 pages HighMem/MovableOnly
[Tue Jun 16 22:25:46 2026] 190784 pages reserved
[Tue Jun 16 22:25:46 2026] 0 pages cma reserved
[Tue Jun 16 22:25:46 2026] 0 pages hwpoisoned
[Tue Jun 16 22:25:46 2026] Memory allocations (profiling is currently turned on):
[Tue Jun 16 22:25:46 2026]     16.3 GiB  4271370 mm/memory.c:1204 func:folio_prealloc
[Tue Jun 16 22:25:46 2026]     3.71 GiB   971382 mm/zsmalloc.c:239 func:alloc_zpdesc
[Tue Jun 16 22:25:46 2026]     2.22 GiB   582199 mm/memory.c:4542 func:__alloc_swap_folio
[Tue Jun 16 22:25:46 2026]     1.41 GiB   102105 mm/slub.c:3292 func:alloc_slab_page
[Tue Jun 16 22:25:46 2026]     1.21 GiB   316677 mm/compaction.c:1847 func:compaction_alloc
[Tue Jun 16 22:25:46 2026]      577 MiB    34284 /build/source/module/os/linux/zfs/abd_os.c:295 [abd_os] func:abd_alloc_chunks
[Tue Jun 16 22:25:46 2026]      395 MiB   101398 /build/source/module/os/linux/spl/spl-kmem-cache.c:145 [spl_kmem_cache] func:kv_alloc
[Tue Jun 16 22:25:46 2026]      154 MiB      245 drivers/gpu/drm/ttm/ttm_pool.c:161 [ttm] func:ttm_pool_alloc_page
[Tue Jun 16 22:25:46 2026]      154 MiB   166045 /build/source/module/os/linux/spl/spl-kmem-cache.c:1222 [spl_kmem_cache] func:spl_kmem_cache_alloc
[Tue Jun 16 22:25:46 2026]     92.8 MiB    23766 arch/x86/mm/pgtable.c:18 func:pte_alloc_one
[Tue Jun 16 22:25:46 2026] Memory cgroup min protection 0kB -- low protection 0kB
[Tue Jun 16 22:25:46 2026] Tasks state (memory values in pages):
[Tue Jun 16 22:25:46 2026] [  pid  ]   uid  tgid total_vm      rss rss_anon rss_file rss_shmem pgtables_bytes swapents oom_score_adj name
[Tue Jun 16 22:25:46 2026] [   1275]     0  1275    62934     1063      312      749         2   512000      485          -250 systemd-journal
[Tue Jun 16 22:25:46 2026] [   1290]     0  1290    10573     1296      549      747         0    98304      615         -1000 systemd-udevd
[Tue Jun 16 22:25:46 2026] [   1307]   154  1307    24216      849       42      807         0    98304      317             0 systemd-timesyn
[Tue Jun 16 22:25:46 2026] [   1512]   992  1512     4393      804       42      762         0    77824      248          -900 systemd-oomd
[Tue Jun 16 22:25:46 2026] [   1708]   999  1708     1805      537      144      393         0    57344       56             0 avahi-daemon
[Tue Jun 16 22:25:46 2026] [   1709]     0  1709     3320      469      131      338         0    73728      225             0 bluetoothd
[Tue Jun 16 22:25:46 2026] [   1713]     4  1713     4678     1255      399      856         0    81920      306          -900 dbus-daemon
[Tue Jun 16 22:25:46 2026] [   1714]     0  1714    10350    10340     9753      587         0   126976        0             0 keyd
[Tue Jun 16 22:25:46 2026] [   1725]     0  1725    43988      637        1      636         0    98304      374             0 zed
[Tue Jun 16 22:25:46 2026] [   1760]     0  1760     5152      931      127      804         0    86016      276             0 systemd-logind
[Tue Jun 16 22:25:46 2026] [   1911]  1000  1911     5974     1551      379     1172         0    86016      380           100 systemd
[Tue Jun 16 22:25:46 2026] [   1936]  1000  1936     6817      295        1      294         0    86016      480           100 (sd-pam)
[Tue Jun 16 22:25:46 2026] [   2000]  1000  2000     1846      735      233      502         0    57344       60           200 dbus-daemon
[Tue Jun 16 22:25:46 2026] [   2004]  1000  2004     2309      328      303       25         0    57344      542           200 ra-multiplex
[Tue Jun 16 22:25:46 2026] [   2008]  1000  2008   178419     6376     5707      669         0   995328    80351           200 emacs
[Tue Jun 16 22:25:46 2026] [   2083]     0  2083    84842     1674      510     1164         0   167936      687             0 NetworkManager
[Tue Jun 16 22:25:46 2026] [   2214]     0  2214     4853     1525      190     1335         0    81920      387             0 wpa_supplicant
[Tue Jun 16 22:25:46 2026] [   2238]   995  2238   403314      459       17      442         0   172032      759             0 node_exporter
[Tue Jun 16 22:25:46 2026] [   2239]     0  2239     3045     1059       12     1047         0    65536      296         -1000 sshd
[Tue Jun 16 22:25:46 2026] [   2252]     0  2252      961      954      129      825         0    53248        0             0 greetd
[Tue Jun 16 22:25:46 2026] [   2265]    71  2265   293037     1222       47     1169         6   233472      493             0 .postgres-wrapp
[Tue Jun 16 22:25:46 2026] [   2277]    71  2277   293065      561       24      522        15   167936      526             0 .postgres-wrapp
[Tue Jun 16 22:25:46 2026] [   2278]    71  2278   293037      401       26      370         5   159744      519             0 .postgres-wrapp
[Tue Jun 16 22:25:46 2026] [   2281]    71  2281   293037      406       19      383         4   159744      525             0 .postgres-wrapp
[Tue Jun 16 22:25:46 2026] [   2282]    71  2282   293429      590       58      497        35   163840      556             0 .postgres-wrapp
[Tue Jun 16 22:25:46 2026] [   2283]    71  2283   293401      502       52      419        31   139264      550             0 .postgres-wrapp
[Tue Jun 16 22:25:46 2026] [   2289]     0  2289     9285     9278     2389     6889         0   118784        0             0 greetd
[Tue Jun 16 22:25:46 2026] [   2298]  1000  2298   451721     2148     1228      836        84   835584    10994             0 sway
[Tue Jun 16 22:25:46 2026] [   2355]  1000  2355    31993      657        0      657         0   143360     1668             0 .mako-wrapped
[Tue Jun 16 22:25:46 2026] [   2356]  1000  2356     1546      849        0      849         0    53248       71             0 swayidle
[Tue Jun 16 22:25:46 2026] [   2384]  1000  2384      919      534        0      534         0    49152       39             0 swaymsg
[Tue Jun 16 22:25:46 2026] [   2386]  1000  2386     1990      247        0      247         0    53248      143             0 sway-output-mon
[Tue Jun 16 22:25:46 2026] [   2388]  1000  2388      919      534        0      534         0    53248       39             0 swaymsg
[Tue Jun 16 22:25:46 2026] [   2389]  1000  2389     1990      286        0      286         0    53248      144             0 bash
[Tue Jun 16 22:25:46 2026] [   2402]  1000  2402     3028      735        2      733         0    69632      211           200 socat
[Tue Jun 16 22:25:46 2026] [   2405]  1000  2405    61428     2408      490     1918         0    90112     1373           200 .keyd-applicati
[Tue Jun 16 22:25:46 2026] [   2410]  1000  2410   868025     5416     2307     3109         0  2277376   108758             0 .kitty-wrapped
[Tue Jun 16 22:25:46 2026] [   2412]  1000  2412   105738      853        0      853         0   196608     1929             0 polkit-gnome-au
[Tue Jun 16 22:25:46 2026] [   2548]  1000  2548   263930     1269      276      993         0   217088      701           200 .xdg-desktop-po
[Tue Jun 16 22:25:46 2026] [   2597]  1000  2597   133428      642        2      640         0   110592      152           200 .xdg-permission
[Tue Jun 16 22:25:46 2026] [   2633]  1000  2633   246730      748       87      661         0   180224      119           200 .xdg-document-p
[Tue Jun 16 22:25:46 2026] [   2654]  1000  2654      668      479        1      478         0    49152       27           200 fusermount3
[Tue Jun 16 22:25:46 2026] [   2658]  1000  2658   344212     2422     1554      868         0   385024    11754           200 .xdg-desktop-po
[Tue Jun 16 22:25:46 2026] [   2712]  1000  2712   312212      278      276        2         0   147456     1760             0 kitten
[Tue Jun 16 22:25:46 2026] [   2749]  1000  2749   362535    16757    16270      487         0  2932736   284787             0 tmux: server
[Tue Jun 16 22:25:46 2026] [   2767]  1000  2767     2968      604        3      601         0    73728     1131             0 bash
[Tue Jun 16 22:25:46 2026] [   2783]  1000  2783     2968     1293      660      633         0    73728      491             0 bash
[Tue Jun 16 22:25:46 2026] [   2822]  1000  2822    41137      626      102      524         0    81920      115           200 playerctld
[Tue Jun 16 22:25:46 2026] [   2949]  1000  2949    79855      839      132      707         0   122880      400             0 nmcli
[Tue Jun 16 22:25:46 2026] [   2950]  1000  2950     1990      298        0      298         0    57344      146             0 vpn-status
[Tue Jun 16 22:25:46 2026] [   3412]   994  3412   173613     1853      387     1466         0   159744      577             0 nsncd
[Tue Jun 16 22:25:46 2026] [   3523]  1000  3523    80196      450        0      450         0   114688      323             0 .gnome-keyring-
[Tue Jun 16 22:25:46 2026] [   6817]  1000  6817     2953      585        0      585         0    57344     1141             0 bash
[Tue Jun 16 22:25:46 2026] [   6945]  1000  6945     2968      620        3      617         0    73728     1131             0 bash
[Tue Jun 16 22:25:46 2026] [  11410]     0 11410   159658     1584        1     1583         0   253952     1501             0 nix-daemon
[Tue Jun 16 22:25:46 2026] [  42332]  1000 42332   417583       38       34        4         0  2793472   313902           200 semgrep-core
[Tue Jun 16 22:25:46 2026] [  74302]  1000 74302      669      385       11      374         0    49152       21             0 emacsclient
[Tue Jun 16 22:25:46 2026] [  74865]  1000 74865     3101      615        3      612         0    61440     1274             0 bash
[Tue Jun 16 22:25:46 2026] [  83658]  1000 83658   114831     3699     2468     1224         7   212992     5963           200 pipewire
[Tue Jun 16 22:25:46 2026] [  83659]  1000 83659   101656     1515      539      976         0   135168     1816           200 pipewire-pulse
[Tue Jun 16 22:25:46 2026] [  83660]  1000 83660   235798     2516      806     1710         0   221184     1099           200 wireplumber
[Tue Jun 16 22:25:46 2026] [  83688]  1000 83688    21011      622       55      567         0    73728      173           200 .xdg-desktop-po
[Tue Jun 16 22:25:46 2026] [ 308238]  1000 308238     3180      675       42      633         0    69632     1321             0 bash
[Tue Jun 16 22:25:46 2026] [ 399920]  1000 399920  1583457     2986     2221      765         0  1409024     5692             0 yazi
[Tue Jun 16 22:25:46 2026] [ 406435]  1000 406435   171886      893        0      893         0   266240     9921           200 wezterm-mux-ser
[Tue Jun 16 22:25:46 2026] [ 406440]  1000 406440    58937      473        1      472         0    73728     1130           200 bash
[Tue Jun 16 22:25:46 2026] [ 596505]  1000 596505    59377      572        1      571         0    77824      191           200 aspell
[Tue Jun 16 22:25:46 2026] [1047720]  1000 1047720     1625      521        0      521         0    57344       63             0 inotifywait
[Tue Jun 16 22:25:46 2026] [1047721]  1000 1047721     1990      339        0      339         0    61440      152             0 file-watcher.sh
[Tue Jun 16 22:25:46 2026] [1795054]  1000 1795054     2969      636        3      633         0    69632     1153             0 bash
[Tue Jun 16 22:25:46 2026] [3503506]  1000 3503506     3005      658       31      627         0    69632     1156             0 bash
[Tue Jun 16 22:25:46 2026] [3660553]  1000 3660553     2239      403       14      387         2    65536      213             0 httpd
[Tue Jun 16 22:25:46 2026] [3660555]  1000 3660555     2239      169        6      161         2    65536      225             0 httpd
[Tue Jun 16 22:25:46 2026] [3660556]  1000 3660556     2239      169        6      161         2    65536      225             0 httpd
[Tue Jun 16 22:25:46 2026] [3660557]  1000 3660557     2239      169        6      161         2    65536      225             0 httpd
[Tue Jun 16 22:25:46 2026] [3660558]  1000 3660558     2239      169        6      161         2    65536      225             0 httpd
[Tue Jun 16 22:25:46 2026] [3660559]  1000 3660559     2239      169        6      161         2    65536      225             0 httpd
[Tue Jun 16 22:25:46 2026] [3663065]  1000 3663065     2970      663        3      660         0    69632     1155             0 bash
[Tue Jun 16 22:25:46 2026] [3664117]  1000 3664117  1525846     2470     1771      699         0  1048576    57262           200 Microsoft.Pytho
[Tue Jun 16 22:25:46 2026] [ 431470]  1000 431470     3010      631        3      628         0    69632     1185             0 bash
[Tue Jun 16 22:25:46 2026] [ 524545]  1000 524545   773567     1903      897      922        84   507904     5550             0 .waybar-wrapped
[Tue Jun 16 22:25:46 2026] [2581079]  1000 2581079     3027      604        3      601         0    65536     1190             0 bash
[Tue Jun 16 22:25:46 2026] [2631337]  1000 2631337     3229      631        3      628         0    65536     1381             0 bash
[Tue Jun 16 22:25:46 2026] [ 253097]  1000 253097     3029      647        3      644         0    69632     1210             0 bash
[Tue Jun 16 22:25:46 2026] [1678811]  1000 1678811     3017      596        0      596         0    65536     1213             0 bash
[Tue Jun 16 22:25:46 2026] [1679013]  1000 1679013     2791      755       29      726         0    65536      130             0 tmux: client
[Tue Jun 16 22:25:46 2026] [2645199]  1000 2645199     3033      663        3      660         0    65536     1226             0 bash
[Tue Jun 16 22:25:46 2026] [ 443596]  1000 443596   548754     1046      605      441         0   233472      252           200 .ssh-agent-guar
[Tue Jun 16 22:25:46 2026] [ 443600]  1000 443600    42025      661       42      619         0   122880      431           200 atuin
[Tue Jun 16 22:25:46 2026] [ 839109]  1000 839109     2791      746       20      726         0    65536      139             0 tmux: client
[Tue Jun 16 22:25:46 2026] [ 849019]  1000 849019     3043      633        0      633         0    65536     1240             0 bash
[Tue Jun 16 22:25:46 2026] [ 854438]    28 854438    96380      958      152      806         0   122880      401             0 polkitd
[Tue Jun 16 22:25:46 2026] [ 865816]  1000 865816     3034      614        3      611         0    65536     1228             0 bash
[Tue Jun 16 22:25:46 2026] [1579017]  1000 1579017     2791      757       29      728         0    65536      130             0 tmux: client
[Tue Jun 16 22:25:46 2026] [1579019]  1000 1579019     3036      625        3      622         0    69632     1230             0 bash
[Tue Jun 16 22:25:46 2026] [1579180]  1000 1579180     3259      686       42      644         0    65536     1353             0 bash
[Tue Jun 16 22:25:46 2026] [1586586]  1000 1586586 365071234     2478     2348      129         1  1802240    13746             0 1password
[Tue Jun 16 22:25:46 2026] [1586592]  1000 1586592  8522391       83       11       72         0   389120     2439             0 1password
[Tue Jun 16 22:25:46 2026] [1586593]  1000 1586593  8522388       97        1       96         0   421888     2425             0 1password
[Tue Jun 16 22:25:46 2026] [1586605]  1000 1586605  8522395        1        0        1         0   237568     2452             0 1password
[Tue Jun 16 22:25:46 2026] [1586695]  1000 1586695  8656723      944      890       54         0  1302528    32016           200 1password
[Tue Jun 16 22:25:46 2026] [1586698]  1000 1586698  8475429      300      187      112         1   487424     2524             0 1password
[Tue Jun 16 22:25:46 2026] [1586704]  1000 1586704   253532      976        0      976         0   540672     6039             0 Xwayland
[Tue Jun 16 22:25:46 2026] [1625852]  1000 1625852     3205      630        0      630         0    65536     1359             0 bash
[Tue Jun 16 22:25:46 2026] [1654499]  1000 1654499    92745     2947        1     2946         0   204800    11336           200 ipython
[Tue Jun 16 22:25:46 2026] [1742658]  1000 1742658     3043      624        0      624         0    65536     1239             0 bash
[Tue Jun 16 22:25:46 2026] [2481154]  1000 2481154     4191      619        0      619         0    69632      261             0 .swaybg-wrapped
[Tue Jun 16 22:25:46 2026] [2504685]  1000 2504685      669      436       12      424         0    49152       20             0 emacsclient
[Tue Jun 16 22:25:46 2026] [2605302]  1000 2605302     3123      808      190      618         0    69632     1101             0 bash
[Tue Jun 16 22:25:46 2026] [2692295]  1000 2692295     3038     1013      379      634         0    69632      856             0 bash
[Tue Jun 16 22:25:46 2026] [4014491]     0 4014491     5629     2717      404     2313         0    86016       71             0 sshd-session
[Tue Jun 16 22:25:46 2026] [4014494]  1000 4014494     5727     1556      545     1011         0    94208       65             0 sshd-session
[Tue Jun 16 22:25:46 2026] [4014495]  1000 4014495     2789      884      157      727         0    65536        0             0 tmux: client
[Tue Jun 16 22:25:46 2026] [4143777]  1000 4143777   922381    18318    17755      563         0  1630208    52385             0 agentsview
[Tue Jun 16 22:25:46 2026] [4147355]  1000 4147355   191762     3018     3017        1         0   770048    15690             0 codex
[Tue Jun 16 22:25:46 2026] [4175281]  1000 4175281   113303      647       97      550         0    81920        3           200 gpg-agent
[Tue Jun 16 22:25:46 2026] [   2506]  1000  2506    76929      572      105      467         0    73728        0           200 scdaemon
[Tue Jun 16 22:25:46 2026] [   2509]     0  2509   101929     1284      461      823         0   122880       69             0 pcscd
[Tue Jun 16 22:25:46 2026] [   9037]  1000  9037     3099     1440      845      595         0    69632      403             0 bash
[Tue Jun 16 22:25:46 2026] [  38385]  1000 38385     4019     2243     1445      798         0    77824      263             0 htop
[Tue Jun 16 22:25:46 2026] [  43394]  1000 43394 15504541  4784358  4783793      565         0 69931008  1561563             0 queens
[Tue Jun 16 22:25:46 2026] oom-kill:constraint=CONSTRAINT_NONE,nodemask=(null),cpuset=user.slice,mems_allowed=0,global_oom,task_memcg=/user.slice/user-1000.slice/user@1000.service/kitty-2410-18.scope,task=queens,pid=43394,uid=1000
[Tue Jun 16 22:25:46 2026] Out of memory: Killed process 43394 (queens) total-vm:62018164kB, anon-rss:19135176kB, file-rss:2260kB, shmem-rss:0kB, UID:1000 pgtables:68292kB oom_score_adj:0
[Tue Jun 16 22:25:50 2026] oom_reaper: reaped process 43394 (queens), now anon-rss:0kB, file-rss:0kB, shmem-rss:0kB
[Tue Jun 16 22:31:57 2026] Microsoft.Pytho invoked oom-killer: gfp_mask=0x140cca(GFP_HIGHUSER_MOVABLE|__GFP_COMP), order=0, oom_score_adj=200
[Tue Jun 16 22:31:57 2026] CPU: 5 UID: 1000 PID: 46420 Comm: Microsoft.Pytho Kdump: loaded Tainted: P S         O        7.0.9 #1-NixOS PREEMPT(lazy) 
[Tue Jun 16 22:31:57 2026] Tainted: [P]=PROPRIETARY_MODULE, [S]=CPU_OUT_OF_SPEC, [O]=OOT_MODULE
[Tue Jun 16 22:31:57 2026] Hardware name: GEEKOM A9 Max/A9 Max, BIOS 0.18 06/26/2025
[Tue Jun 16 22:31:57 2026] Call Trace:
[Tue Jun 16 22:31:57 2026]  <TASK>
[Tue Jun 16 22:31:57 2026]  dump_stack_lvl+0x5d/0x80
[Tue Jun 16 22:31:57 2026]  dump_header+0x43/0x1b3
[Tue Jun 16 22:31:57 2026]  oom_kill_process.cold+0x8/0x89
[Tue Jun 16 22:31:57 2026]  out_of_memory+0x208/0x500
[Tue Jun 16 22:31:57 2026]  __alloc_frozen_pages_noprof+0x1389/0x14f0
[Tue Jun 16 22:31:57 2026]  alloc_pages_mpol+0x7d/0x160
[Tue Jun 16 22:31:57 2026]  folio_alloc_noprof+0x5b/0xb0
[Tue Jun 16 22:31:57 2026]  __filemap_get_folio_mpol+0x1b7/0x370
[Tue Jun 16 22:31:57 2026]  filemap_fault+0x112/0x1250
[Tue Jun 16 22:31:57 2026]  __do_fault+0x33/0x180
[Tue Jun 16 22:31:57 2026]  do_fault+0x2ee/0x530
[Tue Jun 16 22:31:57 2026]  __handle_mm_fault+0x965/0xf90
[Tue Jun 16 22:31:57 2026]  handle_mm_fault+0xec/0x2e0
[Tue Jun 16 22:31:57 2026]  do_user_addr_fault+0x211/0x670
[Tue Jun 16 22:31:57 2026]  exc_page_fault+0x6c/0x170
[Tue Jun 16 22:31:57 2026]  asm_exc_page_fault+0x26/0x30
[Tue Jun 16 22:31:57 2026] RIP: 0033:0x7435883bbc10
[Tue Jun 16 22:31:57 2026] Code: Unable to access opcode bytes at 0x7435883bbbe6.
[Tue Jun 16 22:31:57 2026] RSP: 002b:00007434c766ecc8 EFLAGS: 00010246
[Tue Jun 16 22:31:57 2026] RAX: 00007435889c65f0 RBX: 0000000000000000 RCX: 00007434600138b0
[Tue Jun 16 22:31:57 2026] RDX: 00007434a4007e60 RSI: 00005afa6c32e860 RDI: 0000743588534bd0
[Tue Jun 16 22:31:57 2026] RBP: 00007434c766ecf0 R08: 00007434c766ecd8 R09: 0000000000000000
[Tue Jun 16 22:31:57 2026] R10: 0000000000000000 R11: 0000000000000000 R12: 00007435883ddd00
[Tue Jun 16 22:31:57 2026] R13: 00007434600138b0 R14: 00005afa6c32e860 R15: 000074347c008c10
[Tue Jun 16 22:31:57 2026]  </TASK>
[Tue Jun 16 22:31:57 2026] Mem-Info:
[Tue Jun 16 22:31:57 2026] active_anon:1853201 inactive_anon:2765800 isolated_anon:0
                            active_file:269 inactive_file:490 isolated_file:0
                            unevictable:19208 dirty:5 writeback:7
                            slab_reclaimable:104231 slab_unreclaimable:272946
                            mapped:8043 shmem:599 pagetables:22371
                            sec_pagetables:1256 bounce:0
                            kernel_misc_reclaimable:0
                            free:89450 free_pcp:726 free_cma:0
[Tue Jun 16 22:31:57 2026] Node 0 active_anon:7412804kB inactive_anon:11063200kB active_file:1076kB inactive_file:1960kB unevictable:76832kB isolated(anon):0kB isolated(file):0kB mapped:32172kB dirty:20kB writeback:28kB shmem:2396kB shmem_thp:0kB shmem_pmdmapped:0kB anon_thp:0kB kernel_stack:17456kB pagetables:89484kB sec_pagetables:5024kB all_unreclaimable? no Balloon:0kB
[Tue Jun 16 22:31:57 2026] Node 0 DMA free:11264kB boost:0kB min:36kB low:48kB high:60kB reserved_highatomic:0KB free_highatomic:0KB active_anon:0kB inactive_anon:0kB active_file:0kB inactive_file:0kB unevictable:0kB writepending:0kB zspages:0kB present:15996kB managed:15360kB mlocked:0kB bounce:0kB free_pcp:0kB local_pcp:0kB free_cma:0kB
[Tue Jun 16 22:31:57 2026] lowmem_reserve[]: 0 1473 27520 27520 27520
[Tue Jun 16 22:31:57 2026] Node 0 DMA32 free:107140kB boost:0kB min:3620kB low:5128kB high:6636kB reserved_highatomic:0KB free_highatomic:0KB active_anon:1140824kB inactive_anon:14056kB active_file:36kB inactive_file:0kB unevictable:0kB writepending:0kB zspages:104768kB present:1711856kB managed:1509332kB mlocked:0kB bounce:0kB free_pcp:752kB local_pcp:0kB free_cma:0kB
[Tue Jun 16 22:31:57 2026] lowmem_reserve[]: 0 0 26046 26046 26046
[Tue Jun 16 22:31:57 2026] Node 0 Normal free:239396kB boost:175816kB min:239740kB low:266384kB high:293028kB reserved_highatomic:0KB free_highatomic:0KB active_anon:8401416kB inactive_anon:8919720kB active_file:964kB inactive_file:1904kB unevictable:76832kB writepending:48kB zspages:5952160kB present:27231744kB managed:26671768kB mlocked:76824kB bounce:0kB free_pcp:2152kB local_pcp:140kB free_cma:0kB
[Tue Jun 16 22:31:57 2026] lowmem_reserve[]: 0 0 0 0 0
[Tue Jun 16 22:31:57 2026] Node 0 DMA: 0*4kB 0*8kB 0*16kB 0*32kB 0*64kB 0*128kB 0*256kB 0*512kB 1*1024kB (U) 1*2048kB (M) 2*4096kB (M) = 11264kB
[Tue Jun 16 22:31:57 2026] Node 0 DMA32: 5*4kB (ME) 266*8kB (ME) 249*16kB (UME) 302*32kB (UME) 235*64kB (UME) 120*128kB (UME) 58*256kB (UME) 34*512kB (UME) 8*1024kB (UM) 8*2048kB (M) 1*4096kB (M) = 107124kB
[Tue Jun 16 22:31:57 2026] Node 0 Normal: 862*4kB (UE) 3234*8kB (UE) 1234*16kB (UME) 1825*32kB (UME) 742*64kB (UME) 267*128kB (UME) 136*256kB (UE) 27*512kB (U) 0*1024kB 0*2048kB 0*4096kB = 237768kB
[Tue Jun 16 22:31:57 2026] Node 0 hugepages_total=0 hugepages_free=0 hugepages_surp=0 hugepages_size=1048576kB
[Tue Jun 16 22:31:57 2026] Node 0 hugepages_total=0 hugepages_free=0 hugepages_surp=0 hugepages_size=2048kB
[Tue Jun 16 22:31:57 2026] 27576 total pagecache pages
[Tue Jun 16 22:31:57 2026] 19518 pages in swap cache
[Tue Jun 16 22:31:57 2026] Free swap  = 0kB
[Tue Jun 16 22:31:57 2026] Total swap = 14097916kB
[Tue Jun 16 22:31:57 2026] 7239899 pages RAM
[Tue Jun 16 22:31:57 2026] 0 pages HighMem/MovableOnly
[Tue Jun 16 22:31:57 2026] 190784 pages reserved
[Tue Jun 16 22:31:57 2026] 0 pages cma reserved
[Tue Jun 16 22:31:57 2026] 0 pages hwpoisoned
[Tue Jun 16 22:31:57 2026] Memory allocations (profiling is currently turned on):
[Tue Jun 16 22:31:57 2026]     14.8 GiB  3892605 mm/memory.c:1204 func:folio_prealloc
[Tue Jun 16 22:31:57 2026]     4.41 GiB  1155416 mm/zsmalloc.c:239 func:alloc_zpdesc
[Tue Jun 16 22:31:57 2026]     2.78 GiB   730097 mm/memory.c:4542 func:__alloc_swap_folio
[Tue Jun 16 22:31:57 2026]     1.39 GiB   102519 mm/slub.c:3292 func:alloc_slab_page
[Tue Jun 16 22:31:57 2026]     1.37 GiB   358934 mm/compaction.c:1847 func:compaction_alloc
[Tue Jun 16 22:31:57 2026]      610 MiB    36254 /build/source/module/os/linux/zfs/abd_os.c:295 [abd_os] func:abd_alloc_chunks
[Tue Jun 16 22:31:57 2026]      393 MiB   101048 /build/source/module/os/linux/spl/spl-kmem-cache.c:145 [spl_kmem_cache] func:kv_alloc
[Tue Jun 16 22:31:57 2026]      154 MiB      245 drivers/gpu/drm/ttm/ttm_pool.c:161 [ttm] func:ttm_pool_alloc_page
[Tue Jun 16 22:31:57 2026]      135 MiB   158640 /build/source/module/os/linux/spl/spl-kmem-cache.c:1222 [spl_kmem_cache] func:spl_kmem_cache_alloc
[Tue Jun 16 22:31:57 2026]     76.7 MiB    19647 arch/x86/mm/pgtable.c:18 func:pte_alloc_one
[Tue Jun 16 22:31:57 2026] Memory cgroup min protection 0kB -- low protection 0kB
[Tue Jun 16 22:31:57 2026] Tasks state (memory values in pages):
[Tue Jun 16 22:31:57 2026] [  pid  ]   uid  tgid total_vm      rss rss_anon rss_file rss_shmem pgtables_bytes swapents oom_score_adj name
[Tue Jun 16 22:31:57 2026] [   1275]     0  1275    62934      956      304      650         2   512000      493          -250 systemd-journal
[Tue Jun 16 22:31:57 2026] [   1290]     0  1290    10573     1377      694      683         0    98304      470         -1000 systemd-udevd
[Tue Jun 16 22:31:57 2026] [   1307]   154  1307    24216      779       42      737         0    98304      317             0 systemd-timesyn
[Tue Jun 16 22:31:57 2026] [   1512]   992  1512     4393      707       42      665         0    77824      248          -900 systemd-oomd
[Tue Jun 16 22:31:57 2026] [   1708]   999  1708     1805      515      144      371         0    57344       56             0 avahi-daemon
[Tue Jun 16 22:31:57 2026] [   1709]     0  1709     3320      451      127      324         0    73728      229             0 bluetoothd
[Tue Jun 16 22:31:57 2026] [   1713]     4  1713     4678     1172      363      809         0    81920      342          -900 dbus-daemon
[Tue Jun 16 22:31:57 2026] [   1714]     0  1714    10350    10340     9753      587         0   126976        0             0 keyd
[Tue Jun 16 22:31:57 2026] [   1725]     0  1725    43988      637        1      636         0    98304      374             0 zed
[Tue Jun 16 22:31:57 2026] [   1760]     0  1760     5152      844      125      719         0    86016      278             0 systemd-logind
[Tue Jun 16 22:31:57 2026] [   1911]  1000  1911     5974     1431      379     1052         0    86016      380           100 systemd
[Tue Jun 16 22:31:57 2026] [   1936]  1000  1936     6817      295        1      294         0    86016      480           100 (sd-pam)
[Tue Jun 16 22:31:57 2026] [   2000]  1000  2000     1846      734      232      502         0    57344       61           200 dbus-daemon
[Tue Jun 16 22:31:57 2026] [   2004]  1000  2004     2309      120      119        1         0    57344      726           200 ra-multiplex
[Tue Jun 16 22:31:57 2026] [   2008]  1000  2008   178419     3866     3197      669         0   995328    82861           200 emacs
[Tue Jun 16 22:31:57 2026] [   2083]     0  2083    84842     1579      510     1069         0   167936      687             0 NetworkManager
[Tue Jun 16 22:31:57 2026] [   2214]     0  2214     4853     1478      181     1297         0    81920      396             0 wpa_supplicant
[Tue Jun 16 22:31:57 2026] [   2238]   995  2238   403314      450       17      433         0   172032      759             0 node_exporter
[Tue Jun 16 22:31:57 2026] [   2239]     0  2239     3045     1058       11     1047         0    65536      297         -1000 sshd
[Tue Jun 16 22:31:57 2026] [   2252]     0  2252      961      954      129      825         0    53248        0             0 greetd
[Tue Jun 16 22:31:57 2026] [   2265]    71  2265   293037     1220       48     1166         6   233472      492             0 .postgres-wrapp
[Tue Jun 16 22:31:57 2026] [   2277]    71  2277   293065      560       24      521        15   167936      526             0 .postgres-wrapp
[Tue Jun 16 22:31:57 2026] [   2278]    71  2278   293037      398       26      367         5   159744      519             0 .postgres-wrapp
[Tue Jun 16 22:31:57 2026] [   2281]    71  2281   293037      406       19      383         4   159744      525             0 .postgres-wrapp
[Tue Jun 16 22:31:57 2026] [   2282]    71  2282   293429      585       58      492        35   163840      556             0 .postgres-wrapp
[Tue Jun 16 22:31:57 2026] [   2283]    71  2283   293401      498       52      415        31   139264      550             0 .postgres-wrapp
[Tue Jun 16 22:31:57 2026] [   2289]     0  2289     9285     9278     2389     6889         0   118784        0             0 greetd
[Tue Jun 16 22:31:57 2026] [   2298]  1000  2298   451721     2023     1188      751        84   835584    11034             0 sway
[Tue Jun 16 22:31:57 2026] [   2355]  1000  2355    31993      657        0      657         0   143360     1668             0 .mako-wrapped
[Tue Jun 16 22:31:57 2026] [   2356]  1000  2356     1546      849        0      849         0    53248       71             0 swayidle
[Tue Jun 16 22:31:57 2026] [   2384]  1000  2384      919      534        0      534         0    49152       39             0 swaymsg
[Tue Jun 16 22:31:57 2026] [   2386]  1000  2386     1990      247        0      247         0    53248      143             0 sway-output-mon
[Tue Jun 16 22:31:57 2026] [   2388]  1000  2388      919      534        0      534         0    53248       39             0 swaymsg
[Tue Jun 16 22:31:57 2026] [   2389]  1000  2389     1990      286        0      286         0    53248      144             0 bash
[Tue Jun 16 22:31:57 2026] [   2402]  1000  2402     3028      735        2      733         0    69632      211           200 socat
[Tue Jun 16 22:31:57 2026] [   2405]  1000  2405    61428     2409      491     1918         0    90112     1372           200 .keyd-applicati
[Tue Jun 16 22:31:57 2026] [   2410]  1000  2410   868025     5061     2006     3055         0  2277376   109070             0 .kitty-wrapped
[Tue Jun 16 22:31:57 2026] [   2412]  1000  2412   105738      853        0      853         0   196608     1929             0 polkit-gnome-au
[Tue Jun 16 22:31:57 2026] [   2548]  1000  2548   263930     1197      220      977         0   217088      757           200 .xdg-desktop-po
[Tue Jun 16 22:31:57 2026] [   2597]  1000  2597   133428      642        2      640         0   110592      152           200 .xdg-permission
[Tue Jun 16 22:31:57 2026] [   2633]  1000  2633   246730      742       81      661         0   180224      125           200 .xdg-document-p
[Tue Jun 16 22:31:57 2026] [   2654]  1000  2654      668      479        1      478         0    49152       27           200 fusermount3
[Tue Jun 16 22:31:57 2026] [   2658]  1000  2658   344212     1972     1112      860         0   385024    12196           200 .xdg-desktop-po
[Tue Jun 16 22:31:57 2026] [   2712]  1000  2712   312212        9        7        2         0   147456     2029             0 kitten
[Tue Jun 16 22:31:57 2026] [   2749]  1000  2749   349913     5734     5247      487         0  2842624   258919             0 tmux: server
[Tue Jun 16 22:31:57 2026] [   2767]  1000  2767     2968      604        3      601         0    73728     1131             0 bash
[Tue Jun 16 22:31:57 2026] [   2783]  1000  2783     2968     1287      654      633         0    73728      497             0 bash
[Tue Jun 16 22:31:57 2026] [   2822]  1000  2822    41137      626      102      524         0    81920      115           200 playerctld
[Tue Jun 16 22:31:57 2026] [   2949]  1000  2949    79855      736      101      635         0   122880      431             0 nmcli
[Tue Jun 16 22:31:57 2026] [   2950]  1000  2950     1990      298        0      298         0    57344      146             0 vpn-status
[Tue Jun 16 22:31:57 2026] [   3412]   994  3412   173613     1822      388     1434         0   159744      576             0 nsncd
[Tue Jun 16 22:31:57 2026] [   3523]  1000  3523    80196      450        0      450         0   114688      323             0 .gnome-keyring-
[Tue Jun 16 22:31:57 2026] [   6817]  1000  6817     2953      585        0      585         0    57344     1141             0 bash
[Tue Jun 16 22:31:57 2026] [   6945]  1000  6945     2968      620        3      617         0    73728     1131             0 bash
[Tue Jun 16 22:31:57 2026] [  11410]     0 11410   159658     1584        1     1583         0   253952     1501             0 nix-daemon
[Tue Jun 16 22:31:57 2026] [  42332]  1000 42332   417583       34       33        1         0  2793472   313903           200 semgrep-core
[Tue Jun 16 22:31:57 2026] [  74302]  1000 74302      669      383       11      372         0    49152       21             0 emacsclient
[Tue Jun 16 22:31:57 2026] [  74865]  1000 74865     3101      615        3      612         0    61440     1274             0 bash
[Tue Jun 16 22:31:57 2026] [  83658]  1000 83658   114831     3196     1965     1224         7   212992     6466           200 pipewire
[Tue Jun 16 22:31:57 2026] [  83659]  1000 83659   101656     1411      435      976         0   135168     1920           200 pipewire-pulse
[Tue Jun 16 22:31:57 2026] [  83660]  1000 83660   235798     2511      801     1710         0   221184     1104           200 wireplumber
[Tue Jun 16 22:31:57 2026] [  83688]  1000 83688    21011      607       48      559         0    73728      180           200 .xdg-desktop-po
[Tue Jun 16 22:31:57 2026] [ 308238]  1000 308238     3180      675       42      633         0    69632     1321             0 bash
[Tue Jun 16 22:31:57 2026] [ 399920]  1000 399920  1583457     2478     1716      762         0  1409024     6197             0 yazi
[Tue Jun 16 22:31:57 2026] [ 406435]  1000 406435   171886      893        0      893         0   266240     9921           200 wezterm-mux-ser
[Tue Jun 16 22:31:57 2026] [ 406440]  1000 406440    58937      472        0      472         0    73728     1131           200 bash
[Tue Jun 16 22:31:57 2026] [ 596505]  1000 596505    59377      571        0      571         0    77824      192           200 aspell
[Tue Jun 16 22:31:57 2026] [1047720]  1000 1047720     1625      521        0      521         0    57344       63             0 inotifywait
[Tue Jun 16 22:31:57 2026] [1047721]  1000 1047721     1990      339        0      339         0    61440      152             0 file-watcher.sh
[Tue Jun 16 22:31:57 2026] [1795054]  1000 1795054     2969      636        3      633         0    69632     1153             0 bash
[Tue Jun 16 22:31:57 2026] [3503506]  1000 3503506     3005      658       31      627         0    69632     1156             0 bash
[Tue Jun 16 22:31:57 2026] [3660553]  1000 3660553     2239      392       14      376         2    65536      213             0 httpd
[Tue Jun 16 22:31:57 2026] [3660555]  1000 3660555     2239      169        6      161         2    65536      225             0 httpd
[Tue Jun 16 22:31:57 2026] [3660556]  1000 3660556     2239      169        6      161         2    65536      225             0 httpd
[Tue Jun 16 22:31:57 2026] [3660557]  1000 3660557     2239      169        6      161         2    65536      225             0 httpd
[Tue Jun 16 22:31:57 2026] [3660558]  1000 3660558     2239      169        6      161         2    65536      225             0 httpd
[Tue Jun 16 22:31:57 2026] [3660559]  1000 3660559     2239      169        6      161         2    65536      225             0 httpd
[Tue Jun 16 22:31:57 2026] [3663065]  1000 3663065     2970      663        3      660         0    69632     1155             0 bash
[Tue Jun 16 22:31:57 2026] [3664117]  1000 3664117  1525846     1350      683      667         0  1048576    58350           200 Microsoft.Pytho
[Tue Jun 16 22:31:57 2026] [ 431470]  1000 431470     3010      631        3      628         0    69632     1185             0 bash
[Tue Jun 16 22:31:57 2026] [ 524545]  1000 524545   773567     2014     1017      913        84   507904     5430             0 .waybar-wrapped
[Tue Jun 16 22:31:57 2026] [2581079]  1000 2581079     3027      604        3      601         0    65536     1190             0 bash
[Tue Jun 16 22:31:57 2026] [2631337]  1000 2631337     3229      631        3      628         0    65536     1381             0 bash
[Tue Jun 16 22:31:57 2026] [ 253097]  1000 253097     3029      647        3      644         0    69632     1210             0 bash
[Tue Jun 16 22:31:57 2026] [1678811]  1000 1678811     3017      596        0      596         0    65536     1213             0 bash
[Tue Jun 16 22:31:57 2026] [1679013]  1000 1679013     2791      755       29      726         0    65536      130             0 tmux: client
[Tue Jun 16 22:31:57 2026] [2645199]  1000 2645199     3033      663        3      660         0    65536     1226             0 bash
[Tue Jun 16 22:31:57 2026] [ 443596]  1000 443596   548754     1004      607      397         0   233472      250           200 .ssh-agent-guar
[Tue Jun 16 22:31:57 2026] [ 443600]  1000 443600    42025      632       42      590         0   122880      431           200 atuin
[Tue Jun 16 22:31:57 2026] [ 839109]  1000 839109     2791      746       20      726         0    65536      139             0 tmux: client
[Tue Jun 16 22:31:57 2026] [ 849019]  1000 849019     3043      633        0      633         0    65536     1240             0 bash
[Tue Jun 16 22:31:57 2026] [ 854438]    28 854438    96380      947      152      795         0   122880      401             0 polkitd
[Tue Jun 16 22:31:57 2026] [ 865816]  1000 865816     3034      614        3      611         0    65536     1228             0 bash
[Tue Jun 16 22:31:57 2026] [1579017]  1000 1579017     2791      757       29      728         0    65536      130             0 tmux: client
[Tue Jun 16 22:31:57 2026] [1579019]  1000 1579019     3036      625        3      622         0    69632     1230             0 bash
[Tue Jun 16 22:31:57 2026] [1579180]  1000 1579180     3259      686       42      644         0    65536     1353             0 bash
[Tue Jun 16 22:31:57 2026] [1586586]  1000 1586586 365071234     2442     2315      126         1  1802240    13779             0 1password
[Tue Jun 16 22:31:57 2026] [1586592]  1000 1586592  8522391       82       10       72         0   389120     2440             0 1password
[Tue Jun 16 22:31:57 2026] [1586593]  1000 1586593  8522388       97        1       96         0   421888     2425             0 1password
[Tue Jun 16 22:31:57 2026] [1586605]  1000 1586605  8522395        1        0        1         0   237568     2452             0 1password
[Tue Jun 16 22:31:57 2026] [1586695]  1000 1586695  8656723      496      445       50         1  1302528    32461           200 1password
[Tue Jun 16 22:31:57 2026] [1586698]  1000 1586698  8475429      218      108      110         0   487424     2603             0 1password
[Tue Jun 16 22:31:57 2026] [1586704]  1000 1586704   253532      976        0      976         0   540672     6039             0 Xwayland
[Tue Jun 16 22:31:57 2026] [1625852]  1000 1625852     3205      630        0      630         0    65536     1359             0 bash
[Tue Jun 16 22:31:57 2026] [1654499]  1000 1654499    92745     2946        0     2946         0   204800    11337           200 ipython
[Tue Jun 16 22:31:57 2026] [1742658]  1000 1742658     3043      624        0      624         0    65536     1239             0 bash
[Tue Jun 16 22:31:57 2026] [2481154]  1000 2481154     4191      619        0      619         0    69632      261             0 .swaybg-wrapped
[Tue Jun 16 22:31:57 2026] [2504685]  1000 2504685      669      434       12      422         0    49152       20             0 emacsclient
[Tue Jun 16 22:31:57 2026] [2605302]  1000 2605302     3123      617        0      617         0    69632     1291             0 bash
[Tue Jun 16 22:31:57 2026] [2692295]  1000 2692295     3038     1012      379      633         0    69632      856             0 bash
[Tue Jun 16 22:31:57 2026] [4014491]     0 4014491     5629     2650      337     2313         0    86016      138             0 sshd-session
[Tue Jun 16 22:31:57 2026] [4014494]  1000 4014494     5727     1478      483      995         0    94208      127             0 sshd-session
[Tue Jun 16 22:31:57 2026] [4014495]  1000 4014495     2789      884      157      727         0    65536        0             0 tmux: client
[Tue Jun 16 22:31:57 2026] [4143777]  1000 4143777   922381     5385     4816      569         0  1634304    66167             0 agentsview
[Tue Jun 16 22:31:57 2026] [4147355]  1000 4147355   191762     3580     3579        1         0   770048    15128             0 codex
[Tue Jun 16 22:31:57 2026] [4175281]  1000 4175281   113303      611       91      520         0    81920        9           200 gpg-agent
[Tue Jun 16 22:31:57 2026] [   2506]  1000  2506    76929      518       57      461         0    73728       48           200 scdaemon
[Tue Jun 16 22:31:57 2026] [   2509]     0  2509   101929      977      180      797         0   122880      350             0 pcscd
[Tue Jun 16 22:31:57 2026] [   9037]  1000  9037     3099     1010      415      595         0    69632      833             0 bash
[Tue Jun 16 22:31:57 2026] [  38385]  1000 38385     4019     2247     1449      798         0    77824      259             0 htop
[Tue Jun 16 22:31:57 2026] [  45313]  1000 45313  7961648  4558349  4557753      596         0 50180096  1566753             0 queens
[Tue Jun 16 22:31:57 2026] [  46842]  1000 46842        3        3        3        0         0    12288        0             0 cut
[Tue Jun 16 22:31:57 2026] [  46845]  1000 46845        3        3        3        0         0    12288        0             0 tmux: server
[Tue Jun 16 22:31:57 2026] oom-kill:constraint=CONSTRAINT_NONE,nodemask=(null),cpuset=user.slice,mems_allowed=0,global_oom,task_memcg=/user.slice/user-1000.slice/user@1000.service/kitty-2410-18.scope,task=queens,pid=45313,uid=1000
[Tue Jun 16 22:31:57 2026] Out of memory: Killed process 45313 (queens) total-vm:31846592kB, anon-rss:18231012kB, file-rss:2384kB, shmem-rss:0kB, UID:1000 pgtables:49004kB oom_score_adj:0
[Tue Jun 16 22:32:00 2026] oom_reaper: reaped process 45313 (queens), now anon-rss:0kB, file-rss:0kB, shmem-rss:0kB
[Tue Jun 16 22:37:34 2026] queens invoked oom-killer: gfp_mask=0x140cca(GFP_HIGHUSER_MOVABLE|__GFP_COMP), order=0, oom_score_adj=0
[Tue Jun 16 22:37:34 2026] CPU: 21 UID: 1000 PID: 46948 Comm: queens Kdump: loaded Tainted: P S         O        7.0.9 #1-NixOS PREEMPT(lazy) 
[Tue Jun 16 22:37:34 2026] Tainted: [P]=PROPRIETARY_MODULE, [S]=CPU_OUT_OF_SPEC, [O]=OOT_MODULE
[Tue Jun 16 22:37:34 2026] Hardware name: GEEKOM A9 Max/A9 Max, BIOS 0.18 06/26/2025
[Tue Jun 16 22:37:34 2026] Call Trace:
[Tue Jun 16 22:37:34 2026]  <TASK>
[Tue Jun 16 22:37:34 2026]  dump_stack_lvl+0x5d/0x80
[Tue Jun 16 22:37:34 2026]  dump_header+0x43/0x1b3
[Tue Jun 16 22:37:34 2026]  oom_kill_process.cold+0x8/0x89
[Tue Jun 16 22:37:34 2026]  out_of_memory+0x208/0x500
[Tue Jun 16 22:37:34 2026]  __alloc_frozen_pages_noprof+0x1389/0x14f0
[Tue Jun 16 22:37:34 2026]  alloc_pages_mpol+0x7d/0x160
[Tue Jun 16 22:37:34 2026]  folio_alloc_noprof+0x5b/0xb0
[Tue Jun 16 22:37:34 2026]  __filemap_get_folio_mpol+0x1b7/0x370
[Tue Jun 16 22:37:34 2026]  filemap_fault+0x112/0x1250
[Tue Jun 16 22:37:34 2026]  ? pte_offset_map_lock+0xa0/0x120
[Tue Jun 16 22:37:34 2026]  __do_fault+0x33/0x180
[Tue Jun 16 22:37:34 2026]  do_fault+0x2ee/0x530
[Tue Jun 16 22:37:34 2026]  __handle_mm_fault+0x965/0xf90
[Tue Jun 16 22:37:34 2026]  ? sched_balance_trigger+0xbd/0x390
[Tue Jun 16 22:37:34 2026]  handle_mm_fault+0xec/0x2e0
[Tue Jun 16 22:37:34 2026]  do_user_addr_fault+0x211/0x670
[Tue Jun 16 22:37:34 2026]  exc_page_fault+0x6c/0x170
[Tue Jun 16 22:37:34 2026]  asm_exc_page_fault+0x26/0x30
[Tue Jun 16 22:37:34 2026] RIP: 0033:0x558ea040ec70
[Tue Jun 16 22:37:34 2026] Code: Unable to access opcode bytes at 0x558ea040ec46.
[Tue Jun 16 22:37:34 2026] RSP: 002b:00007d8bec7844d8 EFLAGS: 00010206
[Tue Jun 16 22:37:34 2026] RAX: 00000000065ef872 RBX: 0000558eaae301a8 RCX: 00007d8c69962010
[Tue Jun 16 22:37:34 2026] RDX: f9af637c817c5403 RSI: 0000558eaae47da0 RDI: 0000558eaae47d90
[Tue Jun 16 22:37:34 2026] RBP: 00007fff71fd8601 R08: 6e244b424a5f4f91 R09: 4631d66aafe148a7
[Tue Jun 16 22:37:34 2026] R10: b882f8fe116b85d9 R11: 0000000000903159 R12: 0000558eaae4a980
[Tue Jun 16 22:37:34 2026] R13: 0000000000000000 R14: 0000000000000001 R15: 00007d8bec784840
[Tue Jun 16 22:37:34 2026]  </TASK>
[Tue Jun 16 22:37:34 2026] Mem-Info:
[Tue Jun 16 22:37:34 2026] active_anon:1371661 inactive_anon:3323898 isolated_anon:0
                            active_file:128 inactive_file:430 isolated_file:0
                            unevictable:19208 dirty:0 writeback:7
                            slab_reclaimable:103743 slab_unreclaimable:269136
                            mapped:7738 shmem:612 pagetables:23343
                            sec_pagetables:1256 bounce:0
                            kernel_misc_reclaimable:0
                            free:89482 free_pcp:1656 free_cma:0
[Tue Jun 16 22:37:34 2026] Node 0 active_anon:5486644kB inactive_anon:13295228kB active_file:512kB inactive_file:1720kB unevictable:76832kB isolated(anon):0kB isolated(file):0kB mapped:30952kB dirty:0kB writeback:28kB shmem:2448kB shmem_thp:0kB shmem_pmdmapped:0kB anon_thp:0kB kernel_stack:17680kB pagetables:93372kB sec_pagetables:5024kB all_unreclaimable? no Balloon:0kB
[Tue Jun 16 22:37:34 2026] Node 0 DMA free:11264kB boost:0kB min:36kB low:48kB high:60kB reserved_highatomic:0KB free_highatomic:0KB active_anon:0kB inactive_anon:0kB active_file:0kB inactive_file:0kB unevictable:0kB writepending:0kB zspages:0kB present:15996kB managed:15360kB mlocked:0kB bounce:0kB free_pcp:0kB local_pcp:0kB free_cma:0kB
[Tue Jun 16 22:37:34 2026] lowmem_reserve[]: 0 1473 27520 27520 27520
[Tue Jun 16 22:37:34 2026] Node 0 DMA32 free:107264kB boost:0kB min:3620kB low:5128kB high:6636kB reserved_highatomic:0KB free_highatomic:0KB active_anon:194656kB inactive_anon:969884kB active_file:32kB inactive_file:272kB unevictable:0kB writepending:0kB zspages:95528kB present:1711856kB managed:1509332kB mlocked:0kB bounce:0kB free_pcp:1032kB local_pcp:0kB free_cma:0kB
[Tue Jun 16 22:37:34 2026] lowmem_reserve[]: 0 0 26046 26046 26046
[Tue Jun 16 22:37:34 2026] Node 0 Normal free:239400kB boost:175816kB min:239740kB low:266384kB high:293028kB reserved_highatomic:0KB free_highatomic:0KB active_anon:5291896kB inactive_anon:12325800kB active_file:528kB inactive_file:1960kB unevictable:76832kB writepending:28kB zspages:5673264kB present:27231744kB managed:26671768kB mlocked:76824kB bounce:0kB free_pcp:5592kB local_pcp:0kB free_cma:0kB
[Tue Jun 16 22:37:34 2026] lowmem_reserve[]: 0 0 0 0 0
[Tue Jun 16 22:37:34 2026] Node 0 DMA: 0*4kB 0*8kB 0*16kB 0*32kB 0*64kB 0*128kB 0*256kB 0*512kB 1*1024kB (U) 1*2048kB (M) 2*4096kB (M) = 11264kB
[Tue Jun 16 22:37:34 2026] Node 0 DMA32: 4*4kB (ME) 93*8kB (UME) 119*16kB (UME) 130*32kB (UME) 150*64kB (UME) 86*128kB (UME) 36*256kB (UME) 20*512kB (UME) 11*1024kB (UM) 16*2048kB (M) 4*4096kB (M) = 107304kB
[Tue Jun 16 22:37:34 2026] Node 0 Normal: 2*4kB (E) 1855*8kB (UE) 1514*16kB (UE) 2673*32kB (UE) 440*64kB (UE) 349*128kB (UE) 126*256kB (UE) 15*512kB (U) 0*1024kB 0*2048kB 0*4096kB = 237376kB
[Tue Jun 16 22:37:34 2026] Node 0 hugepages_total=0 hugepages_free=0 hugepages_surp=0 hugepages_size=1048576kB
[Tue Jun 16 22:37:34 2026] Node 0 hugepages_total=0 hugepages_free=0 hugepages_surp=0 hugepages_size=2048kB
[Tue Jun 16 22:37:34 2026] 22903 total pagecache pages
[Tue Jun 16 22:37:34 2026] 14930 pages in swap cache
[Tue Jun 16 22:37:34 2026] Free swap  = 0kB
[Tue Jun 16 22:37:34 2026] Total swap = 14097916kB
[Tue Jun 16 22:37:34 2026] 7239899 pages RAM
[Tue Jun 16 22:37:34 2026] 0 pages HighMem/MovableOnly
[Tue Jun 16 22:37:34 2026] 190784 pages reserved
[Tue Jun 16 22:37:34 2026] 0 pages cma reserved
[Tue Jun 16 22:37:34 2026] 0 pages hwpoisoned
[Tue Jun 16 22:37:34 2026] Memory allocations (profiling is currently turned on):
[Tue Jun 16 22:37:34 2026]     16.1 GiB  4222881 mm/memory.c:1204 func:folio_prealloc
[Tue Jun 16 22:37:34 2026]     4.22 GiB  1106544 mm/zsmalloc.c:239 func:alloc_zpdesc
[Tue Jun 16 22:37:34 2026]     1.81 GiB   475234 mm/memory.c:4542 func:__alloc_swap_folio
[Tue Jun 16 22:37:34 2026]     1.38 GiB   101895 mm/slub.c:3292 func:alloc_slab_page
[Tue Jun 16 22:37:34 2026]     1.28 GiB   336200 mm/compaction.c:1847 func:compaction_alloc
[Tue Jun 16 22:37:34 2026]      589 MiB    34078 /build/source/module/os/linux/zfs/abd_os.c:295 [abd_os] func:abd_alloc_chunks
[Tue Jun 16 22:37:34 2026]      393 MiB   101080 /build/source/module/os/linux/spl/spl-kmem-cache.c:145 [spl_kmem_cache] func:kv_alloc
[Tue Jun 16 22:37:34 2026]      152 MiB      244 drivers/gpu/drm/ttm/ttm_pool.c:161 [ttm] func:ttm_pool_alloc_page
[Tue Jun 16 22:37:34 2026]      131 MiB   154869 /build/source/module/os/linux/spl/spl-kmem-cache.c:1222 [spl_kmem_cache] func:spl_kmem_cache_alloc
[Tue Jun 16 22:37:34 2026]     80.5 MiB    20613 arch/x86/mm/pgtable.c:18 func:pte_alloc_one
[Tue Jun 16 22:37:34 2026] Memory cgroup min protection 0kB -- low protection 0kB
[Tue Jun 16 22:37:34 2026] Tasks state (memory values in pages):
[Tue Jun 16 22:37:34 2026] [  pid  ]   uid  tgid total_vm      rss rss_anon rss_file rss_shmem pgtables_bytes swapents oom_score_adj name
[Tue Jun 16 22:37:34 2026] [   1275]     0  1275    62934      956      304      650         2   512000      493          -250 systemd-journal
[Tue Jun 16 22:37:34 2026] [   1290]     0  1290    10573     1373      690      683         0    98304      474         -1000 systemd-udevd
[Tue Jun 16 22:37:34 2026] [   1307]   154  1307    24216      779       42      737         0    98304      317             0 systemd-timesyn
[Tue Jun 16 22:37:34 2026] [   1512]   992  1512     4393      707       42      665         0    77824      248          -900 systemd-oomd
[Tue Jun 16 22:37:34 2026] [   1708]   999  1708     1805      514      143      371         0    57344       57             0 avahi-daemon
[Tue Jun 16 22:37:34 2026] [   1709]     0  1709     3320      450      126      324         0    73728      230             0 bluetoothd
[Tue Jun 16 22:37:34 2026] [   1713]     4  1713     4678     1175      366      809         0    81920      339          -900 dbus-daemon
[Tue Jun 16 22:37:34 2026] [   1714]     0  1714    10350    10340     9753      587         0   126976        0             0 keyd
[Tue Jun 16 22:37:34 2026] [   1725]     0  1725    43988      637        1      636         0    98304      374             0 zed
[Tue Jun 16 22:37:34 2026] [   1760]     0  1760     5152      838      119      719         0    86016      284             0 systemd-logind
[Tue Jun 16 22:37:34 2026] [   1911]  1000  1911     5974     1431      379     1052         0    86016      380           100 systemd
[Tue Jun 16 22:37:34 2026] [   1936]  1000  1936     6817      295        1      294         0    86016      480           100 (sd-pam)
[Tue Jun 16 22:37:34 2026] [   2000]  1000  2000     1846      745      243      502         0    57344       50           200 dbus-daemon
[Tue Jun 16 22:37:34 2026] [   2004]  1000  2004     2309      114      113        1         0    57344      732           200 ra-multiplex
[Tue Jun 16 22:37:34 2026] [   2008]  1000  2008   178419     3809     3140      669         0   995328    82918           200 emacs
[Tue Jun 16 22:37:34 2026] [   2083]     0  2083    84842     1568      499     1069         0   167936      698             0 NetworkManager
[Tue Jun 16 22:37:34 2026] [   2214]     0  2214     4853     1479      182     1297         0    81920      395             0 wpa_supplicant
[Tue Jun 16 22:37:34 2026] [   2238]   995  2238   403314      450       17      433         0   172032      759             0 node_exporter
[Tue Jun 16 22:37:34 2026] [   2239]     0  2239     3045     1059       12     1047         0    65536      296         -1000 sshd
[Tue Jun 16 22:37:34 2026] [   2252]     0  2252      961      954      129      825         0    53248        0             0 greetd
[Tue Jun 16 22:37:34 2026] [   2265]    71  2265   293037     1220       48     1166         6   233472      492             0 .postgres-wrapp
[Tue Jun 16 22:37:34 2026] [   2277]    71  2277   293065      560       24      521        15   167936      526             0 .postgres-wrapp
[Tue Jun 16 22:37:34 2026] [   2278]    71  2278   293037      398       26      367         5   159744      519             0 .postgres-wrapp
[Tue Jun 16 22:37:34 2026] [   2281]    71  2281   293037      406       19      383         4   159744      525             0 .postgres-wrapp
[Tue Jun 16 22:37:34 2026] [   2282]    71  2282   293429      585       58      492        35   163840      556             0 .postgres-wrapp
[Tue Jun 16 22:37:34 2026] [   2283]    71  2283   293401      498       52      415        31   139264      550             0 .postgres-wrapp
[Tue Jun 16 22:37:34 2026] [   2289]     0  2289     9285     9278     2389     6889         0   118784        0             0 greetd
[Tue Jun 16 22:37:34 2026] [   2298]  1000  2298   451209     1855     1029      751        75   835584    11193             0 sway
[Tue Jun 16 22:37:34 2026] [   2355]  1000  2355    31993      657        0      657         0   143360     1668             0 .mako-wrapped
[Tue Jun 16 22:37:34 2026] [   2356]  1000  2356     1546      849        0      849         0    53248       71             0 swayidle
[Tue Jun 16 22:37:34 2026] [   2384]  1000  2384      919      534        0      534         0    49152       39             0 swaymsg
[Tue Jun 16 22:37:34 2026] [   2386]  1000  2386     1990      247        0      247         0    53248      143             0 sway-output-mon
[Tue Jun 16 22:37:34 2026] [   2388]  1000  2388      919      534        0      534         0    53248       39             0 swaymsg
[Tue Jun 16 22:37:34 2026] [   2389]  1000  2389     1990      286        0      286         0    53248      144             0 bash
[Tue Jun 16 22:37:34 2026] [   2402]  1000  2402     3028      735        2      733         0    69632      211           200 socat
[Tue Jun 16 22:37:34 2026] [   2405]  1000  2405    61428     2409      491     1918         0    90112     1372           200 .keyd-applicati
[Tue Jun 16 22:37:34 2026] [   2410]  1000  2410   868025     5271     2185     3086         0  2277376   108902             0 .kitty-wrapped
[Tue Jun 16 22:37:34 2026] [   2412]  1000  2412   105738      853        0      853         0   196608     1929             0 polkit-gnome-au
[Tue Jun 16 22:37:34 2026] [   2548]  1000  2548   263930     1306      329      977         0   217088      648           200 .xdg-desktop-po
[Tue Jun 16 22:37:34 2026] [   2597]  1000  2597   133428      642        2      640         0   110592      152           200 .xdg-permission
[Tue Jun 16 22:37:34 2026] [   2633]  1000  2633   246730      753       92      661         0   180224      114           200 .xdg-document-p
[Tue Jun 16 22:37:34 2026] [   2654]  1000  2654      668      479        1      478         0    49152       27           200 fusermount3
[Tue Jun 16 22:37:34 2026] [   2658]  1000  2658   344212     2439     1579      860         0   385024    11729           200 .xdg-desktop-po
[Tue Jun 16 22:37:34 2026] [   2712]  1000  2712   312212       31       29        2         0   147456     2007             0 kitten
[Tue Jun 16 22:37:34 2026] [   2749]  1000  2749   349913     7078     6591      487         0  2842624   257824             0 tmux: server
[Tue Jun 16 22:37:34 2026] [   2767]  1000  2767     2968      604        3      601         0    73728     1131             0 bash
[Tue Jun 16 22:37:34 2026] [   2783]  1000  2783     2968     1240      607      633         0    73728      544             0 bash
[Tue Jun 16 22:37:34 2026] [   2822]  1000  2822    41137      626      102      524         0    81920      115           200 playerctld
[Tue Jun 16 22:37:34 2026] [   2949]  1000  2949    79855      776      141      635         0   122880      391             0 nmcli
[Tue Jun 16 22:37:34 2026] [   2950]  1000  2950     1990      298        0      298         0    57344      146             0 vpn-status
[Tue Jun 16 22:37:34 2026] [   3412]   994  3412   173613     1815      381     1434         0   159744      583             0 nsncd
[Tue Jun 16 22:37:34 2026] [   3523]  1000  3523    80196      450        0      450         0   114688      324             0 .gnome-keyring-
[Tue Jun 16 22:37:34 2026] [   6817]  1000  6817     2953      585        0      585         0    57344     1141             0 bash
[Tue Jun 16 22:37:34 2026] [   6945]  1000  6945     2968      620        3      617         0    73728     1131             0 bash
[Tue Jun 16 22:37:34 2026] [  11410]     0 11410   159658     1584        1     1583         0   253952     1501             0 nix-daemon
[Tue Jun 16 22:37:34 2026] [  42332]  1000 42332   417583       32       31        1         0  2793472   313905           200 semgrep-core
[Tue Jun 16 22:37:34 2026] [  74302]  1000 74302      669      383       11      372         0    49152       21             0 emacsclient
[Tue Jun 16 22:37:34 2026] [  74865]  1000 74865     3101      615        3      612         0    61440     1274             0 bash
[Tue Jun 16 22:37:34 2026] [  83658]  1000 83658   114831     3112     1882     1224         6   212992     6549           200 pipewire
[Tue Jun 16 22:37:34 2026] [  83659]  1000 83659   101656     1391      415      976         0   135168     1940           200 pipewire-pulse
[Tue Jun 16 22:37:34 2026] [  83660]  1000 83660   235798     2435      725     1710         0   221184     1180           200 wireplumber
[Tue Jun 16 22:37:34 2026] [  83688]  1000 83688    21011      607       48      559         0    73728      180           200 .xdg-desktop-po
[Tue Jun 16 22:37:34 2026] [ 308238]  1000 308238     3180      675       42      633         0    69632     1321             0 bash
[Tue Jun 16 22:37:34 2026] [ 399920]  1000 399920  1583457     2493     1731      762         0  1409024     6182             0 yazi
[Tue Jun 16 22:37:34 2026] [ 406435]  1000 406435   171886      893        0      893         0   266240     9921           200 wezterm-mux-ser
[Tue Jun 16 22:37:34 2026] [ 406440]  1000 406440    58937      472        0      472         0    73728     1131           200 bash
[Tue Jun 16 22:37:34 2026] [ 596505]  1000 596505    59377      571        0      571         0    77824      192           200 aspell
[Tue Jun 16 22:37:34 2026] [1047720]  1000 1047720     1625      521        0      521         0    57344       63             0 inotifywait
[Tue Jun 16 22:37:34 2026] [1047721]  1000 1047721     1990      339        0      339         0    61440      152             0 file-watcher.sh
[Tue Jun 16 22:37:34 2026] [1795054]  1000 1795054     2969      636        3      633         0    69632     1153             0 bash
[Tue Jun 16 22:37:34 2026] [3503506]  1000 3503506     3005      658       31      627         0    69632     1156             0 bash
[Tue Jun 16 22:37:34 2026] [3660553]  1000 3660553     2239      392       14      376         2    65536      213             0 httpd
[Tue Jun 16 22:37:34 2026] [3660555]  1000 3660555     2239      169        6      161         2    65536      225             0 httpd
[Tue Jun 16 22:37:34 2026] [3660556]  1000 3660556     2239      169        6      161         2    65536      225             0 httpd
[Tue Jun 16 22:37:34 2026] [3660557]  1000 3660557     2239      169        6      161         2    65536      225             0 httpd
[Tue Jun 16 22:37:34 2026] [3660558]  1000 3660558     2239      169        6      161         2    65536      225             0 httpd
[Tue Jun 16 22:37:34 2026] [3660559]  1000 3660559     2239      169        6      161         2    65536      225             0 httpd
[Tue Jun 16 22:37:34 2026] [3663065]  1000 3663065     2970      663        3      660         0    69632     1155             0 bash
[Tue Jun 16 22:37:34 2026] [3664117]  1000 3664117  1525854     1480      769      711         0  1048576    58264           200 Microsoft.Pytho
[Tue Jun 16 22:37:34 2026] [ 431470]  1000 431470     3010      631        3      628         0    69632     1185             0 bash
[Tue Jun 16 22:37:34 2026] [ 524545]  1000 524545   773567     1909      921      913        75   507904     5526             0 .waybar-wrapped
[Tue Jun 16 22:37:34 2026] [2581079]  1000 2581079     3027      604        3      601         0    65536     1190             0 bash
[Tue Jun 16 22:37:34 2026] [2631337]  1000 2631337     3229      631        3      628         0    65536     1381             0 bash
[Tue Jun 16 22:37:34 2026] [ 253097]  1000 253097     3029      647        3      644         0    69632     1210             0 bash
[Tue Jun 16 22:37:34 2026] [1678811]  1000 1678811     3017      596        0      596         0    65536     1213             0 bash
[Tue Jun 16 22:37:34 2026] [1679013]  1000 1679013     2791      755       29      726         0    65536      130             0 tmux: client
[Tue Jun 16 22:37:34 2026] [2645199]  1000 2645199     3033      663        3      660         0    65536     1226             0 bash
[Tue Jun 16 22:37:34 2026] [ 443596]  1000 443596   548754     1004      607      397         0   233472      250           200 .ssh-agent-guar
[Tue Jun 16 22:37:34 2026] [ 443600]  1000 443600    42025      632       42      590         0   122880      431           200 atuin
[Tue Jun 16 22:37:34 2026] [ 839109]  1000 839109     2791      746       20      726         0    65536      139             0 tmux: client
[Tue Jun 16 22:37:34 2026] [ 849019]  1000 849019     3043      633        0      633         0    65536     1240             0 bash
[Tue Jun 16 22:37:34 2026] [ 854438]    28 854438    96380      925      130      795         0   122880      423             0 polkitd
[Tue Jun 16 22:37:34 2026] [ 865816]  1000 865816     3034      614        3      611         0    65536     1228             0 bash
[Tue Jun 16 22:37:34 2026] [1579017]  1000 1579017     2791      757       29      728         0    65536      130             0 tmux: client
[Tue Jun 16 22:37:34 2026] [1579019]  1000 1579019     3036      625        3      622         0    69632     1230             0 bash
[Tue Jun 16 22:37:34 2026] [1579180]  1000 1579180     3259      686       42      644         0    65536     1353             0 bash
[Tue Jun 16 22:37:34 2026] [1586586]  1000 1586586 365071234     2426     2300      126         0  1802240    13794             0 1password
[Tue Jun 16 22:37:34 2026] [1586592]  1000 1586592  8522391       82       10       72         0   389120     2440             0 1password
[Tue Jun 16 22:37:34 2026] [1586593]  1000 1586593  8522388       97        1       96         0   421888     2425             0 1password
[Tue Jun 16 22:37:34 2026] [1586605]  1000 1586605  8522395        1        0        1         0   237568     2452             0 1password
[Tue Jun 16 22:37:34 2026] [1586695]  1000 1586695  8656723      410      360       50         0  1302528    32546           200 1password
[Tue Jun 16 22:37:34 2026] [1586698]  1000 1586698  8475429      243      133      110         0   487424     2578             0 1password
[Tue Jun 16 22:37:34 2026] [1586704]  1000 1586704   253532      993        0      976        17   540672     6039             0 Xwayland
[Tue Jun 16 22:37:34 2026] [1625852]  1000 1625852     3205      633        3      630         0    65536     1356             0 bash
[Tue Jun 16 22:37:34 2026] [1654499]  1000 1654499    92745     2946        0     2946         0   204800    11337           200 ipython
[Tue Jun 16 22:37:34 2026] [1742658]  1000 1742658     3043      624        0      624         0    65536     1239             0 bash
[Tue Jun 16 22:37:34 2026] [2481154]  1000 2481154     4191      619        0      619         0    69632      261             0 .swaybg-wrapped
[Tue Jun 16 22:37:34 2026] [2504685]  1000 2504685      669      434       12      422         0    49152       20             0 emacsclient
[Tue Jun 16 22:37:34 2026] [2605302]  1000 2605302     3123      617        0      617         0    69632     1291             0 bash
[Tue Jun 16 22:37:34 2026] [2692295]  1000 2692295     3038      637        4      633         0    69632     1231             0 bash
[Tue Jun 16 22:37:34 2026] [4014491]     0 4014491     5629     2633      320     2313         0    86016      155             0 sshd-session
[Tue Jun 16 22:37:34 2026] [4014494]  1000 4014494     5727     1456      461      995         0    94208      149             0 sshd-session
[Tue Jun 16 22:37:34 2026] [4014495]  1000 4014495     2789      875      148      727         0    65536        9             0 tmux: client
[Tue Jun 16 22:37:34 2026] [4143777]  1000 4143777   922381     4140     3577      563         0  1626112    66584             0 agentsview
[Tue Jun 16 22:37:34 2026] [4147355]  1000 4147355   188330     3442     3441        1         0   761856    14934             0 codex
[Tue Jun 16 22:37:34 2026] [4175281]  1000 4175281   113303      610       90      520         0    81920       10           200 gpg-agent
[Tue Jun 16 22:37:34 2026] [   2506]  1000  2506    76929      516       55      461         0    73728       50           200 scdaemon
[Tue Jun 16 22:37:34 2026] [   2509]     0  2509   101929      967      170      797         0   122880      360             0 pcscd
[Tue Jun 16 22:37:34 2026] [   9037]  1000  9037     3099     1012      417      595         0    69632      831             0 bash
[Tue Jun 16 22:37:34 2026] [  38385]  1000 38385     4019     2251     1453      798         0    77824      255             0 htop
[Tue Jun 16 22:37:34 2026] [  46933]  1000 46933  7696612  4615600  4615015      585         0 50040832  1534021             0 queens
[Tue Jun 16 22:37:34 2026] [  47355]  1000 47355 18493678    26856    26205      651         0  1400832    33416             0 claude
[Tue Jun 16 22:37:34 2026] [  50127]  1000 50127      378       67       13       54         0    36864        0             0 sh
[Tue Jun 16 22:37:34 2026] [  50128]  1000 50128        3        3        3        0         0    12288        0             0 tmux: server
[Tue Jun 16 22:37:34 2026] oom-kill:constraint=CONSTRAINT_NONE,nodemask=(null),cpuset=user.slice,mems_allowed=0,global_oom,task_memcg=/user.slice/user-1000.slice/user@1000.service/kitty-2410-18.scope,task=queens,pid=46933,uid=1000
[Tue Jun 16 22:37:34 2026] Out of memory: Killed process 46933 (queens) total-vm:30786448kB, anon-rss:18460060kB, file-rss:2340kB, shmem-rss:0kB, UID:1000 pgtables:48868kB oom_score_adj:0
[Tue Jun 16 22:37:36 2026] oom_reaper: reaped process 46933 (queens), now anon-rss:0kB, file-rss:0kB, shmem-rss:0kB
[Tue Jun 16 22:46:42 2026] usb 7-1: USB disconnect, device number 80
[Tue Jun 16 22:46:42 2026] usb 7-1.2: USB disconnect, device number 81
[Tue Jun 16 22:46:42 2026] thunderbolt 1-0:2.1: retimer disconnected
[Tue Jun 16 22:46:42 2026] amdgpu 0000:c6:00.0: [drm] DMUB HPD IRQ callback: link_index=6
[Tue Jun 16 22:46:42 2026] thunderbolt 1-2: device disconnected
[Tue Jun 16 22:46:42 2026] usb 7-1.4: USB disconnect, device number 82
[Tue Jun 16 22:46:42 2026] usb 8-1: USB disconnect, device number 54
[Tue Jun 16 22:46:42 2026] usb 8-1.4: USB disconnect, device number 55
[Wed Jun 17 10:11:41 2026] thunderbolt 1-2: new device found, vendor=0x31 device=0x1c53
[Wed Jun 17 10:11:41 2026] thunderbolt 1-2: ASUS-Display PA32QCV
[Wed Jun 17 10:11:41 2026] thunderbolt 1-0:2.1: new retimer found, vendor=0x7fea device=0x1033
[Wed Jun 17 10:11:41 2026] usb 7-1: new high-speed USB device number 83 using xhci_hcd
[Wed Jun 17 10:11:41 2026] usb 7-1: New USB device found, idVendor=1d5c, idProduct=5801, bcdDevice= 1.01
[Wed Jun 17 10:11:41 2026] usb 7-1: New USB device strings: Mfr=1, Product=2, SerialNumber=0
[Wed Jun 17 10:11:41 2026] usb 7-1: Product: USB2.0 Hub
[Wed Jun 17 10:11:41 2026] usb 7-1: Manufacturer: Fresco Logic, Inc.
[Wed Jun 17 10:11:41 2026] hub 7-1:1.0: USB hub found
[Wed Jun 17 10:11:41 2026] hub 7-1:1.0: 4 ports detected
[Wed Jun 17 10:11:41 2026] amdgpu 0000:c6:00.0: [drm] DMUB HPD IRQ callback: link_index=6
[Wed Jun 17 10:11:42 2026] usb 8-1: new SuperSpeed Plus Gen 2x1 USB device number 56 using xhci_hcd
[Wed Jun 17 10:11:42 2026] usb 8-1: New USB device found, idVendor=8087, idProduct=0b40, bcdDevice=12.34
[Wed Jun 17 10:11:42 2026] usb 8-1: New USB device strings: Mfr=1, Product=2, SerialNumber=0
[Wed Jun 17 10:11:42 2026] usb 8-1: Product: USB3.0 Hub
[Wed Jun 17 10:11:42 2026] usb 8-1: Manufacturer: Intel Corporation.
[Wed Jun 17 10:11:42 2026] hub 8-1:1.0: USB hub found
[Wed Jun 17 10:11:42 2026] hub 8-1:1.0: 4 ports detected
[Wed Jun 17 10:11:42 2026] usb 7-1.2: new full-speed USB device number 84 using xhci_hcd
[Wed Jun 17 10:11:42 2026] usb 7-1.2: New USB device found, idVendor=0b05, idProduct=1c55, bcdDevice=17.46
[Wed Jun 17 10:11:42 2026] usb 7-1.2: New USB device strings: Mfr=1, Product=2, SerialNumber=3
[Wed Jun 17 10:11:42 2026] usb 7-1.2: Product: DMC Device
[Wed Jun 17 10:11:42 2026] usb 7-1.2: Manufacturer: Cypress Semiconductor
[Wed Jun 17 10:11:42 2026] usb 7-1.2: SerialNumber: 11AD1D0AA2B17E1921230B00
[Wed Jun 17 10:11:42 2026] usb 7-1.4: new high-speed USB device number 85 using xhci_hcd
[Wed Jun 17 10:11:42 2026] usb 7-1.4: New USB device found, idVendor=0b05, idProduct=0c23, bcdDevice=91.32
[Wed Jun 17 10:11:42 2026] usb 7-1.4: New USB device strings: Mfr=1, Product=2, SerialNumber=0
[Wed Jun 17 10:11:42 2026] usb 7-1.4: Product: USB2.1 Hub
[Wed Jun 17 10:11:42 2026] usb 7-1.4: Manufacturer: Generic
[Wed Jun 17 10:11:42 2026] hub 7-1.4:1.0: USB hub found
[Wed Jun 17 10:11:42 2026] hub 7-1.4:1.0: 4 ports detected
[Wed Jun 17 10:11:42 2026] usb 8-1.4: new SuperSpeed USB device number 57 using xhci_hcd
[Wed Jun 17 10:11:42 2026] usb 8-1.4: New USB device found, idVendor=0b05, idProduct=0411, bcdDevice=91.32
[Wed Jun 17 10:11:42 2026] usb 8-1.4: New USB device strings: Mfr=1, Product=2, SerialNumber=0
[Wed Jun 17 10:11:42 2026] usb 8-1.4: Product: USB3.2 Hub
[Wed Jun 17 10:11:42 2026] usb 8-1.4: Manufacturer: Generic
[Wed Jun 17 10:11:42 2026] hub 8-1.4:1.0: USB hub found
[Wed Jun 17 10:11:42 2026] hub 8-1.4:1.0: 3 ports detected
[Wed Jun 17 10:11:44 2026] input: Yubico YubiKey OTP+FIDO+CCID as /devices/pci0000:00/0000:00:08.3/0000:c8:00.0/usb3/3-1/3-1.4/3-1.4:1.0/0003:1050:0407.00F7/input/input273
[Wed Jun 17 10:11:44 2026] hid-generic 0003:1050:0407.00F7: input,hidraw1: USB HID v1.10 Keyboard [Yubico YubiKey OTP+FIDO+CCID] on usb-0000:c8:00.0-1.4/input0
[Wed Jun 17 10:11:44 2026] input: Yubico YubiKey OTP+FIDO+CCID as /devices/pci0000:00/0000:00:08.3/0000:c8:00.0/usb3/3-1/3-1.4/3-1.4:1.0/0003:1050:0407.00F8/input/input274
[Wed Jun 17 10:11:44 2026] hid-generic 0003:1050:0407.00F8: input,hidraw1: USB HID v1.10 Keyboard [Yubico YubiKey OTP+FIDO+CCID] on usb-0000:c8:00.0-1.4/input0
[Wed Jun 17 10:28:47 2026] input: Yubico YubiKey OTP+FIDO+CCID as /devices/pci0000:00/0000:00:08.3/0000:c8:00.0/usb3/3-1/3-1.4/3-1.4:1.0/0003:1050:0407.00F9/input/input275
[Wed Jun 17 10:28:47 2026] hid-generic 0003:1050:0407.00F9: input,hidraw1: USB HID v1.10 Keyboard [Yubico YubiKey OTP+FIDO+CCID] on usb-0000:c8:00.0-1.4/input0
[Wed Jun 17 10:28:48 2026] input: Yubico YubiKey OTP+FIDO+CCID as /devices/pci0000:00/0000:00:08.3/0000:c8:00.0/usb3/3-1/3-1.4/3-1.4:1.0/0003:1050:0407.00FA/input/input276
[Wed Jun 17 10:28:48 2026] hid-generic 0003:1050:0407.00FA: input,hidraw1: USB HID v1.10 Keyboard [Yubico YubiKey OTP+FIDO+CCID] on usb-0000:c8:00.0-1.4/input0
[Wed Jun 17 10:59:45 2026] input: Yubico YubiKey OTP+FIDO+CCID as /devices/pci0000:00/0000:00:08.3/0000:c8:00.0/usb3/3-1/3-1.4/3-1.4:1.0/0003:1050:0407.00FB/input/input277
[Wed Jun 17 10:59:45 2026] hid-generic 0003:1050:0407.00FB: input,hidraw1: USB HID v1.10 Keyboard [Yubico YubiKey OTP+FIDO+CCID] on usb-0000:c8:00.0-1.4/input0
[Wed Jun 17 10:59:46 2026] input: Yubico YubiKey OTP+FIDO+CCID as /devices/pci0000:00/0000:00:08.3/0000:c8:00.0/usb3/3-1/3-1.4/3-1.4:1.0/0003:1050:0407.00FC/input/input278
[Wed Jun 17 10:59:46 2026] hid-generic 0003:1050:0407.00FC: input,hidraw1: USB HID v1.10 Keyboard [Yubico YubiKey OTP+FIDO+CCID] on usb-0000:c8:00.0-1.4/input0
[Wed Jun 17 11:00:57 2026] zram0: detected capacity change from 28195840 to 0
[Wed Jun 17 11:00:57 2026] zram0: detected capacity change from 0 to 28195840
[Wed Jun 17 11:00:57 2026] zram0: detected capacity change from 28195840 to 0
[Wed Jun 17 11:01:08 2026] zram0: detected capacity change from 0 to 28195840
[Wed Jun 17 11:01:08 2026] Adding 14097916k swap on /dev/zram0.  Priority:5 extents:1 across:14097916k SSDsc
[Wed Jun 17 11:21:17 2026] input: Yubico YubiKey OTP+FIDO+CCID as /devices/pci0000:00/0000:00:08.3/0000:c8:00.0/usb3/3-1/3-1.4/3-1.4:1.0/0003:1050:0407.00FD/input/input279
[Wed Jun 17 11:21:17 2026] hid-generic 0003:1050:0407.00FD: input,hidraw1: USB HID v1.10 Keyboard [Yubico YubiKey OTP+FIDO+CCID] on usb-0000:c8:00.0-1.4/input0
[Wed Jun 17 11:21:18 2026] input: Yubico YubiKey OTP+FIDO+CCID as /devices/pci0000:00/0000:00:08.3/0000:c8:00.0/usb3/3-1/3-1.4/3-1.4:1.0/0003:1050:0407.00FE/input/input280
[Wed Jun 17 11:21:18 2026] hid-generic 0003:1050:0407.00FE: input,hidraw1: USB HID v1.10 Keyboard [Yubico YubiKey OTP+FIDO+CCID] on usb-0000:c8:00.0-1.4/input0
