Welcome to the CBC MILP Solver 
Version: devel 
Build Date: Mar 23 2026
Starting solution of the Linear programming relaxation problem using Primal Simplex

Coin0506I Presolve 85 (0) rows, 156 (-264) columns and 606 (-264) elements
Clp1000I sum of infeasibilities 7.55132e-07 - average 8.8839e-09, 135 fixed columns
Coin0506I Presolve 13 (-72) rows, 21 (-135) columns and 76 (-530) elements
Clp0029I End of values pass after 21 iterations
Clp0000I Optimal - objective value 0.14285714
Clp0000I Optimal - objective value 0.14285714
Coin0511I After Postsolve, objective 0.14285714, infeasibilities - dual 0 (0), primal 0 (0)
Clp0000I Optimal - objective value 0.14285714
Clp0000I Optimal - objective value 0.14285714
Coin0511I After Postsolve, objective 0.14285714, infeasibilities - dual 0 (0), primal 0 (0)
Clp0032I Optimal objective 0.1428571429 - 0 iterations time 0.002, Presolve 0.00, Idiot 0.00

Starting MIP optimization
Cbc0045I Nauty did not find any useful orbits in time 0.000505
Cbc0038I Initial state - 11 integers unsatisfied sum - 1.35714
Cbc0038I Pass   1: suminf.    1.14286 (8) obj. 0.142857 iterations 13
Cbc0038I Pass   2: suminf.    0.00000 (0) obj. 1 iterations 15
Cbc0038I Pass   3: suminf.    0.00000 (0) obj. 1 iterations 0
Cbc0038I Pass   4: suminf.    3.00000 (6) obj. 30 iterations 96
Cbc0038I Pass   5: suminf.    0.00000 (0) obj. 30 iterations 9
Cbc0038I Pass   6: suminf.    0.00000 (0) obj. 30 iterations 0
Cbc0038I Pass   7: suminf.    0.00000 (0) obj. 30 iterations 0
Cbc0038I Pass   8: suminf.    0.00000 (0) obj. 30 iterations 0
Cbc0038I Pass   9: suminf.    0.00000 (0) obj. 30 iterations 0
Cbc0038I Pass  10: suminf.    2.25000 (5) obj. 41 iterations 62
Cbc0038I Pass  11: suminf.    0.75000 (2) obj. 41 iterations 3
Cbc0038I Pass  12: suminf.    0.75000 (2) obj. 41 iterations 0
Cbc0038I Pass  13: suminf.    0.25000 (1) obj. 41 iterations 1
Cbc0038I Pass  14: suminf.    0.25000 (1) obj. 41 iterations 0
Cbc0038I Pass  15: suminf.    0.25000 (1) obj. 41 iterations 0
Cbc0038I Pass  16: suminf.    0.25000 (1) obj. 41 iterations 0
Cbc0038I Pass  17: suminf.    0.25000 (1) obj. 41 iterations 0
Cbc0038I Pass  18: suminf.    0.25000 (1) obj. 41 iterations 0
Cbc0038I Pass  19: suminf.    0.25000 (1) obj. 41 iterations 0
Cbc0038I Pass  20: suminf.    0.25000 (1) obj. 41 iterations 0
Cbc0038I Pass  21: suminf.    0.25000 (1) obj. 41 iterations 0
Cbc0038I Pass  22: suminf.    1.25000 (3) obj. 52 iterations 62
Cbc0038I Pass  23: suminf.    0.25000 (1) obj. 52 iterations 5
Cbc0038I Pass  24: suminf.    0.25000 (1) obj. 52 iterations 0
Cbc0038I Pass  25: suminf.    0.25000 (1) obj. 52 iterations 0
Cbc0038I Pass  26: suminf.    0.25000 (1) obj. 52 iterations 0
Cbc0038I Pass  27: suminf.    0.25000 (1) obj. 52 iterations 0
Cbc0038I Pass  28: suminf.    0.25000 (1) obj. 52 iterations 0
Cbc0038I Pass  29: suminf.    0.25000 (1) obj. 52 iterations 0
Cbc0038I Pass  30: suminf.    0.25000 (1) obj. 52 iterations 0
Cbc0038I No solution found this major pass
Cbc0038I Before mini branch and bound, 133 integers at bound fixed and 3 continuous
Cbc0038I Full problem 85 rows 336 columns, reduced to 39 rows 104 columns
Cbc0038I Mini branch and bound improved solution from 1.797693134862e+308 to 1 (0.01 seconds)
Cbc0038I After 0.01 seconds - Feasibility pump exiting with objective of 1 - took 0.01 seconds
Cbc0051I Starting cut generation at root node
Cbc0031I 45 added rows had average density of 42.666667
Cbc0013I At root node, 45 cuts changed objective from 0.14285714 to 1.3733236 in 100 passes
Cbc0014I Cut generator 0 (Probing) - 0 row cuts average 0.0 elements, 0 column cuts (0 active)  in 0.012 seconds - new frequency is -100
Cbc0014I Cut generator 1 (Gomory) - 582 row cuts average 268.7 elements, 0 column cuts (0 active)  in 0.051 seconds - new frequency is 1
Cbc0014I Cut generator 2 (Knapsack) - 1018 row cuts average 3.5 elements, 0 column cuts (0 active)  in 0.046 seconds - new frequency is 1
Cbc0014I Cut generator 3 (Clique) - 0 row cuts average 0.0 elements, 0 column cuts (0 active)  in 0.000 seconds - new frequency is -100
Cbc0014I Cut generator 4 (MixedIntegerRounding2) - 50 row cuts average 234.3 elements, 0 column cuts (0 active)  in 0.031 seconds - new frequency is -100
Cbc0014I Cut generator 5 (FlowCover) - 0 row cuts average 0.0 elements, 0 column cuts (0 active)  in 0.001 seconds - new frequency is -100
Cbc0014I Cut generator 6 (TwoMirCuts) - 153 row cuts average 22.9 elements, 0 column cuts (0 active)  in 0.004 seconds - new frequency is 1
Cbc0014I Cut generator 7 (ZeroHalf) - 623 row cuts average 17.1 elements, 0 column cuts (0 active)  in 0.019 seconds - new frequency is 1
Cbc0004I Integer solution of 28 found after 4775 iterations and 273 nodes (0.55 seconds)
Cbc0012I Integer solution of 28 found by heuristic after 4774 iterations and 272 nodes (0.55 seconds)
Cbc0010I After 1141 nodes, 530 on tree, 28 best solution, best possible 1.3733236 (0.70 seconds)
Cbc0010I After 6525 nodes, 3001 on tree, 28 best solution, best possible 1.3733236 (1.40 seconds)
Cbc0010I After 11309 nodes, 5165 on tree, 28 best solution, best possible 2.2315731 (2.10 seconds)
Cbc0010I After 15429 nodes, 7051 on tree, 28 best solution, best possible 5 (2.80 seconds)
Cbc0010I After 20190 nodes, 9203 on tree, 28 best solution, best possible 5 (3.50 seconds)
Cbc0004I Integer solution of 20 found after 124853 iterations and 24108 nodes (4.06 seconds)
Cbc0012I Integer solution of 20 found by heuristic after 124848 iterations and 24107 nodes (4.06 seconds)
Cbc0010I After 25074 nodes, 11380 on tree, 20 best solution, best possible 5 (4.20 seconds)
Cbc0010I After 30127 nodes, 13616 on tree, 20 best solution, best possible 5 (4.90 seconds)
Cbc0010I After 35065 nodes, 15945 on tree, 20 best solution, best possible 6 (5.60 seconds)
Cbc0004I Integer solution of 12 found after 187078 iterations and 36778 nodes (5.83 seconds)
Cbc0012I Integer solution of 12 found by heuristic after 187077 iterations and 36777 nodes (5.83 seconds)
Cbc0010I After 39848 nodes, 13169 on tree, 12 best solution, best possible 6 (6.30 seconds)
Cbc0010I After 45346 nodes, 14998 on tree, 12 best solution, best possible 6 (7.00 seconds)
Cbc0010I After 50776 nodes, 17225 on tree, 12 best solution, best possible 6 (7.70 seconds)
Cbc0010I After 55872 nodes, 18941 on tree, 12 best solution, best possible 6 (8.40 seconds)
Cbc0010I After 61287 nodes, 21009 on tree, 12 best solution, best possible 6 (9.10 seconds)
Cbc0010I After 66370 nodes, 22732 on tree, 12 best solution, best possible 6 (9.80 seconds)
Cbc0010I After 71505 nodes, 25158 on tree, 12 best solution, best possible 6 (10.50 seconds)
Cbc0010I After 76879 nodes, 26867 on tree, 12 best solution, best possible 6 (11.20 seconds)
Cbc0010I After 81902 nodes, 28568 on tree, 12 best solution, best possible 6 (11.90 seconds)
Cbc0010I After 86783 nodes, 30344 on tree, 12 best solution, best possible 6.3333333 (12.60 seconds)
Cbc0010I After 92251 nodes, 32327 on tree, 12 best solution, best possible 6.5 (13.30 seconds)
Cbc0010I After 97644 nodes, 34220 on tree, 12 best solution, best possible 7 (14.00 seconds)
Cbc0010I After 102744 nodes, 35621 on tree, 12 best solution, best possible 7 (14.70 seconds)
Cbc0010I After 107830 nodes, 37307 on tree, 12 best solution, best possible 7 (15.40 seconds)
Cbc0010I After 113135 nodes, 39330 on tree, 12 best solution, best possible 7 (16.10 seconds)
Cbc0010I After 118064 nodes, 40761 on tree, 12 best solution, best possible 7 (16.81 seconds)
Cbc0010I After 123028 nodes, 42780 on tree, 12 best solution, best possible 7 (17.51 seconds)
Cbc0010I After 128275 nodes, 44875 on tree, 12 best solution, best possible 7 (18.21 seconds)
Cbc0010I After 133526 nodes, 46735 on tree, 12 best solution, best possible 7 (18.91 seconds)
Cbc0010I After 138437 nodes, 48184 on tree, 12 best solution, best possible 7 (19.61 seconds)
Cbc0010I After 143294 nodes, 49743 on tree, 12 best solution, best possible 7 (20.31 seconds)
Cbc0010I After 148352 nodes, 52159 on tree, 12 best solution, best possible 7 (21.01 seconds)
Cbc0010I After 153548 nodes, 54406 on tree, 12 best solution, best possible 7 (21.71 seconds)
Cbc0010I After 158627 nodes, 55975 on tree, 12 best solution, best possible 7 (22.41 seconds)
Cbc0010I After 163631 nodes, 57192 on tree, 12 best solution, best possible 7 (23.11 seconds)
Cbc0010I After 168967 nodes, 58205 on tree, 12 best solution, best possible 7 (23.81 seconds)
Cbc0010I After 173973 nodes, 59868 on tree, 12 best solution, best possible 7 (24.51 seconds)
Cbc0010I After 180334 nodes, 61174 on tree, 12 best solution, best possible 7 (25.21 seconds)
Cbc0010I After 188467 nodes, 61362 on tree, 12 best solution, best possible 7 (25.91 seconds)
Cbc0010I After 196671 nodes, 61334 on tree, 12 best solution, best possible 7 (26.61 seconds)
Cbc0010I After 204823 nodes, 61485 on tree, 12 best solution, best possible 7 (27.31 seconds)
Cbc0010I After 211983 nodes, 61280 on tree, 12 best solution, best possible 7 (28.01 seconds)
Cbc0010I After 219944 nodes, 61254 on tree, 12 best solution, best possible 7 (28.71 seconds)
Cbc0010I After 226790 nodes, 61407 on tree, 12 best solution, best possible 7 (29.41 seconds)
Cbc0010I After 235742 nodes, 61394 on tree, 12 best solution, best possible 7 (30.11 seconds)
Cbc0010I After 242886 nodes, 61215 on tree, 12 best solution, best possible 7 (30.81 seconds)
Cbc0010I After 250633 nodes, 61243 on tree, 12 best solution, best possible 7 (31.51 seconds)
Cbc0010I After 259322 nodes, 61213 on tree, 12 best solution, best possible 7 (32.22 seconds)
Cbc0010I After 265821 nodes, 61021 on tree, 12 best solution, best possible 7 (32.92 seconds)
Cbc0010I After 271796 nodes, 61207 on tree, 12 best solution, best possible 7 (33.62 seconds)
Cbc0010I After 278792 nodes, 61301 on tree, 12 best solution, best possible 7 (34.32 seconds)
Cbc0010I After 286924 nodes, 61302 on tree, 12 best solution, best possible 7 (35.02 seconds)
Cbc0010I After 293405 nodes, 61226 on tree, 12 best solution, best possible 7 (35.72 seconds)
Cbc0010I After 299670 nodes, 61201 on tree, 12 best solution, best possible 7 (36.42 seconds)
Cbc0010I After 306770 nodes, 61452 on tree, 12 best solution, best possible 7 (37.12 seconds)
Cbc0010I After 314867 nodes, 61455 on tree, 12 best solution, best possible 7 (37.82 seconds)
Cbc0010I After 322789 nodes, 60976 on tree, 12 best solution, best possible 7 (38.52 seconds)
Cbc0010I After 328971 nodes, 61134 on tree, 12 best solution, best possible 7 (39.22 seconds)
Cbc0010I After 334822 nodes, 61340 on tree, 12 best solution, best possible 7 (39.92 seconds)
Cbc0010I After 341988 nodes, 61447 on tree, 12 best solution, best possible 7 (40.62 seconds)
Cbc0010I After 349381 nodes, 61443 on tree, 12 best solution, best possible 7 (41.32 seconds)
Cbc0010I After 356338 nodes, 61450 on tree, 12 best solution, best possible 7 (42.02 seconds)
Cbc0010I After 361948 nodes, 61393 on tree, 12 best solution, best possible 7 (42.72 seconds)
Cbc0010I After 367711 nodes, 61088 on tree, 12 best solution, best possible 7 (43.42 seconds)
Cbc0010I After 373012 nodes, 61483 on tree, 12 best solution, best possible 7 (44.12 seconds)
Cbc0010I After 378371 nodes, 61424 on tree, 12 best solution, best possible 7 (44.83 seconds)
Cbc0010I After 384771 nodes, 61413 on tree, 12 best solution, best possible 7 (45.53 seconds)
Cbc0010I After 391173 nodes, 61414 on tree, 12 best solution, best possible 7 (46.23 seconds)
Cbc0010I After 397414 nodes, 61413 on tree, 12 best solution, best possible 7 (46.93 seconds)
Cbc0010I After 402272 nodes, 61455 on tree, 12 best solution, best possible 7 (47.63 seconds)
Cbc0010I After 407736 nodes, 61276 on tree, 12 best solution, best possible 7 (48.33 seconds)
Cbc0010I After 412922 nodes, 61422 on tree, 12 best solution, best possible 7 (49.03 seconds)
Cbc0010I After 418689 nodes, 61020 on tree, 12 best solution, best possible 7 (49.73 seconds)
Cbc0010I After 423682 nodes, 61681 on tree, 12 best solution, best possible 7 (50.43 seconds)
Cbc0010I After 429201 nodes, 61683 on tree, 12 best solution, best possible 7 (51.13 seconds)
Cbc0010I After 434864 nodes, 61683 on tree, 12 best solution, best possible 7 (51.83 seconds)
Cbc0010I After 440373 nodes, 61683 on tree, 12 best solution, best possible 7 (52.53 seconds)
Cbc0010I After 445880 nodes, 61548 on tree, 12 best solution, best possible 7 (53.23 seconds)
Cbc0010I After 450778 nodes, 61459 on tree, 12 best solution, best possible 7 (53.93 seconds)
Cbc0010I After 456207 nodes, 60997 on tree, 12 best solution, best possible 7 (54.63 seconds)
Cbc0010I After 460426 nodes, 61324 on tree, 12 best solution, best possible 7 (55.33 seconds)
Cbc0010I After 465253 nodes, 61248 on tree, 12 best solution, best possible 7 (56.03 seconds)
Cbc0010I After 469795 nodes, 61222 on tree, 12 best solution, best possible 7 (56.74 seconds)
Cbc0010I After 473932 nodes, 61447 on tree, 12 best solution, best possible 7 (57.44 seconds)
Cbc0010I After 478815 nodes, 61459 on tree, 12 best solution, best possible 7 (58.14 seconds)
Cbc0010I After 483634 nodes, 61458 on tree, 12 best solution, best possible 7 (58.84 seconds)
Cbc0010I After 488578 nodes, 61459 on tree, 12 best solution, best possible 7 (59.54 seconds)
Cbc0010I After 493521 nodes, 61458 on tree, 12 best solution, best possible 7 (60.24 seconds)
Cbc0010I After 498587 nodes, 61202 on tree, 12 best solution, best possible 7 (60.94 seconds)
Cbc0010I After 502257 nodes, 61429 on tree, 12 best solution, best possible 7 (61.64 seconds)
Cbc0010I After 506820 nodes, 61220 on tree, 12 best solution, best possible 7 (62.34 seconds)
Cbc0010I After 510966 nodes, 61350 on tree, 12 best solution, best possible 7 (63.04 seconds)
Cbc0010I After 515420 nodes, 61274 on tree, 12 best solution, best possible 7 (63.74 seconds)
Cbc0010I After 520087 nodes, 61311 on tree, 12 best solution, best possible 7 (64.44 seconds)
Cbc0010I After 525333 nodes, 61125 on tree, 12 best solution, best possible 7 (65.14 seconds)
Cbc0010I After 530455 nodes, 61129 on tree, 12 best solution, best possible 7 (65.84 seconds)
Cbc0010I After 535598 nodes, 61129 on tree, 12 best solution, best possible 7 (66.54 seconds)
Cbc0010I After 540850 nodes, 61129 on tree, 12 best solution, best possible 7 (67.24 seconds)
Cbc0010I After 545902 nodes, 61128 on tree, 12 best solution, best possible 7 (67.94 seconds)
Cbc0010I After 550563 nodes, 61100 on tree, 12 best solution, best possible 7 (68.65 seconds)
Cbc0010I After 554364 nodes, 61094 on tree, 12 best solution, best possible 7 (69.35 seconds)
Cbc0010I After 558387 nodes, 61045 on tree, 12 best solution, best possible 7 (70.05 seconds)
Cbc0010I After 562338 nodes, 61055 on tree, 12 best solution, best possible 7 (70.75 seconds)
Cbc0010I After 565858 nodes, 61348 on tree, 12 best solution, best possible 7 (71.45 seconds)
Cbc0010I After 569827 nodes, 61437 on tree, 12 best solution, best possible 7 (72.15 seconds)
Cbc0010I After 574289 nodes, 61074 on tree, 12 best solution, best possible 7 (72.85 seconds)
Cbc0010I After 577740 nodes, 61329 on tree, 12 best solution, best possible 7 (73.55 seconds)
Cbc0010I After 582683 nodes, 61066 on tree, 12 best solution, best possible 7 (74.25 seconds)
Cbc0010I After 585739 nodes, 61327 on tree, 12 best solution, best possible 7 (74.95 seconds)
Cbc0010I After 590689 nodes, 61212 on tree, 12 best solution, best possible 7 (75.65 seconds)
Cbc0010I After 595807 nodes, 61216 on tree, 12 best solution, best possible 7 (76.35 seconds)
Cbc0010I After 600819 nodes, 61214 on tree, 12 best solution, best possible 7 (77.05 seconds)
Cbc0010I After 605730 nodes, 61216 on tree, 12 best solution, best possible 7 (77.75 seconds)
Cbc0010I After 610782 nodes, 61213 on tree, 12 best solution, best possible 7 (78.45 seconds)
Cbc0010I After 615785 nodes, 61213 on tree, 12 best solution, best possible 7 (79.15 seconds)
Cbc0010I After 620510 nodes, 61215 on tree, 12 best solution, best possible 7 (79.86 seconds)
Cbc0010I After 625180 nodes, 61163 on tree, 12 best solution, best possible 7 (80.56 seconds)
Cbc0010I After 628603 nodes, 61096 on tree, 12 best solution, best possible 7 (81.26 seconds)
Cbc0010I After 632316 nodes, 61258 on tree, 12 best solution, best possible 7.5 (81.96 seconds)
Cbc0010I After 635836 nodes, 61279 on tree, 12 best solution, best possible 7.5 (82.66 seconds)
Cbc0010I After 639743 nodes, 61161 on tree, 12 best solution, best possible 7.5 (83.36 seconds)
Cbc0010I After 642858 nodes, 61225 on tree, 12 best solution, best possible 7.5 (84.06 seconds)
Cbc0010I After 646475 nodes, 61098 on tree, 12 best solution, best possible 7.5 (84.76 seconds)
Cbc0010I After 649627 nodes, 61319 on tree, 12 best solution, best possible 7.5 (85.46 seconds)
Cbc0010I After 654202 nodes, 61073 on tree, 12 best solution, best possible 7.5 (86.16 seconds)
Cbc0010I After 657311 nodes, 61207 on tree, 12 best solution, best possible 7.5 (86.86 seconds)
Cbc0010I After 661686 nodes, 61150 on tree, 12 best solution, best possible 8 (87.56 seconds)
Cbc0010I After 665217 nodes, 61470 on tree, 12 best solution, best possible 8 (88.26 seconds)
Cbc0010I After 669883 nodes, 61311 on tree, 12 best solution, best possible 8 (88.96 seconds)
Cbc0010I After 674801 nodes, 61311 on tree, 12 best solution, best possible 8 (89.66 seconds)
Cbc0010I After 679674 nodes, 61309 on tree, 12 best solution, best possible 8 (90.36 seconds)
Cbc0010I After 684537 nodes, 61314 on tree, 12 best solution, best possible 8 (91.06 seconds)
Cbc0010I After 689458 nodes, 61311 on tree, 12 best solution, best possible 8 (91.76 seconds)
Cbc0010I After 694388 nodes, 61312 on tree, 12 best solution, best possible 8 (92.47 seconds)
Cbc0010I After 699046 nodes, 61312 on tree, 12 best solution, best possible 8 (93.17 seconds)
Cbc0010I After 703673 nodes, 61310 on tree, 12 best solution, best possible 8 (93.87 seconds)
Cbc0010I After 708187 nodes, 61312 on tree, 12 best solution, best possible 8 (94.57 seconds)
Cbc0010I After 712429 nodes, 61124 on tree, 12 best solution, best possible 8 (95.27 seconds)
Cbc0010I After 715811 nodes, 61210 on tree, 12 best solution, best possible 8 (95.97 seconds)
Cbc0010I After 718837 nodes, 61365 on tree, 12 best solution, best possible 8 (96.67 seconds)
Cbc0010I After 723405 nodes, 61006 on tree, 12 best solution, best possible 8 (97.37 seconds)
Cbc0010I After 727015 nodes, 61653 on tree, 12 best solution, best possible 8 (98.07 seconds)
Cbc0010I After 732105 nodes, 61174 on tree, 12 best solution, best possible 8 (98.77 seconds)
Cbc0010I After 736338 nodes, 61535 on tree, 12 best solution, best possible 8 (99.47 seconds)
Cbc0010I After 741275 nodes, 61201 on tree, 12 best solution, best possible 8 (100.17 seconds)
Cbc0010I After 745575 nodes, 61456 on tree, 12 best solution, best possible 8 (100.87 seconds)
Cbc0010I After 750211 nodes, 61116 on tree, 12 best solution, best possible 8 (101.57 seconds)
Cbc0010I After 754103 nodes, 61099 on tree, 12 best solution, best possible 8 (102.27 seconds)
Cbc0010I After 757842 nodes, 61602 on tree, 12 best solution, best possible 8 (102.97 seconds)
Cbc0010I After 762690 nodes, 61415 on tree, 12 best solution, best possible 8 (103.67 seconds)
Cbc0010I After 767277 nodes, 61415 on tree, 12 best solution, best possible 8 (104.37 seconds)
Cbc0010I After 771854 nodes, 61417 on tree, 12 best solution, best possible 8 (105.08 seconds)
Cbc0010I After 776473 nodes, 61417 on tree, 12 best solution, best possible 8 (105.78 seconds)
Cbc0010I After 780988 nodes, 61416 on tree, 12 best solution, best possible 8 (106.48 seconds)
Cbc0010I After 785271 nodes, 61415 on tree, 12 best solution, best possible 8 (107.18 seconds)
Cbc0010I After 789564 nodes, 61415 on tree, 12 best solution, best possible 8 (107.88 seconds)
Cbc0010I After 793599 nodes, 61415 on tree, 12 best solution, best possible 8 (108.58 seconds)
Cbc0010I After 797985 nodes, 61365 on tree, 12 best solution, best possible 8 (109.28 seconds)
Cbc0010I After 802175 nodes, 61292 on tree, 12 best solution, best possible 8 (109.98 seconds)
Cbc0010I After 806109 nodes, 61120 on tree, 12 best solution, best possible 8 (110.68 seconds)
Cbc0010I After 809976 nodes, 61126 on tree, 12 best solution, best possible 8 (111.38 seconds)
Cbc0010I After 814047 nodes, 61095 on tree, 12 best solution, best possible 8 (112.08 seconds)
Cbc0010I After 818058 nodes, 61148 on tree, 12 best solution, best possible 8 (112.78 seconds)
Cbc0010I After 821879 nodes, 61246 on tree, 12 best solution, best possible 8 (113.48 seconds)
Cbc0010I After 826144 nodes, 61111 on tree, 12 best solution, best possible 8 (114.18 seconds)
Cbc0010I After 829947 nodes, 61131 on tree, 12 best solution, best possible 8 (114.88 seconds)
Cbc0010I After 833466 nodes, 61263 on tree, 12 best solution, best possible 8 (115.58 seconds)
Cbc0010I After 837795 nodes, 61024 on tree, 12 best solution, best possible 8 (116.29 seconds)
Cbc0010I After 841009 nodes, 61140 on tree, 12 best solution, best possible 8 (116.99 seconds)
Cbc0010I After 844199 nodes, 61188 on tree, 12 best solution, best possible 8 (117.69 seconds)
Cbc0010I After 847294 nodes, 61314 on tree, 12 best solution, best possible 8 (118.39 seconds)
Cbc0010I After 851696 nodes, 61272 on tree, 12 best solution, best possible 8 (119.09 seconds)
Cbc0010I After 855828 nodes, 61088 on tree, 12 best solution, best possible 8 (119.79 seconds)
Cbc0010I After 858840 nodes, 61275 on tree, 12 best solution, best possible 8 (120.49 seconds)
Cbc0010I After 861802 nodes, 61237 on tree, 12 best solution, best possible 8 (121.19 seconds)
Cbc0010I After 865519 nodes, 61145 on tree, 12 best solution, best possible 8 (121.89 seconds)
Cbc0010I After 869386 nodes, 61098 on tree, 12 best solution, best possible 8 (122.59 seconds)
Cbc0010I After 874248 nodes, 61099 on tree, 12 best solution, best possible 8 (123.29 seconds)
Cbc0010I After 878893 nodes, 61102 on tree, 12 best solution, best possible 8 (123.99 seconds)
Cbc0010I After 883521 nodes, 61099 on tree, 12 best solution, best possible 8 (124.69 seconds)
Cbc0010I After 888353 nodes, 61104 on tree, 12 best solution, best possible 8 (125.39 seconds)
Cbc0010I After 892916 nodes, 61102 on tree, 12 best solution, best possible 8 (126.09 seconds)
Cbc0010I After 897421 nodes, 61099 on tree, 12 best solution, best possible 8 (126.79 seconds)
Cbc0010I After 902133 nodes, 61099 on tree, 12 best solution, best possible 8 (127.49 seconds)
Cbc0010I After 906363 nodes, 61097 on tree, 12 best solution, best possible 8 (128.19 seconds)
Cbc0010I After 910589 nodes, 61099 on tree, 12 best solution, best possible 8 (128.90 seconds)
Cbc0010I After 914442 nodes, 61097 on tree, 12 best solution, best possible 8 (129.60 seconds)
Cbc0010I After 918420 nodes, 61098 on tree, 12 best solution, best possible 8 (130.30 seconds)
Cbc0010I After 922871 nodes, 61099 on tree, 12 best solution, best possible 8 (131.00 seconds)
Cbc0010I After 926842 nodes, 61074 on tree, 12 best solution, best possible 8 (131.70 seconds)
Cbc0010I After 929281 nodes, 61197 on tree, 12 best solution, best possible 8 (132.40 seconds)
Cbc0010I After 931891 nodes, 61179 on tree, 12 best solution, best possible 8 (133.10 seconds)
Cbc0010I After 934528 nodes, 61075 on tree, 12 best solution, best possible 8 (133.80 seconds)
Cbc0010I After 936646 nodes, 61161 on tree, 12 best solution, best possible 8 (134.50 seconds)
Cbc0010I After 939913 nodes, 61431 on tree, 12 best solution, best possible 8 (135.20 seconds)
Cbc0010I After 944477 nodes, 61115 on tree, 12 best solution, best possible 8 (135.90 seconds)
Cbc0010I After 946785 nodes, 61267 on tree, 12 best solution, best possible 8 (136.60 seconds)
Cbc0010I After 950451 nodes, 61669 on tree, 12 best solution, best possible 8 (137.30 seconds)
Cbc0010I After 955169 nodes, 61264 on tree, 12 best solution, best possible 8 (138.00 seconds)
Cbc0010I After 959220 nodes, 61806 on tree, 12 best solution, best possible 8 (138.70 seconds)
Cbc0010I After 964171 nodes, 61238 on tree, 12 best solution, best possible 8 (139.40 seconds)
Cbc0010I After 967792 nodes, 61591 on tree, 12 best solution, best possible 8 (140.10 seconds)
Cbc0010I After 971908 nodes, 61226 on tree, 12 best solution, best possible 8 (140.80 seconds)
Cbc0010I After 975306 nodes, 61248 on tree, 12 best solution, best possible 8 (141.51 seconds)
Cbc0010I After 978934 nodes, 61380 on tree, 12 best solution, best possible 8 (142.21 seconds)
Cbc0010I After 982508 nodes, 61715 on tree, 12 best solution, best possible 8 (142.91 seconds)
Cbc0010I After 986492 nodes, 61591 on tree, 12 best solution, best possible 8 (143.61 seconds)
Cbc0010I After 990542 nodes, 61356 on tree, 12 best solution, best possible 8 (144.31 seconds)
Cbc0010I After 995202 nodes, 61258 on tree, 12 best solution, best possible 8 (145.01 seconds)
Cbc0010I After 999883 nodes, 61263 on tree, 12 best solution, best possible 8 (145.71 seconds)
Cbc0010I After 1004388 nodes, 61257 on tree, 12 best solution, best possible 8 (146.41 seconds)
Cbc0010I After 1008838 nodes, 61259 on tree, 12 best solution, best possible 8 (147.11 seconds)
Cbc0010I After 1013240 nodes, 61259 on tree, 12 best solution, best possible 8 (147.81 seconds)
Cbc0010I After 1017585 nodes, 61258 on tree, 12 best solution, best possible 8 (148.51 seconds)
Cbc0010I After 1022117 nodes, 61257 on tree, 12 best solution, best possible 8 (149.21 seconds)
Cbc0010I After 1026358 nodes, 61261 on tree, 12 best solution, best possible 8 (149.91 seconds)
Cbc0010I After 1030235 nodes, 61257 on tree, 12 best solution, best possible 8 (150.61 seconds)
Cbc0010I After 1034116 nodes, 61256 on tree, 12 best solution, best possible 8 (151.31 seconds)
Cbc0010I After 1038256 nodes, 61258 on tree, 12 best solution, best possible 8 (152.01 seconds)
Cbc0010I After 1042484 nodes, 61260 on tree, 12 best solution, best possible 8 (152.71 seconds)
Cbc0010I After 1046425 nodes, 61259 on tree, 12 best solution, best possible 8 (153.42 seconds)
Cbc0010I After 1050460 nodes, 61205 on tree, 12 best solution, best possible 8 (154.12 seconds)
Cbc0010I After 1054730 nodes, 61138 on tree, 12 best solution, best possible 8 (154.82 seconds)
Cbc0010I After 1058244 nodes, 61218 on tree, 12 best solution, best possible 8 (155.52 seconds)
Cbc0010I After 1061852 nodes, 61356 on tree, 12 best solution, best possible 8 (156.22 seconds)
Cbc0010I After 1065993 nodes, 60979 on tree, 12 best solution, best possible 8 (156.92 seconds)
Cbc0010I After 1069005 nodes, 61318 on tree, 12 best solution, best possible 8 (157.62 seconds)
Cbc0010I After 1073075 nodes, 61099 on tree, 12 best solution, best possible 8 (158.32 seconds)
Cbc0010I After 1076665 nodes, 61090 on tree, 12 best solution, best possible 8 (159.02 seconds)
Cbc0010I After 1080405 nodes, 61171 on tree, 12 best solution, best possible 8 (159.72 seconds)
Cbc0010I After 1084341 nodes, 61165 on tree, 12 best solution, best possible 8 (160.42 seconds)
Cbc0010I After 1088163 nodes, 61264 on tree, 12 best solution, best possible 8 (161.12 seconds)
Cbc0010I After 1092443 nodes, 61092 on tree, 12 best solution, best possible 8 (161.82 seconds)
Cbc0010I After 1095245 nodes, 61332 on tree, 12 best solution, best possible 8 (162.52 seconds)
Cbc0010I After 1099167 nodes, 61105 on tree, 12 best solution, best possible 8 (163.22 seconds)
Cbc0010I After 1102014 nodes, 61227 on tree, 12 best solution, best possible 8 (163.92 seconds)
Cbc0010I After 1105929 nodes, 61040 on tree, 12 best solution, best possible 8 (164.62 seconds)
Cbc0010I After 1108796 nodes, 61216 on tree, 12 best solution, best possible 8 (165.32 seconds)
Cbc0010I After 1111983 nodes, 61418 on tree, 12 best solution, best possible 8 (166.03 seconds)
Cbc0010I After 1116124 nodes, 60979 on tree, 12 best solution, best possible 8 (166.73 seconds)
Cbc0010I After 1119473 nodes, 61118 on tree, 12 best solution, best possible 8 (167.43 seconds)
Cbc0010I After 1122284 nodes, 61164 on tree, 12 best solution, best possible 8 (168.13 seconds)
Cbc0010I After 1125177 nodes, 61186 on tree, 12 best solution, best possible 8 (168.83 seconds)
Cbc0010I After 1129458 nodes, 61183 on tree, 12 best solution, best possible 8 (169.53 seconds)
Cbc0010I After 1133277 nodes, 61154 on tree, 12 best solution, best possible 8 (170.23 seconds)
Cbc0010I After 1135739 nodes, 61246 on tree, 12 best solution, best possible 8 (170.93 seconds)
Cbc0010I After 1138662 nodes, 61247 on tree, 12 best solution, best possible 8 (171.63 seconds)
Cbc0010I After 1141903 nodes, 61098 on tree, 12 best solution, best possible 8 (172.33 seconds)
Cbc0010I After 1143949 nodes, 61271 on tree, 12 best solution, best possible 8 (173.03 seconds)
Cbc0010I After 1147337 nodes, 61102 on tree, 12 best solution, best possible 8 (173.73 seconds)
Cbc0010I After 1151898 nodes, 61104 on tree, 12 best solution, best possible 8 (174.43 seconds)
Cbc0010I After 1156434 nodes, 61104 on tree, 12 best solution, best possible 8 (175.13 seconds)
Cbc0010I After 1160951 nodes, 61104 on tree, 12 best solution, best possible 8 (175.83 seconds)
Cbc0010I After 1165546 nodes, 61102 on tree, 12 best solution, best possible 8 (176.53 seconds)
Cbc0010I After 1169836 nodes, 61104 on tree, 12 best solution, best possible 8 (177.23 seconds)
Cbc0010I After 1174285 nodes, 61107 on tree, 12 best solution, best possible 8 (177.94 seconds)
Cbc0010I After 1178658 nodes, 61103 on tree, 12 best solution, best possible 8 (178.64 seconds)
Cbc0010I After 1182662 nodes, 61105 on tree, 12 best solution, best possible 8 (179.34 seconds)
Cbc0010I After 1186357 nodes, 61102 on tree, 12 best solution, best possible 8 (180.04 seconds)
Cbc0010I After 1190358 nodes, 61102 on tree, 12 best solution, best possible 8 (180.74 seconds)
Cbc0010I After 1194380 nodes, 61105 on tree, 12 best solution, best possible 8 (181.44 seconds)
Cbc0010I After 1198605 nodes, 61104 on tree, 12 best solution, best possible 8 (182.14 seconds)
Cbc0010I After 1202540 nodes, 61102 on tree, 12 best solution, best possible 8 (182.84 seconds)
Cbc0010I After 1206304 nodes, 61106 on tree, 12 best solution, best possible 8 (183.54 seconds)
Cbc0010I After 1210348 nodes, 61102 on tree, 12 best solution, best possible 8 (184.24 seconds)
Cbc0010I After 1214094 nodes, 61004 on tree, 12 best solution, best possible 8 (184.94 seconds)
Cbc0010I After 1215925 nodes, 61202 on tree, 12 best solution, best possible 8 (185.64 seconds)
Cbc0010I After 1219844 nodes, 61017 on tree, 12 best solution, best possible 8 (186.34 seconds)
Cbc0010I After 1222816 nodes, 61317 on tree, 12 best solution, best possible 8 (187.04 seconds)
Cbc0010I After 1226299 nodes, 61139 on tree, 12 best solution, best possible 8 (187.74 seconds)
Cbc0010I After 1229270 nodes, 61069 on tree, 12 best solution, best possible 8 (188.45 seconds)
Cbc0010I After 1233014 nodes, 61326 on tree, 12 best solution, best possible 8 (189.15 seconds)
Cbc0010I After 1237060 nodes, 61098 on tree, 12 best solution, best possible 8 (189.85 seconds)
Cbc0010I After 1240269 nodes, 61640 on tree, 12 best solution, best possible 8 (190.55 seconds)
Cbc0010I After 1245001 nodes, 61064 on tree, 12 best solution, best possible 8 (191.25 seconds)
Cbc0010I After 1247164 nodes, 61459 on tree, 12 best solution, best possible 8 (191.95 seconds)
Cbc0010I After 1251721 nodes, 61136 on tree, 12 best solution, best possible 8 (192.65 seconds)
Cbc0010I After 1254793 nodes, 61623 on tree, 12 best solution, best possible 8 (193.35 seconds)
Cbc0010I After 1259177 nodes, 61297 on tree, 12 best solution, best possible 8 (194.05 seconds)
Cbc0010I After 1262888 nodes, 61326 on tree, 12 best solution, best possible 8 (194.75 seconds)
Cbc0010I After 1267122 nodes, 61056 on tree, 12 best solution, best possible 8 (195.45 seconds)
Cbc0010I After 1270778 nodes, 60976 on tree, 12 best solution, best possible 8 (196.15 seconds)
Cbc0010I After 1273974 nodes, 60985 on tree, 12 best solution, best possible 8 (196.85 seconds)
Cbc0010I After 1277017 nodes, 61071 on tree, 12 best solution, best possible 8 (197.55 seconds)
Cbc0010I After 1280517 nodes, 61621 on tree, 12 best solution, best possible 8 (198.25 seconds)
Cbc0010I After 1284952 nodes, 61333 on tree, 12 best solution, best possible 8 (198.95 seconds)
Cbc0010I After 1288895 nodes, 61199 on tree, 12 best solution, best possible 8 (199.65 seconds)
Cbc0010I After 1292902 nodes, 61129 on tree, 12 best solution, best possible 8 (200.35 seconds)
Cbc0010I After 1295928 nodes, 61301 on tree, 12 best solution, best possible 8 (201.06 seconds)
Cbc0010I After 1299421 nodes, 61538 on tree, 12 best solution, best possible 8 (201.76 seconds)
Cbc0010I After 1303444 nodes, 61335 on tree, 12 best solution, best possible 8 (202.46 seconds)
Cbc0010I After 1307713 nodes, 61336 on tree, 12 best solution, best possible 8 (203.16 seconds)
Cbc0010I After 1312276 nodes, 61337 on tree, 12 best solution, best possible 8 (203.86 seconds)
Cbc0010I After 1316540 nodes, 61335 on tree, 12 best solution, best possible 8 (204.56 seconds)
Cbc0010I After 1320697 nodes, 61336 on tree, 12 best solution, best possible 8 (205.26 seconds)
Cbc0010I After 1325032 nodes, 61334 on tree, 12 best solution, best possible 8 (205.96 seconds)
Cbc0010I After 1329477 nodes, 61333 on tree, 12 best solution, best possible 8 (206.66 seconds)
Cbc0010I After 1333479 nodes, 61332 on tree, 12 best solution, best possible 8 (207.36 seconds)
Cbc0010I After 1337156 nodes, 61332 on tree, 12 best solution, best possible 8 (208.06 seconds)
Cbc0010I After 1340966 nodes, 61334 on tree, 12 best solution, best possible 8 (208.76 seconds)
Cbc0010I After 1345037 nodes, 61333 on tree, 12 best solution, best possible 8 (209.46 seconds)
Cbc0010I After 1349164 nodes, 61333 on tree, 12 best solution, best possible 8 (210.16 seconds)
Cbc0010I After 1353007 nodes, 61336 on tree, 12 best solution, best possible 8 (210.86 seconds)
Cbc0010I After 1356634 nodes, 61332 on tree, 12 best solution, best possible 8 (211.56 seconds)
Cbc0010I After 1360489 nodes, 61344 on tree, 12 best solution, best possible 8 (212.26 seconds)
Cbc0010I After 1364468 nodes, 61334 on tree, 12 best solution, best possible 8 (212.96 seconds)
Cbc0010I After 1368278 nodes, 61332 on tree, 12 best solution, best possible 8 (213.67 seconds)
Cbc0010I After 1371724 nodes, 61260 on tree, 12 best solution, best possible 8 (214.37 seconds)
Cbc0010I After 1375595 nodes, 61219 on tree, 12 best solution, best possible 8 (215.07 seconds)
Cbc0010I After 1379689 nodes, 61200 on tree, 12 best solution, best possible 8 (215.77 seconds)
Cbc0010I After 1383778 nodes, 61138 on tree, 12 best solution, best possible 8 (216.47 seconds)
Cbc0010I After 1386136 nodes, 61662 on tree, 12 best solution, best possible 8 (217.17 seconds)
Cbc0010I After 1390566 nodes, 61073 on tree, 12 best solution, best possible 8 (217.87 seconds)
Cbc0010I After 1393819 nodes, 61189 on tree, 12 best solution, best possible 8 (218.57 seconds)
Cbc0010I After 1397091 nodes, 61339 on tree, 12 best solution, best possible 8 (219.27 seconds)
Cbc0010I After 1400999 nodes, 61104 on tree, 12 best solution, best possible 8 (219.97 seconds)
Cbc0010I After 1404825 nodes, 61179 on tree, 12 best solution, best possible 8 (220.67 seconds)
Cbc0010I After 1408057 nodes, 61236 on tree, 12 best solution, best possible 8 (221.37 seconds)
Cbc0010I After 1412267 nodes, 61060 on tree, 12 best solution, best possible 8 (222.07 seconds)
Cbc0010I After 1415054 nodes, 61387 on tree, 12 best solution, best possible 8 (222.77 seconds)
Cbc0010I After 1419461 nodes, 61113 on tree, 12 best solution, best possible 8 (223.47 seconds)
Cbc0010I After 1421982 nodes, 61388 on tree, 12 best solution, best possible 8 (224.17 seconds)
Cbc0010I After 1426114 nodes, 61092 on tree, 12 best solution, best possible 8 (224.87 seconds)
Cbc0010I After 1429217 nodes, 61301 on tree, 12 best solution, best possible 8 (225.57 seconds)
Cbc0010I After 1433027 nodes, 61114 on tree, 12 best solution, best possible 8 (226.27 seconds)
Cbc0010I After 1435465 nodes, 61218 on tree, 12 best solution, best possible 8 (226.98 seconds)
Cbc0010I After 1437971 nodes, 61297 on tree, 12 best solution, best possible 8 (227.68 seconds)
Cbc0010I After 1442101 nodes, 61067 on tree, 12 best solution, best possible 8 (228.38 seconds)
Cbc0010I After 1444263 nodes, 61249 on tree, 12 best solution, best possible 8 (229.08 seconds)
Cbc0010I After 1447517 nodes, 61161 on tree, 12 best solution, best possible 8 (229.78 seconds)
Cbc0010I After 1449776 nodes, 61143 on tree, 12 best solution, best possible 8 (230.48 seconds)
Cbc0010I After 1451948 nodes, 61306 on tree, 12 best solution, best possible 8 (231.18 seconds)
Cbc0010I After 1455157 nodes, 61126 on tree, 12 best solution, best possible 8 (231.88 seconds)
Cbc0010I After 1458351 nodes, 61203 on tree, 12 best solution, best possible 8 (232.58 seconds)
Cbc0010I After 1462151 nodes, 61054 on tree, 12 best solution, best possible 8 (233.28 seconds)
Cbc0010I After 1464569 nodes, 61193 on tree, 12 best solution, best possible 8 (233.98 seconds)
Cbc0010I After 1467973 nodes, 61739 on tree, 12 best solution, best possible 8 (234.68 seconds)
Cbc0010I After 1472199 nodes, 61262 on tree, 12 best solution, best possible 8 (235.38 seconds)
Cbc0010I After 1475568 nodes, 61763 on tree, 12 best solution, best possible 8 (236.08 seconds)
Cbc0010I After 1479505 nodes, 61731 on tree, 12 best solution, best possible 8 (236.79 seconds)
Cbc0010I After 1483299 nodes, 61732 on tree, 12 best solution, best possible 8 (237.49 seconds)
Cbc0010I After 1487069 nodes, 61731 on tree, 12 best solution, best possible 8 (238.19 seconds)
Cbc0010I After 1491435 nodes, 61393 on tree, 12 best solution, best possible 8 (238.89 seconds)
Cbc0010I After 1494708 nodes, 61494 on tree, 12 best solution, best possible 8 (239.59 seconds)
Cbc0010I After 1498640 nodes, 61213 on tree, 12 best solution, best possible 8 (240.29 seconds)
Cbc0010I After 1502966 nodes, 61125 on tree, 12 best solution, best possible 8 (240.99 seconds)
Cbc0010I After 1507345 nodes, 61128 on tree, 12 best solution, best possible 8 (241.69 seconds)
Cbc0010I After 1511808 nodes, 61127 on tree, 12 best solution, best possible 8 (242.39 seconds)
Cbc0010I After 1515977 nodes, 61125 on tree, 12 best solution, best possible 8 (243.09 seconds)
Cbc0010I After 1520248 nodes, 61126 on tree, 12 best solution, best possible 8 (243.79 seconds)
Cbc0010I After 1524373 nodes, 61133 on tree, 12 best solution, best possible 8 (244.49 seconds)
Cbc0010I After 1528505 nodes, 61126 on tree, 12 best solution, best possible 8 (245.19 seconds)
Cbc0010I After 1532724 nodes, 61126 on tree, 12 best solution, best possible 8 (245.89 seconds)
Cbc0010I After 1536712 nodes, 61124 on tree, 12 best solution, best possible 8 (246.59 seconds)
Cbc0010I After 1540407 nodes, 61128 on tree, 12 best solution, best possible 8 (247.29 seconds)
Cbc0010I After 1544369 nodes, 61125 on tree, 12 best solution, best possible 8 (247.99 seconds)
Cbc0010I After 1548370 nodes, 61131 on tree, 12 best solution, best possible 8 (248.70 seconds)
Cbc0010I After 1552059 nodes, 61126 on tree, 12 best solution, best possible 8 (249.40 seconds)
Cbc0010I After 1556227 nodes, 61126 on tree, 12 best solution, best possible 8 (250.10 seconds)
Cbc0010I After 1560166 nodes, 61127 on tree, 12 best solution, best possible 8 (250.80 seconds)
Cbc0010I After 1563669 nodes, 61127 on tree, 12 best solution, best possible 8 (251.50 seconds)
Cbc0010I After 1567549 nodes, 61127 on tree, 12 best solution, best possible 8 (252.20 seconds)
Cbc0010I After 1571499 nodes, 61126 on tree, 12 best solution, best possible 8 (252.90 seconds)
Cbc0010I After 1575500 nodes, 61127 on tree, 12 best solution, best possible 8 (253.60 seconds)
Cbc0010I After 1579050 nodes, 61126 on tree, 12 best solution, best possible 8 (254.30 seconds)
Cbc0010I After 1582613 nodes, 61209 on tree, 12 best solution, best possible 8 (255.00 seconds)
Cbc0010I After 1586484 nodes, 61174 on tree, 12 best solution, best possible 8 (255.70 seconds)
Cbc0010I After 1589785 nodes, 61505 on tree, 12 best solution, best possible 8 (256.40 seconds)
Cbc0010I After 1594148 nodes, 61181 on tree, 12 best solution, best possible 8 (257.10 seconds)
Cbc0010I After 1597556 nodes, 61301 on tree, 12 best solution, best possible 8 (257.80 seconds)
Cbc0010I After 1601477 nodes, 61204 on tree, 12 best solution, best possible 8 (258.50 seconds)
Cbc0010I After 1604823 nodes, 61214 on tree, 12 best solution, best possible 8 (259.20 seconds)
Cbc0010I After 1608215 nodes, 61196 on tree, 12 best solution, best possible 8 (259.90 seconds)
Cbc0010I After 1611518 nodes, 61331 on tree, 12 best solution, best possible 8 (260.60 seconds)
Cbc0010I After 1614831 nodes, 61230 on tree, 12 best solution, best possible 8 (261.30 seconds)
Cbc0010I After 1617941 nodes, 61723 on tree, 12 best solution, best possible 8 (262.01 seconds)
Cbc0010I After 1622218 nodes, 61479 on tree, 12 best solution, best possible 8 (262.71 seconds)
Cbc0010I After 1626507 nodes, 61182 on tree, 12 best solution, best possible 8 (263.41 seconds)
Cbc0010I After 1630070 nodes, 61019 on tree, 12 best solution, best possible 8 (264.11 seconds)
Cbc0010I After 1633135 nodes, 61244 on tree, 12 best solution, best possible 8 (264.81 seconds)
Cbc0010I After 1636260 nodes, 61279 on tree, 12 best solution, best possible 8 (265.51 seconds)
Cbc0010I After 1640339 nodes, 61011 on tree, 12 best solution, best possible 8 (266.21 seconds)
Cbc0010I After 1642863 nodes, 61402 on tree, 12 best solution, best possible 8 (266.91 seconds)
Cbc0010I After 1646553 nodes, 61140 on tree, 12 best solution, best possible 8 (267.61 seconds)
Cbc0010I After 1650172 nodes, 61086 on tree, 12 best solution, best possible 8 (268.31 seconds)
Cbc0010I After 1653805 nodes, 61200 on tree, 12 best solution, best possible 8 (269.01 seconds)
Cbc0010I After 1657709 nodes, 61104 on tree, 12 best solution, best possible 8 (269.71 seconds)
Cbc0010I After 1660831 nodes, 61352 on tree, 12 best solution, best possible 8 (270.41 seconds)
Cbc0010I After 1664689 nodes, 60902 on tree, 12 best solution, best possible 8 (271.11 seconds)
Cbc0010I After 1667109 nodes, 61216 on tree, 12 best solution, best possible 8 (271.81 seconds)
Cbc0010I After 1670067 nodes, 61403 on tree, 12 best solution, best possible 8 (272.51 seconds)
Cbc0010I After 1674277 nodes, 61089 on tree, 12 best solution, best possible 8 (273.21 seconds)
Cbc0010I After 1677016 nodes, 61274 on tree, 12 best solution, best possible 8 (273.91 seconds)
Cbc0010I After 1680812 nodes, 61049 on tree, 12 best solution, best possible 8 (274.61 seconds)
Cbc0010I After 1683045 nodes, 61234 on tree, 12 best solution, best possible 8 (275.32 seconds)
Cbc0010I After 1685759 nodes, 61197 on tree, 12 best solution, best possible 8 (276.02 seconds)
Cbc0010I After 1688513 nodes, 61179 on tree, 12 best solution, best possible 8 (276.72 seconds)
Cbc0010I After 1690824 nodes, 61260 on tree, 12 best solution, best possible 8 (277.42 seconds)
Cbc0010I After 1693873 nodes, 60993 on tree, 12 best solution, best possible 8 (278.12 seconds)
Cbc0010I After 1695841 nodes, 61308 on tree, 12 best solution, best possible 8 (278.82 seconds)
Cbc0010I After 1698870 nodes, 61324 on tree, 12 best solution, best possible 8 (279.52 seconds)
Cbc0010I After 1702436 nodes, 61298 on tree, 12 best solution, best possible 8 (280.22 seconds)
Cbc0010I After 1706296 nodes, 61296 on tree, 12 best solution, best possible 8 (280.92 seconds)
Cbc0010I After 1710297 nodes, 61296 on tree, 12 best solution, best possible 8 (281.62 seconds)
Cbc0010I After 1713986 nodes, 61297 on tree, 12 best solution, best possible 8 (282.32 seconds)
Cbc0010I After 1717282 nodes, 61071 on tree, 12 best solution, best possible 8 (283.02 seconds)
Cbc0010I After 1720553 nodes, 61104 on tree, 12 best solution, best possible 8 (283.72 seconds)
Cbc0010I After 1723656 nodes, 61519 on tree, 12 best solution, best possible 8 (284.42 seconds)
Cbc0010I After 1727481 nodes, 61210 on tree, 12 best solution, best possible 8 (285.12 seconds)
Cbc0010I After 1731196 nodes, 61124 on tree, 12 best solution, best possible 8 (285.82 seconds)
Cbc0010I After 1734626 nodes, 61570 on tree, 12 best solution, best possible 8 (286.52 seconds)
Cbc0010I After 1738306 nodes, 61728 on tree, 12 best solution, best possible 8 (287.23 seconds)
Cbc0010I After 1742790 nodes, 61622 on tree, 12 best solution, best possible 8 (287.93 seconds)
Cbc0010I After 1747377 nodes, 61621 on tree, 12 best solution, best possible 8 (288.63 seconds)
Cbc0010I After 1751866 nodes, 61621 on tree, 12 best solution, best possible 8 (289.33 seconds)
Cbc0010I After 1756166 nodes, 61622 on tree, 12 best solution, best possible 8 (290.03 seconds)
Cbc0010I After 1760202 nodes, 61622 on tree, 12 best solution, best possible 8 (290.73 seconds)
Cbc0010I After 1764084 nodes, 61628 on tree, 12 best solution, best possible 8 (291.43 seconds)
Cbc0010I After 1767982 nodes, 61621 on tree, 12 best solution, best possible 8 (292.13 seconds)
Cbc0010I After 1771839 nodes, 61629 on tree, 12 best solution, best possible 8 (292.83 seconds)
Cbc0010I After 1775825 nodes, 61623 on tree, 12 best solution, best possible 8 (293.53 seconds)
Cbc0010I After 1779877 nodes, 61623 on tree, 12 best solution, best possible 8 (294.23 seconds)
Cbc0010I After 1783561 nodes, 61622 on tree, 12 best solution, best possible 8 (294.93 seconds)
Cbc0010I After 1787503 nodes, 61624 on tree, 12 best solution, best possible 8 (295.63 seconds)
Cbc0010I After 1791353 nodes, 61622 on tree, 12 best solution, best possible 8 (296.33 seconds)
Cbc0010I After 1795093 nodes, 61621 on tree, 12 best solution, best possible 8 (297.03 seconds)
Cbc0010I After 1798978 nodes, 61621 on tree, 12 best solution, best possible 8 (297.73 seconds)
Cbc0010I After 1802839 nodes, 61620 on tree, 12 best solution, best possible 8 (298.43 seconds)
Cbc0010I After 1806724 nodes, 61621 on tree, 12 best solution, best possible 8 (299.13 seconds)
Cbc0010I After 1809997 nodes, 61622 on tree, 12 best solution, best possible 8 (299.84 seconds)
Cbc0010I After 1813712 nodes, 61622 on tree, 12 best solution, best possible 8 (300.54 seconds)
Cbc0010I After 1817508 nodes, 61623 on tree, 12 best solution, best possible 8 (301.24 seconds)
Cbc0010I After 1821522 nodes, 61624 on tree, 12 best solution, best possible 8 (301.94 seconds)
Cbc0010I After 1825153 nodes, 61621 on tree, 12 best solution, best possible 8 (302.64 seconds)
Cbc0010I After 1829259 nodes, 61581 on tree, 12 best solution, best possible 8 (303.34 seconds)
Cbc0010I After 1833212 nodes, 61380 on tree, 12 best solution, best possible 8 (304.04 seconds)
Cbc0010I After 1837035 nodes, 61092 on tree, 12 best solution, best possible 8 (304.74 seconds)
Cbc0010I After 1840239 nodes, 61607 on tree, 12 best solution, best possible 8 (305.44 seconds)
Cbc0010I After 1844603 nodes, 60871 on tree, 12 best solution, best possible 8 (306.14 seconds)
Cbc0010I After 1847346 nodes, 61245 on tree, 12 best solution, best possible 8 (306.84 seconds)
Cbc0010I After 1850824 nodes, 61319 on tree, 12 best solution, best possible 8 (307.54 seconds)
Cbc0010I After 1855054 nodes, 61037 on tree, 12 best solution, best possible 8 (308.24 seconds)
Cbc0010I After 1858131 nodes, 61603 on tree, 12 best solution, best possible 8 (308.94 seconds)
Cbc0010I After 1862373 nodes, 61305 on tree, 12 best solution, best possible 8 (309.64 seconds)
Cbc0010I After 1866158 nodes, 61185 on tree, 12 best solution, best possible 8 (310.34 seconds)
Cbc0010I After 1869309 nodes, 61654 on tree, 12 best solution, best possible 8 (311.04 seconds)
Cbc0010I After 1873471 nodes, 61321 on tree, 12 best solution, best possible 8 (311.74 seconds)
Cbc0010I After 1877166 nodes, 61065 on tree, 12 best solution, best possible 8 (312.44 seconds)
Cbc0010I After 1880228 nodes, 61274 on tree, 12 best solution, best possible 8 (313.15 seconds)
Cbc0010I After 1883762 nodes, 61274 on tree, 12 best solution, best possible 8 (313.85 seconds)
Cbc0010I After 1887554 nodes, 61054 on tree, 12 best solution, best possible 8 (314.55 seconds)
Cbc0010I After 1889822 nodes, 61357 on tree, 12 best solution, best possible 8 (315.25 seconds)
Cbc0010I After 1893315 nodes, 61152 on tree, 12 best solution, best possible 8 (315.95 seconds)
Cbc0010I After 1896713 nodes, 61141 on tree, 12 best solution, best possible 8 (316.65 seconds)
Cbc0010I After 1899844 nodes, 61275 on tree, 12 best solution, best possible 8 (317.35 seconds)
Cbc0010I After 1903529 nodes, 61144 on tree, 12 best solution, best possible 8 (318.05 seconds)
Cbc0010I After 1907048 nodes, 61041 on tree, 12 best solution, best possible 8 (318.75 seconds)
Cbc0010I After 1910033 nodes, 61130 on tree, 12 best solution, best possible 8 (319.45 seconds)
Cbc0010I After 1912712 nodes, 61281 on tree, 12 best solution, best possible 8 (320.15 seconds)
Cbc0010I After 1915838 nodes, 61182 on tree, 12 best solution, best possible 8 (320.85 seconds)
Cbc0010I After 1918723 nodes, 61350 on tree, 12 best solution, best possible 8 (321.55 seconds)
Cbc0010I After 1922623 nodes, 61075 on tree, 12 best solution, best possible 8 (322.25 seconds)
Cbc0010I After 1925542 nodes, 61173 on tree, 12 best solution, best possible 8 (322.95 seconds)
Cbc0010I After 1928211 nodes, 61371 on tree, 12 best solution, best possible 8 (323.66 seconds)
Cbc0010I After 1931514 nodes, 61193 on tree, 12 best solution, best possible 8 (324.36 seconds)
Cbc0010I After 1934492 nodes, 61210 on tree, 12 best solution, best possible 8 (325.06 seconds)
Cbc0010I After 1937399 nodes, 61170 on tree, 12 best solution, best possible 8 (325.76 seconds)
Cbc0010I After 1940027 nodes, 61219 on tree, 12 best solution, best possible 8 (326.46 seconds)
Cbc0010I After 1942703 nodes, 61206 on tree, 12 best solution, best possible 8 (327.16 seconds)
Cbc0010I After 1945740 nodes, 61101 on tree, 12 best solution, best possible 8 (327.86 seconds)
Cbc0010I After 1949698 nodes, 61102 on tree, 12 best solution, best possible 8 (328.56 seconds)
Cbc0010I After 1953652 nodes, 61102 on tree, 12 best solution, best possible 8 (329.26 seconds)
Cbc0010I After 1957492 nodes, 61104 on tree, 12 best solution, best possible 8 (329.96 seconds)
Cbc0010I After 1961107 nodes, 61033 on tree, 12 best solution, best possible 8 (330.66 seconds)
Cbc0010I After 1962554 nodes, 61338 on tree, 12 best solution, best possible 8 (331.36 seconds)
Cbc0010I After 1965775 nodes, 61341 on tree, 12 best solution, best possible 8 (332.06 seconds)
Cbc0010I After 1968981 nodes, 61107 on tree, 12 best solution, best possible 8 (332.77 seconds)
Cbc0010I After 1971371 nodes, 61312 on tree, 12 best solution, best possible 8 (333.47 seconds)
Cbc0010I After 1974732 nodes, 61620 on tree, 12 best solution, best possible 8 (334.17 seconds)
Cbc0010I After 1978581 nodes, 61306 on tree, 12 best solution, best possible 8 (334.87 seconds)
Cbc0010I After 1982552 nodes, 61168 on tree, 12 best solution, best possible 8 (335.57 seconds)
Cbc0010I After 1986680 nodes, 61170 on tree, 12 best solution, best possible 8 (336.27 seconds)
Cbc0010I After 1990877 nodes, 61167 on tree, 12 best solution, best possible 8 (336.97 seconds)
Cbc0010I After 1995182 nodes, 61173 on tree, 12 best solution, best possible 8 (337.67 seconds)
Cbc0010I After 1999376 nodes, 61170 on tree, 12 best solution, best possible 8 (338.37 seconds)
Cbc0010I After 2003055 nodes, 61166 on tree, 12 best solution, best possible 8 (339.07 seconds)
Cbc0010I After 2006979 nodes, 61165 on tree, 12 best solution, best possible 8 (339.77 seconds)
Cbc0010I After 2010855 nodes, 61172 on tree, 12 best solution, best possible 8 (340.47 seconds)
Cbc0010I After 2014901 nodes, 61167 on tree, 12 best solution, best possible 8 (341.17 seconds)
Cbc0010I After 2018754 nodes, 61167 on tree, 12 best solution, best possible 8 (341.87 seconds)
Cbc0010I After 2022470 nodes, 61166 on tree, 12 best solution, best possible 8 (342.57 seconds)
Cbc0010I After 2026478 nodes, 61165 on tree, 12 best solution, best possible 8 (343.27 seconds)
Cbc0010I After 2030290 nodes, 61168 on tree, 12 best solution, best possible 8 (343.97 seconds)
Cbc0010I After 2033865 nodes, 61166 on tree, 12 best solution, best possible 8 (344.67 seconds)
Cbc0010I After 2037815 nodes, 61165 on tree, 12 best solution, best possible 8 (345.38 seconds)
Cbc0010I After 2041777 nodes, 61168 on tree, 12 best solution, best possible 8 (346.08 seconds)
Cbc0010I After 2045542 nodes, 61169 on tree, 12 best solution, best possible 8 (346.78 seconds)
Cbc0010I After 2049459 nodes, 61165 on tree, 12 best solution, best possible 8 (347.48 seconds)
Cbc0010I After 2053259 nodes, 61168 on tree, 12 best solution, best possible 8 (348.18 seconds)
Cbc0010I After 2057041 nodes, 61169 on tree, 12 best solution, best possible 8 (348.88 seconds)
Cbc0010I After 2060624 nodes, 61166 on tree, 12 best solution, best possible 8 (349.58 seconds)
Cbc0010I After 2064525 nodes, 61167 on tree, 12 best solution, best possible 8 (350.28 seconds)
Cbc0010I After 2068286 nodes, 61167 on tree, 12 best solution, best possible 8 (350.98 seconds)
Cbc0010I After 2072162 nodes, 61170 on tree, 12 best solution, best possible 8 (351.68 seconds)
Cbc0010I After 2076085 nodes, 61165 on tree, 12 best solution, best possible 8 (352.38 seconds)
Cbc0010I After 2079493 nodes, 61146 on tree, 12 best solution, best possible 8 (353.08 seconds)
Cbc0010I After 2082921 nodes, 61631 on tree, 12 best solution, best possible 8 (353.78 seconds)
Cbc0010I After 2087439 nodes, 60940 on tree, 12 best solution, best possible 8 (354.48 seconds)
Cbc0010I After 2089997 nodes, 61451 on tree, 12 best solution, best possible 8 (355.18 seconds)
Cbc0010I After 2093483 nodes, 61100 on tree, 12 best solution, best possible 8 (355.88 seconds)
Cbc0010I After 2096705 nodes, 61233 on tree, 12 best solution, best possible 8 (356.59 seconds)
Cbc0010I After 2099483 nodes, 61729 on tree, 12 best solution, best possible 8 (357.29 seconds)
Cbc0010I After 2103809 nodes, 61457 on tree, 12 best solution, best possible 8 (357.99 seconds)
Cbc0010I After 2107946 nodes, 61147 on tree, 12 best solution, best possible 8 (358.69 seconds)
Cbc0010I After 2111055 nodes, 61344 on tree, 12 best solution, best possible 8 (359.39 seconds)
Cbc0010I After 2114990 nodes, 61253 on tree, 12 best solution, best possible 8 (360.09 seconds)
Cbc0010I After 2118486 nodes, 61385 on tree, 12 best solution, best possible 8 (360.79 seconds)
Cbc0010I After 2121908 nodes, 61532 on tree, 12 best solution, best possible 8 (361.49 seconds)
Cbc0010I After 2126105 nodes, 61125 on tree, 12 best solution, best possible 8 (362.19 seconds)
Cbc0010I After 2129707 nodes, 61100 on tree, 12 best solution, best possible 8 (362.89 seconds)
Cbc0010I After 2132432 nodes, 61677 on tree, 12 best solution, best possible 8 (363.59 seconds)
Cbc0010I After 2136388 nodes, 61259 on tree, 12 best solution, best possible 8 (364.29 seconds)
Cbc0010I After 2139737 nodes, 61413 on tree, 12 best solution, best possible 8 (364.99 seconds)
Cbc0010I After 2143716 nodes, 61151 on tree, 12 best solution, best possible 8 (365.69 seconds)
Cbc0010I After 2146470 nodes, 61361 on tree, 12 best solution, best possible 8 (366.39 seconds)
Cbc0010I After 2150309 nodes, 61092 on tree, 12 best solution, best possible 8 (367.09 seconds)
Cbc0010I After 2154018 nodes, 60943 on tree, 12 best solution, best possible 8 (367.79 seconds)
Cbc0010I After 2157074 nodes, 61014 on tree, 12 best solution, best possible 8 (368.49 seconds)
Cbc0010I After 2159855 nodes, 61229 on tree, 12 best solution, best possible 8 (369.19 seconds)
Cbc0010I After 2162977 nodes, 61359 on tree, 12 best solution, best possible 8 (369.90 seconds)
Cbc0010I After 2166525 nodes, 61169 on tree, 12 best solution, best possible 8 (370.60 seconds)
Cbc0010I After 2170090 nodes, 61033 on tree, 12 best solution, best possible 8 (371.30 seconds)
Cbc0010I After 2172900 nodes, 61095 on tree, 12 best solution, best possible 8 (372.00 seconds)
Cbc0010I After 2175068 nodes, 61270 on tree, 12 best solution, best possible 8 (372.70 seconds)
Cbc0010I After 2178550 nodes, 61216 on tree, 12 best solution, best possible 8 (373.40 seconds)
Cbc0010I After 2182073 nodes, 61017 on tree, 12 best solution, best possible 8 (374.10 seconds)
Cbc0010I After 2185086 nodes, 61151 on tree, 12 best solution, best possible 8 (374.80 seconds)
Cbc0010I After 2188027 nodes, 61170 on tree, 12 best solution, best possible 8 (375.50 seconds)
Cbc0010I After 2189898 nodes, 61262 on tree, 12 best solution, best possible 8 (376.20 seconds)
Cbc0010I After 2193127 nodes, 61031 on tree, 12 best solution, best possible 8 (376.90 seconds)
Cbc0010I After 2195289 nodes, 61299 on tree, 12 best solution, best possible 8 (377.60 seconds)
Cbc0010I After 2199129 nodes, 61040 on tree, 12 best solution, best possible 8 (378.30 seconds)
Cbc0010I After 2201811 nodes, 61076 on tree, 12 best solution, best possible 8 (379.00 seconds)
Cbc0010I After 2204694 nodes, 61409 on tree, 12 best solution, best possible 8 (379.70 seconds)
Cbc0010I After 2208626 nodes, 61394 on tree, 12 best solution, best possible 8 (380.40 seconds)
Cbc0010I After 2212595 nodes, 61395 on tree, 12 best solution, best possible 8 (381.10 seconds)
Cbc0010I After 2216421 nodes, 61396 on tree, 12 best solution, best possible 8 (381.81 seconds)
Cbc0010I After 2219997 nodes, 61397 on tree, 12 best solution, best possible 8 (382.51 seconds)
Cbc0010I After 2224088 nodes, 61158 on tree, 12 best solution, best possible 8 (383.21 seconds)
Cbc0010I After 2226685 nodes, 61480 on tree, 12 best solution, best possible 8 (383.91 seconds)
Cbc0010I After 2230615 nodes, 61130 on tree, 12 best solution, best possible 8 (384.61 seconds)
Cbc0010I After 2233653 nodes, 61178 on tree, 12 best solution, best possible 8 (385.31 seconds)
Cbc0010I After 2236895 nodes, 61395 on tree, 12 best solution, best possible 8 (386.01 seconds)
Cbc0010I After 2240188 nodes, 61677 on tree, 12 best solution, best possible 8 (386.71 seconds)
Cbc0010I After 2244015 nodes, 61429 on tree, 12 best solution, best possible 8 (387.41 seconds)
Cbc0010I After 2248158 nodes, 61185 on tree, 12 best solution, best possible 8 (388.11 seconds)
Cbc0010I After 2252526 nodes, 61186 on tree, 12 best solution, best possible 8 (388.81 seconds)
Cbc0010I After 2256659 nodes, 61191 on tree, 12 best solution, best possible 8 (389.51 seconds)
Cbc0010I After 2260717 nodes, 61187 on tree, 12 best solution, best possible 8 (390.21 seconds)
Cbc0010I After 2264449 nodes, 61189 on tree, 12 best solution, best possible 8 (390.91 seconds)
Cbc0010I After 2268020 nodes, 61186 on tree, 12 best solution, best possible 8 (391.61 seconds)
Cbc0010I After 2271715 nodes, 61187 on tree, 12 best solution, best possible 8 (392.31 seconds)
Cbc0010I After 2275394 nodes, 61186 on tree, 12 best solution, best possible 8 (393.01 seconds)
Cbc0010I After 2278982 nodes, 61185 on tree, 12 best solution, best possible 8 (393.71 seconds)
Cbc0010I After 2282994 nodes, 61187 on tree, 12 best solution, best possible 8 (394.41 seconds)
Cbc0010I After 2286535 nodes, 61189 on tree, 12 best solution, best possible 8 (395.12 seconds)
Cbc0010I After 2290372 nodes, 61188 on tree, 12 best solution, best possible 8 (395.82 seconds)
Cbc0010I After 2294175 nodes, 61188 on tree, 12 best solution, best possible 8 (396.52 seconds)
Cbc0010I After 2297833 nodes, 61189 on tree, 12 best solution, best possible 8 (397.22 seconds)
Cbc0010I After 2301629 nodes, 61188 on tree, 12 best solution, best possible 8 (397.92 seconds)
Cbc0010I After 2305429 nodes, 61186 on tree, 12 best solution, best possible 8 (398.62 seconds)
Cbc0010I After 2309187 nodes, 61188 on tree, 12 best solution, best possible 8 (399.32 seconds)
Cbc0010I After 2312698 nodes, 61186 on tree, 12 best solution, best possible 8 (400.02 seconds)
Cbc0010I After 2316485 nodes, 61186 on tree, 12 best solution, best possible 8 (400.72 seconds)
Cbc0010I After 2320258 nodes, 61185 on tree, 12 best solution, best possible 8 (401.42 seconds)
Cbc0010I After 2323896 nodes, 61187 on tree, 12 best solution, best possible 8 (402.12 seconds)
Cbc0010I After 2327687 nodes, 61193 on tree, 12 best solution, best possible 8 (402.82 seconds)
Cbc0010I After 2331469 nodes, 61186 on tree, 12 best solution, best possible 8 (403.52 seconds)
Cbc0010I After 2335048 nodes, 61187 on tree, 12 best solution, best possible 8 (404.22 seconds)
Cbc0010I After 2338697 nodes, 61186 on tree, 12 best solution, best possible 8 (404.92 seconds)
Cbc0010I After 2342274 nodes, 61185 on tree, 12 best solution, best possible 8 (405.62 seconds)
Cbc0010I After 2345945 nodes, 61186 on tree, 12 best solution, best possible 8 (406.32 seconds)
Cbc0010I After 2349617 nodes, 61134 on tree, 12 best solution, best possible 8 (407.02 seconds)
Cbc0010I After 2352536 nodes, 61690 on tree, 12 best solution, best possible 8 (407.72 seconds)
Cbc0010I After 2356745 nodes, 60924 on tree, 12 best solution, best possible 8 (408.43 seconds)
Cbc0010I After 2359118 nodes, 61450 on tree, 12 best solution, best possible 8 (409.13 seconds)
Cbc0010I After 2362705 nodes, 61331 on tree, 12 best solution, best possible 8 (409.83 seconds)
Cbc0010I After 2366523 nodes, 61337 on tree, 12 best solution, best possible 8 (410.53 seconds)
Cbc0010I After 2370343 nodes, 61312 on tree, 12 best solution, best possible 8 (411.23 seconds)
Cbc0010I After 2373757 nodes, 61570 on tree, 12 best solution, best possible 8 (411.93 seconds)
Cbc0010I After 2377744 nodes, 61154 on tree, 12 best solution, best possible 8 (412.63 seconds)
Cbc0010I After 2380639 nodes, 61597 on tree, 12 best solution, best possible 8 (413.33 seconds)
Cbc0010I After 2384708 nodes, 61233 on tree, 12 best solution, best possible 8 (414.03 seconds)
Cbc0010I After 2388000 nodes, 61140 on tree, 12 best solution, best possible 8 (414.73 seconds)
Cbc0010I After 2391176 nodes, 61295 on tree, 12 best solution, best possible 8 (415.43 seconds)
Cbc0010I After 2395045 nodes, 61079 on tree, 12 best solution, best possible 8 (416.13 seconds)
Cbc0010I After 2398223 nodes, 61210 on tree, 12 best solution, best possible 8 (416.83 seconds)
Cbc0010I After 2402008 nodes, 61000 on tree, 12 best solution, best possible 8 (417.53 seconds)
Cbc0010I After 2405111 nodes, 61134 on tree, 12 best solution, best possible 8 (418.23 seconds)
Cbc0010I After 2408099 nodes, 61259 on tree, 12 best solution, best possible 8 (418.93 seconds)
Cbc0010I After 2411139 nodes, 61275 on tree, 12 best solution, best possible 8 (419.63 seconds)
Cbc0010I After 2413917 nodes, 61346 on tree, 12 best solution, best possible 8 (420.34 seconds)
Cbc0010I After 2417359 nodes, 61186 on tree, 12 best solution, best possible 8 (421.04 seconds)
Cbc0010I After 2420453 nodes, 61098 on tree, 12 best solution, best possible 8 (421.74 seconds)
Cbc0010I After 2422298 nodes, 61303 on tree, 12 best solution, best possible 8 (422.44 seconds)
Cbc0010I After 2425493 nodes, 61103 on tree, 12 best solution, best possible 8 (423.14 seconds)
Cbc0010I After 2428473 nodes, 61229 on tree, 12 best solution, best possible 8 (423.84 seconds)
Cbc0010I After 2431845 nodes, 61246 on tree, 12 best solution, best possible 8 (424.54 seconds)
Cbc0010I After 2435444 nodes, 61014 on tree, 12 best solution, best possible 8 (425.24 seconds)
Cbc0010I After 2438405 nodes, 60905 on tree, 12 best solution, best possible 8 (425.94 seconds)
Cbc0010I After 2440456 nodes, 61349 on tree, 12 best solution, best possible 8 (426.64 seconds)
Cbc0010I After 2443676 nodes, 61388 on tree, 12 best solution, best possible 8 (427.34 seconds)
Cbc0010I After 2447415 nodes, 61041 on tree, 12 best solution, best possible 8 (428.04 seconds)
Cbc0010I After 2449668 nodes, 61221 on tree, 12 best solution, best possible 8 (428.74 seconds)
Cbc0010I After 2451985 nodes, 61233 on tree, 12 best solution, best possible 8 (429.44 seconds)
Cbc0010I After 2454948 nodes, 61145 on tree, 12 best solution, best possible 8 (430.14 seconds)
Cbc0010I After 2457545 nodes, 61350 on tree, 12 best solution, best possible 8 (430.85 seconds)
Cbc0010I After 2460722 nodes, 61371 on tree, 12 best solution, best possible 8 (431.55 seconds)
Cbc0010I After 2464484 nodes, 60925 on tree, 12 best solution, best possible 8 (432.25 seconds)
Cbc0010I After 2466644 nodes, 61307 on tree, 12 best solution, best possible 8 (432.95 seconds)
Cbc0010I After 2470301 nodes, 61074 on tree, 12 best solution, best possible 8 (433.65 seconds)
Cbc0010I After 2473234 nodes, 61140 on tree, 12 best solution, best possible 8 (434.35 seconds)
Cbc0010I After 2475829 nodes, 61335 on tree, 12 best solution, best possible 8 (435.05 seconds)
Cbc0010I After 2479364 nodes, 60996 on tree, 12 best solution, best possible 8 (435.75 seconds)
Cbc0010I After 2482377 nodes, 61108 on tree, 12 best solution, best possible 8 (436.45 seconds)
Cbc0010I After 2486132 nodes, 61097 on tree, 12 best solution, best possible 8 (437.15 seconds)
Cbc0010I After 2489750 nodes, 61098 on tree, 12 best solution, best possible 8 (437.85 seconds)
Cbc0010I After 2493673 nodes, 61099 on tree, 12 best solution, best possible 8 (438.55 seconds)
Cbc0010I After 2497344 nodes, 61096 on tree, 12 best solution, best possible 8 (439.25 seconds)
Cbc0010I After 2500883 nodes, 61102 on tree, 12 best solution, best possible 8 (439.95 seconds)
Cbc0010I After 2504395 nodes, 61089 on tree, 12 best solution, best possible 8 (440.65 seconds)
Cbc0010I After 2507439 nodes, 61600 on tree, 12 best solution, best possible 8 (441.36 seconds)
Cbc0010I After 2511338 nodes, 61266 on tree, 12 best solution, best possible 8 (442.06 seconds)
Cbc0010I After 2514628 nodes, 61357 on tree, 12 best solution, best possible 8 (442.76 seconds)
Cbc0010I After 2517545 nodes, 61015 on tree, 12 best solution, best possible 8 (443.46 seconds)
Cbc0010I After 2520496 nodes, 60803 on tree, 12 best solution, best possible 8 (444.16 seconds)
Cbc0010I After 2522800 nodes, 61304 on tree, 12 best solution, best possible 8 (444.86 seconds)
Cbc0010I After 2525695 nodes, 61188 on tree, 12 best solution, best possible 8 (445.56 seconds)
Cbc0010I After 2528969 nodes, 61040 on tree, 12 best solution, best possible 8 (446.26 seconds)
Cbc0010I After 2530784 nodes, 61275 on tree, 12 best solution, best possible 8 (446.96 seconds)
Cbc0010I After 2534616 nodes, 61214 on tree, 12 best solution, best possible 8 (447.66 seconds)
Cbc0010I After 2538069 nodes, 61008 on tree, 12 best solution, best possible 8 (448.36 seconds)
Cbc0010I After 2540982 nodes, 61147 on tree, 12 best solution, best possible 8 (449.06 seconds)
Cbc0010I After 2543697 nodes, 61708 on tree, 12 best solution, best possible 8 (449.76 seconds)
Cbc0010I After 2547547 nodes, 61587 on tree, 12 best solution, best possible 8 (450.46 seconds)
Cbc0010I After 2551861 nodes, 61589 on tree, 12 best solution, best possible 8 (451.16 seconds)
Cbc0010I After 2556039 nodes, 61587 on tree, 12 best solution, best possible 8 (451.87 seconds)
Cbc0010I After 2560157 nodes, 61589 on tree, 12 best solution, best possible 8 (452.57 seconds)
Cbc0010I After 2563849 nodes, 61588 on tree, 12 best solution, best possible 8 (453.27 seconds)
Cbc0010I After 2567610 nodes, 61588 on tree, 12 best solution, best possible 8 (453.97 seconds)
Cbc0010I After 2570928 nodes, 61590 on tree, 12 best solution, best possible 8 (454.67 seconds)
Cbc0010I After 2574753 nodes, 61589 on tree, 12 best solution, best possible 8 (455.37 seconds)
Cbc0010I After 2578175 nodes, 61585 on tree, 12 best solution, best possible 8 (456.07 seconds)
Cbc0010I After 2581843 nodes, 61586 on tree, 12 best solution, best possible 8 (456.77 seconds)
Cbc0010I After 2585785 nodes, 61589 on tree, 12 best solution, best possible 8 (457.47 seconds)
Cbc0010I After 2589443 nodes, 61588 on tree, 12 best solution, best possible 8 (458.17 seconds)
Cbc0010I After 2593140 nodes, 61586 on tree, 12 best solution, best possible 8 (458.87 seconds)
Cbc0010I After 2596860 nodes, 61586 on tree, 12 best solution, best possible 8 (459.57 seconds)
Cbc0010I After 2600468 nodes, 61585 on tree, 12 best solution, best possible 8 (460.27 seconds)
Cbc0010I After 2603976 nodes, 61589 on tree, 12 best solution, best possible 8 (460.97 seconds)
Cbc0010I After 2607896 nodes, 61588 on tree, 12 best solution, best possible 8 (461.67 seconds)
Cbc0010I After 2611606 nodes, 61589 on tree, 12 best solution, best possible 8 (462.38 seconds)
Cbc0010I After 2615374 nodes, 61587 on tree, 12 best solution, best possible 8 (463.08 seconds)
Cbc0010I After 2618959 nodes, 61586 on tree, 12 best solution, best possible 8 (463.78 seconds)
Cbc0010I After 2622500 nodes, 61585 on tree, 12 best solution, best possible 8 (464.48 seconds)
Cbc0010I After 2625965 nodes, 61586 on tree, 12 best solution, best possible 8 (465.18 seconds)
Cbc0010I After 2629767 nodes, 61588 on tree, 12 best solution, best possible 8 (465.88 seconds)
Cbc0010I After 2633286 nodes, 61585 on tree, 12 best solution, best possible 8 (466.58 seconds)
Cbc0010I After 2636830 nodes, 61587 on tree, 12 best solution, best possible 8 (467.28 seconds)
Cbc0010I After 2640583 nodes, 61522 on tree, 12 best solution, best possible 8 (467.98 seconds)
Cbc0010I After 2644579 nodes, 61382 on tree, 12 best solution, best possible 8 (468.68 seconds)
Cbc0010I After 2648240 nodes, 61170 on tree, 12 best solution, best possible 8 (469.38 seconds)
Cbc0010I After 2651377 nodes, 61346 on tree, 12 best solution, best possible 8 (470.08 seconds)
Cbc0010I After 2654566 nodes, 61565 on tree, 12 best solution, best possible 8 (470.78 seconds)
Cbc0010I After 2657596 nodes, 61229 on tree, 12 best solution, best possible 8 (471.48 seconds)
Cbc0010I After 2660539 nodes, 61299 on tree, 12 best solution, best possible 8 (472.18 seconds)
Cbc0010I After 2663357 nodes, 61457 on tree, 12 best solution, best possible 8 (472.88 seconds)
Cbc0010I After 2666963 nodes, 61179 on tree, 12 best solution, best possible 8 (473.58 seconds)
Cbc0010I After 2669797 nodes, 61313 on tree, 12 best solution, best possible 8 (474.29 seconds)
Cbc0010I After 2673046 nodes, 61165 on tree, 12 best solution, best possible 8 (474.99 seconds)
Cbc0010I After 2676109 nodes, 61263 on tree, 12 best solution, best possible 8 (475.69 seconds)
Cbc0010I After 2678993 nodes, 61246 on tree, 12 best solution, best possible 8 (476.39 seconds)
Cbc0010I After 2681608 nodes, 61247 on tree, 12 best solution, best possible 8 (477.09 seconds)
Cbc0010I After 2684527 nodes, 61281 on tree, 12 best solution, best possible 8 (477.79 seconds)
Cbc0010I After 2687340 nodes, 61320 on tree, 12 best solution, best possible 8 (478.49 seconds)
Cbc0010I After 2690729 nodes, 61224 on tree, 12 best solution, best possible 8 (479.19 seconds)
Cbc0010I After 2694332 nodes, 61005 on tree, 12 best solution, best possible 8 (479.89 seconds)
Cbc0010I After 2697248 nodes, 61137 on tree, 12 best solution, best possible 8 (480.59 seconds)
Cbc0010I After 2699350 nodes, 61296 on tree, 12 best solution, best possible 8 (481.29 seconds)
Cbc0010I After 2702543 nodes, 61190 on tree, 12 best solution, best possible 8 (481.99 seconds)
Cbc0010I After 2705284 nodes, 61139 on tree, 12 best solution, best possible 8 (482.69 seconds)
Cbc0010I After 2707382 nodes, 61307 on tree, 12 best solution, best possible 8 (483.39 seconds)
Cbc0010I After 2710632 nodes, 61234 on tree, 12 best solution, best possible 8 (484.09 seconds)
Cbc0010I After 2714141 nodes, 61048 on tree, 12 best solution, best possible 8 (484.80 seconds)
Cbc0010I After 2717354 nodes, 61107 on tree, 12 best solution, best possible 8 (485.50 seconds)
Cbc0010I After 2720149 nodes, 61241 on tree, 12 best solution, best possible 8 (486.20 seconds)
Cbc0010I After 2722963 nodes, 61303 on tree, 12 best solution, best possible 8 (486.90 seconds)
Cbc0010I After 2725648 nodes, 61289 on tree, 12 best solution, best possible 8 (487.60 seconds)
Cbc0010I After 2728561 nodes, 61185 on tree, 12 best solution, best possible 8 (488.30 seconds)
Cbc0010I After 2730353 nodes, 61340 on tree, 12 best solution, best possible 8 (489.00 seconds)
Cbc0010I After 2733991 nodes, 60955 on tree, 12 best solution, best possible 8 (489.70 seconds)
Cbc0010I After 2736514 nodes, 61156 on tree, 12 best solution, best possible 8 (490.40 seconds)
Cbc0010I After 2738188 nodes, 61413 on tree, 12 best solution, best possible 8 (491.10 seconds)
Cbc0010I After 2741643 nodes, 61046 on tree, 12 best solution, best possible 8 (491.80 seconds)
Cbc0010I After 2744446 nodes, 61109 on tree, 12 best solution, best possible 8 (492.50 seconds)
Cbc0010I After 2746522 nodes, 61428 on tree, 12 best solution, best possible 8.5 (493.20 seconds)
Cbc0010I After 2750190 nodes, 61068 on tree, 12 best solution, best possible 8.5 (493.90 seconds)
Cbc0010I After 2753153 nodes, 61217 on tree, 12 best solution, best possible 8.5 (494.60 seconds)
Cbc0010I After 2755898 nodes, 61256 on tree, 12 best solution, best possible 8.5 (495.31 seconds)
Cbc0010I After 2759249 nodes, 61040 on tree, 12 best solution, best possible 8.5 (496.01 seconds)
Cbc0010I After 2762278 nodes, 61123 on tree, 12 best solution, best possible 8.5 (496.71 seconds)
Cbc0010I After 2765118 nodes, 61371 on tree, 12 best solution, best possible 8.5 (497.41 seconds)
Cbc0010I After 2767990 nodes, 61275 on tree, 12 best solution, best possible 8.5 (498.11 seconds)
Cbc0010I After 2770961 nodes, 61359 on tree, 12 best solution, best possible 8.5 (498.81 seconds)
Cbc0010I After 2773954 nodes, 61459 on tree, 12 best solution, best possible 8.5 (499.51 seconds)
Cbc0010I After 2777963 nodes, 60963 on tree, 12 best solution, best possible 8.5 (500.21 seconds)
Cbc0010I After 2780957 nodes, 61144 on tree, 12 best solution, best possible 8.5 (500.91 seconds)
Cbc0010I After 2783872 nodes, 61537 on tree, 12 best solution, best possible 8.5 (501.61 seconds)
Cbc0010I After 2787373 nodes, 61264 on tree, 12 best solution, best possible 8.5 (502.31 seconds)
Cbc0010I After 2790809 nodes, 61348 on tree, 12 best solution, best possible 8.5 (503.01 seconds)
Cbc0010I After 2794687 nodes, 61191 on tree, 12 best solution, best possible 8.5 (503.71 seconds)
Cbc0010I After 2798435 nodes, 61192 on tree, 12 best solution, best possible 8.5 (504.41 seconds)
Cbc0010I After 2801913 nodes, 61197 on tree, 12 best solution, best possible 8.5 (505.11 seconds)
Cbc0010I After 2805334 nodes, 61190 on tree, 12 best solution, best possible 8.5 (505.82 seconds)
Cbc0010I After 2808939 nodes, 61190 on tree, 12 best solution, best possible 8.5 (506.52 seconds)
Cbc0010I After 2812676 nodes, 61172 on tree, 12 best solution, best possible 8.5 (507.22 seconds)
Cbc0010I After 2815706 nodes, 61354 on tree, 12 best solution, best possible 8.5 (507.92 seconds)
Cbc0010I After 2819021 nodes, 61074 on tree, 12 best solution, best possible 8.5 (508.62 seconds)
Cbc0010I After 2821650 nodes, 61187 on tree, 12 best solution, best possible 8.5 (509.32 seconds)
Cbc0010I After 2825116 nodes, 61019 on tree, 12 best solution, best possible 8.5 (510.02 seconds)
Cbc0010I After 2828038 nodes, 61284 on tree, 12 best solution, best possible 9 (510.72 seconds)
Cbc0010I After 2831230 nodes, 61409 on tree, 12 best solution, best possible 9 (511.42 seconds)
Cbc0010I After 2834693 nodes, 61106 on tree, 12 best solution, best possible 9 (512.12 seconds)
Cbc0010I After 2837905 nodes, 61146 on tree, 12 best solution, best possible 9 (512.82 seconds)
Cbc0010I After 2841446 nodes, 60956 on tree, 12 best solution, best possible 9 (513.52 seconds)
Cbc0010I After 2844724 nodes, 61152 on tree, 12 best solution, best possible 9 (514.22 seconds)
Cbc0010I After 2848602 nodes, 61025 on tree, 12 best solution, best possible 9 (514.92 seconds)
Cbc0010I After 2851523 nodes, 61623 on tree, 12 best solution, best possible 9 (515.62 seconds)
Cbc0010I After 2855399 nodes, 61021 on tree, 12 best solution, best possible 9 (516.32 seconds)
Cbc0010I After 2857818 nodes, 61592 on tree, 12 best solution, best possible 9 (517.03 seconds)
Cbc0010I After 2861316 nodes, 61545 on tree, 12 best solution, best possible 9 (517.73 seconds)
Cbc0010I After 2865294 nodes, 61164 on tree, 12 best solution, best possible 9 (518.43 seconds)
Cbc0010I After 2869552 nodes, 61126 on tree, 12 best solution, best possible 9 (519.13 seconds)
Cbc0010I After 2873908 nodes, 61125 on tree, 12 best solution, best possible 9 (519.83 seconds)
Cbc0010I After 2877909 nodes, 61126 on tree, 12 best solution, best possible 9 (520.53 seconds)
Cbc0010I After 2881632 nodes, 61125 on tree, 12 best solution, best possible 9 (521.23 seconds)
Cbc0010I After 2885596 nodes, 61129 on tree, 12 best solution, best possible 9 (521.93 seconds)
Cbc0010I After 2889424 nodes, 61124 on tree, 12 best solution, best possible 9 (522.63 seconds)
Cbc0010I After 2893221 nodes, 61124 on tree, 12 best solution, best possible 9 (523.33 seconds)
Cbc0010I After 2897139 nodes, 61123 on tree, 12 best solution, best possible 9 (524.03 seconds)
Cbc0010I After 2900980 nodes, 61123 on tree, 12 best solution, best possible 9 (524.73 seconds)
Cbc0010I After 2904718 nodes, 61124 on tree, 12 best solution, best possible 9 (525.43 seconds)
Cbc0010I After 2908367 nodes, 61124 on tree, 12 best solution, best possible 9 (526.13 seconds)
Cbc0010I After 2912186 nodes, 61127 on tree, 12 best solution, best possible 9 (526.83 seconds)
Cbc0010I After 2915970 nodes, 61125 on tree, 12 best solution, best possible 9 (527.53 seconds)
Cbc0010I After 2919812 nodes, 61127 on tree, 12 best solution, best possible 9 (528.24 seconds)
Cbc0010I After 2923737 nodes, 61123 on tree, 12 best solution, best possible 9 (528.94 seconds)
Cbc0010I After 2927391 nodes, 61127 on tree, 12 best solution, best possible 9 (529.64 seconds)
Cbc0010I After 2930957 nodes, 61126 on tree, 12 best solution, best possible 9 (530.34 seconds)
Cbc0010I After 2934732 nodes, 61124 on tree, 12 best solution, best possible 9 (531.04 seconds)
Cbc0010I After 2938391 nodes, 61124 on tree, 12 best solution, best possible 9 (531.74 seconds)
Cbc0010I After 2942132 nodes, 61124 on tree, 12 best solution, best possible 9 (532.44 seconds)
Cbc0010I After 2945699 nodes, 61126 on tree, 12 best solution, best possible 9 (533.14 seconds)
Cbc0010I After 2949108 nodes, 61128 on tree, 12 best solution, best possible 9 (533.84 seconds)
Cbc0010I After 2952877 nodes, 61125 on tree, 12 best solution, best possible 9 (534.54 seconds)
Cbc0010I After 2956626 nodes, 61101 on tree, 12 best solution, best possible 9 (535.24 seconds)
Cbc0010I After 2959890 nodes, 61215 on tree, 12 best solution, best possible 9 (535.94 seconds)
Cbc0010I After 2963334 nodes, 61099 on tree, 12 best solution, best possible 9 (536.64 seconds)
Cbc0010I After 2966723 nodes, 61170 on tree, 12 best solution, best possible 9 (537.34 seconds)
Cbc0010I After 2969731 nodes, 61429 on tree, 12 best solution, best possible 9 (538.04 seconds)
Cbc0010I After 2973210 nodes, 61436 on tree, 12 best solution, best possible 9 (538.74 seconds)
Cbc0010I After 2977203 nodes, 60947 on tree, 12 best solution, best possible 9 (539.44 seconds)
Cbc0010I After 2980520 nodes, 60643 on tree, 12 best solution, best possible 9 (540.14 seconds)
Cbc0010I After 2982848 nodes, 60983 on tree, 12 best solution, best possible 9 (540.84 seconds)
Cbc0010I After 2985994 nodes, 61123 on tree, 12 best solution, best possible 9 (541.55 seconds)
Cbc0010I After 2989003 nodes, 60975 on tree, 12 best solution, best possible 9 (542.25 seconds)
Cbc0010I After 2992011 nodes, 61074 on tree, 12 best solution, best possible 9 (542.95 seconds)
Cbc0010I After 2994849 nodes, 61110 on tree, 12 best solution, best possible 9 (543.65 seconds)
Cbc0010I After 2997904 nodes, 60892 on tree, 12 best solution, best possible 9 (544.35 seconds)
Cbc0010I After 3000722 nodes, 60875 on tree, 12 best solution, best possible 9 (545.05 seconds)
Cbc0010I After 3002737 nodes, 61252 on tree, 12 best solution, best possible 9 (545.75 seconds)
Cbc0010I After 3005544 nodes, 61193 on tree, 12 best solution, best possible 9 (546.45 seconds)
Cbc0010I After 3008698 nodes, 61111 on tree, 12 best solution, best possible 9 (547.15 seconds)
Cbc0010I After 3011326 nodes, 61559 on tree, 12 best solution, best possible 9 (547.85 seconds)
Cbc0010I After 3015204 nodes, 61079 on tree, 12 best solution, best possible 9 (548.55 seconds)
Cbc0010I After 3018434 nodes, 61007 on tree, 12 best solution, best possible 9 (549.25 seconds)
Cbc0010I After 3021300 nodes, 61108 on tree, 12 best solution, best possible 9 (549.95 seconds)
Cbc0010I After 3024541 nodes, 61294 on tree, 12 best solution, best possible 9 (550.65 seconds)
Cbc0010I After 3027768 nodes, 61526 on tree, 12 best solution, best possible 9 (551.35 seconds)
Cbc0010I After 3031557 nodes, 61268 on tree, 12 best solution, best possible 9 (552.05 seconds)
Cbc0010I After 3035278 nodes, 61220 on tree, 12 best solution, best possible 9 (552.76 seconds)
Cbc0010I After 3038550 nodes, 61363 on tree, 12 best solution, best possible 9 (553.46 seconds)
Cbc0010I After 3041888 nodes, 61540 on tree, 12 best solution, best possible 9 (554.16 seconds)
Cbc0010I After 3045648 nodes, 61252 on tree, 12 best solution, best possible 9 (554.86 seconds)
Cbc0010I After 3049283 nodes, 60971 on tree, 12 best solution, best possible 9 (555.56 seconds)
Cbc0010I After 3052556 nodes, 61070 on tree, 12 best solution, best possible 9 (556.26 seconds)
Cbc0010I After 3055459 nodes, 61478 on tree, 12 best solution, best possible 9 (556.96 seconds)
Cbc0010I After 3059158 nodes, 61043 on tree, 12 best solution, best possible 9 (557.66 seconds)
Cbc0010I After 3062395 nodes, 61199 on tree, 12 best solution, best possible 9 (558.36 seconds)
Cbc0010I After 3065510 nodes, 61302 on tree, 12 best solution, best possible 9 (559.06 seconds)
Cbc0010I After 3069144 nodes, 61131 on tree, 12 best solution, best possible 9 (559.76 seconds)
Cbc0010I After 3072369 nodes, 61085 on tree, 12 best solution, best possible 9 (560.46 seconds)
Cbc0010I After 3075165 nodes, 61549 on tree, 12 best solution, best possible 9 (561.16 seconds)
Cbc0010I After 3079164 nodes, 61072 on tree, 12 best solution, best possible 9 (561.86 seconds)
Cbc0010I After 3081806 nodes, 61396 on tree, 12 best solution, best possible 9 (562.56 seconds)
Cbc0010I After 3085617 nodes, 61049 on tree, 12 best solution, best possible 9 (563.26 seconds)
Cbc0010I After 3088988 nodes, 60704 on tree, 12 best solution, best possible 9 (563.96 seconds)
Cbc0010I After 3091303 nodes, 61023 on tree, 12 best solution, best possible 9 (564.66 seconds)
Cbc0010I After 3094023 nodes, 61289 on tree, 12 best solution, best possible 9 (565.37 seconds)
Cbc0010I After 3097503 nodes, 61074 on tree, 12 best solution, best possible 9 (566.07 seconds)
Cbc0010I After 3100958 nodes, 60774 on tree, 12 best solution, best possible 9 (566.77 seconds)
Cbc0010I After 3103278 nodes, 61139 on tree, 12 best solution, best possible 9 (567.47 seconds)
Cbc0010I After 3106218 nodes, 61122 on tree, 12 best solution, best possible 9 (568.17 seconds)
Cbc0010I After 3109504 nodes, 60935 on tree, 12 best solution, best possible 9 (568.87 seconds)
Cbc0010I After 3112271 nodes, 61077 on tree, 12 best solution, best possible 9 (569.57 seconds)
Cbc0010I After 3115081 nodes, 61046 on tree, 12 best solution, best possible 9 (570.27 seconds)
Cbc0010I After 3118401 nodes, 61051 on tree, 12 best solution, best possible 9 (570.97 seconds)
Cbc0010I After 3121337 nodes, 61018 on tree, 12 best solution, best possible 9 (571.67 seconds)
Cbc0010I After 3124493 nodes, 60870 on tree, 12 best solution, best possible 9 (572.37 seconds)
Cbc0010I After 3126567 nodes, 61327 on tree, 12 best solution, best possible 9 (573.07 seconds)
Cbc0010I After 3129923 nodes, 61246 on tree, 12 best solution, best possible 9 (573.77 seconds)
Cbc0010I After 3133640 nodes, 60728 on tree, 12 best solution, best possible 9 (574.47 seconds)
Cbc0010I After 3136229 nodes, 60863 on tree, 12 best solution, best possible 9 (575.17 seconds)
Cbc0010I After 3138998 nodes, 61175 on tree, 12 best solution, best possible 9 (575.87 seconds)
Cbc0010I After 3141993 nodes, 61390 on tree, 12 best solution, best possible 9 (576.58 seconds)
Cbc0010I After 3145484 nodes, 61368 on tree, 12 best solution, best possible 9 (577.28 seconds)
Cbc0010I After 3148807 nodes, 61502 on tree, 12 best solution, best possible 9 (577.98 seconds)
Cbc0010I After 3152648 nodes, 61500 on tree, 12 best solution, best possible 9 (578.68 seconds)
Cbc0010I After 3156395 nodes, 61501 on tree, 12 best solution, best possible 9 (579.38 seconds)
Cbc0010I After 3160168 nodes, 61503 on tree, 12 best solution, best possible 9 (580.08 seconds)
Cbc0010I After 3164112 nodes, 61500 on tree, 12 best solution, best possible 9 (580.78 seconds)
Cbc0010I After 3168021 nodes, 61501 on tree, 12 best solution, best possible 9 (581.48 seconds)
Cbc0010I After 3171898 nodes, 61500 on tree, 12 best solution, best possible 9 (582.18 seconds)
Cbc0010I After 3175750 nodes, 61433 on tree, 12 best solution, best possible 9 (582.88 seconds)
Cbc0010I After 3179547 nodes, 61097 on tree, 12 best solution, best possible 9 (583.58 seconds)
Cbc0010I After 3182623 nodes, 61335 on tree, 12 best solution, best possible 9 (584.28 seconds)
Cbc0010I After 3186372 nodes, 60998 on tree, 12 best solution, best possible 9 (584.98 seconds)
Cbc0010I After 3189345 nodes, 61369 on tree, 12 best solution, best possible 9 (585.68 seconds)
Cbc0010I After 3192477 nodes, 61592 on tree, 12 best solution, best possible 9 (586.38 seconds)
Cbc0010I After 3196685 nodes, 60804 on tree, 12 best solution, best possible 9 (587.08 seconds)
Cbc0010I After 3199438 nodes, 61077 on tree, 12 best solution, best possible 9 (587.78 seconds)
Cbc0010I After 3202370 nodes, 61099 on tree, 12 best solution, best possible 9 (588.49 seconds)
Cbc0010I After 3205377 nodes, 61288 on tree, 12 best solution, best possible 9 (589.19 seconds)
Cbc0010I After 3208418 nodes, 61611 on tree, 12 best solution, best possible 9 (589.89 seconds)
Cbc0010I After 3212333 nodes, 61493 on tree, 12 best solution, best possible 9 (590.59 seconds)
Cbc0010I After 3216124 nodes, 61330 on tree, 12 best solution, best possible 9 (591.29 seconds)
Cbc0010I After 3219433 nodes, 61320 on tree, 12 best solution, best possible 9 (591.99 seconds)
Cbc0010I After 3222559 nodes, 61215 on tree, 12 best solution, best possible 9 (592.69 seconds)
Cbc0010I After 3225937 nodes, 61033 on tree, 12 best solution, best possible 9 (593.39 seconds)
Cbc0010I After 3229085 nodes, 60766 on tree, 12 best solution, best possible 9 (594.09 seconds)
Cbc0010I After 3231456 nodes, 61182 on tree, 12 best solution, best possible 9 (594.79 seconds)
Cbc0010I After 3234480 nodes, 61244 on tree, 12 best solution, best possible 9 (595.49 seconds)
Cbc0010I After 3238560 nodes, 61021 on tree, 12 best solution, best possible 9 (596.19 seconds)
Cbc0010I After 3241427 nodes, 60786 on tree, 12 best solution, best possible 9 (596.89 seconds)
Cbc0010I After 3243817 nodes, 61113 on tree, 12 best solution, best possible 9 (597.59 seconds)
Cbc0010I After 3246696 nodes, 61126 on tree, 12 best solution, best possible 9 (598.29 seconds)
Cbc0010I After 3249569 nodes, 61114 on tree, 12 best solution, best possible 9 (598.99 seconds)
Cbc0010I After 3252879 nodes, 61082 on tree, 12 best solution, best possible 9 (599.70 seconds)
Cbc0010I After 3256804 nodes, 60661 on tree, 12 best solution, best possible 9 (600.40 seconds)
Cbc0010I After 3258844 nodes, 60971 on tree, 12 best solution, best possible 9 (601.10 seconds)
Cbc0010I After 3261468 nodes, 61295 on tree, 12 best solution, best possible 9 (601.80 seconds)
Cbc0010I After 3265026 nodes, 60938 on tree, 12 best solution, best possible 9 (602.50 seconds)
Cbc0010I After 3267733 nodes, 60986 on tree, 12 best solution, best possible 9 (603.20 seconds)
Cbc0010I After 3270712 nodes, 61210 on tree, 12 best solution, best possible 9 (603.90 seconds)
Cbc0010I After 3274485 nodes, 61025 on tree, 12 best solution, best possible 9 (604.60 seconds)
Cbc0010I After 3277238 nodes, 61090 on tree, 12 best solution, best possible 9 (605.30 seconds)
Cbc0010I After 3280554 nodes, 61324 on tree, 12 best solution, best possible 9 (606.00 seconds)
Cbc0010I After 3283801 nodes, 61411 on tree, 12 best solution, best possible 9 (606.70 seconds)
Cbc0010I After 3288037 nodes, 61306 on tree, 12 best solution, best possible 9 (607.40 seconds)
Cbc0010I After 3292280 nodes, 61312 on tree, 12 best solution, best possible 9 (608.10 seconds)
Cbc0010I After 3296042 nodes, 61308 on tree, 12 best solution, best possible 9 (608.80 seconds)
Cbc0010I After 3299830 nodes, 61310 on tree, 12 best solution, best possible 9 (609.50 seconds)
Cbc0010I After 3303718 nodes, 61308 on tree, 12 best solution, best possible 9 (610.20 seconds)
Cbc0010I After 3307517 nodes, 61307 on tree, 12 best solution, best possible 9 (610.91 seconds)
Cbc0010I After 3311340 nodes, 61307 on tree, 12 best solution, best possible 9 (611.61 seconds)
Cbc0010I After 3314996 nodes, 61309 on tree, 12 best solution, best possible 9 (612.31 seconds)
Cbc0010I After 3318592 nodes, 61306 on tree, 12 best solution, best possible 9 (613.01 seconds)
Cbc0010I After 3322323 nodes, 61307 on tree, 12 best solution, best possible 9 (613.71 seconds)
Cbc0010I After 3326113 nodes, 61306 on tree, 12 best solution, best possible 9 (614.41 seconds)
Cbc0010I After 3329784 nodes, 61306 on tree, 12 best solution, best possible 9 (615.11 seconds)
Cbc0010I After 3333662 nodes, 61307 on tree, 12 best solution, best possible 9 (615.81 seconds)
Cbc0010I After 3337520 nodes, 61306 on tree, 12 best solution, best possible 9 (616.51 seconds)
Cbc0010I After 3341270 nodes, 61306 on tree, 12 best solution, best possible 9 (617.21 seconds)
Cbc0010I After 3345193 nodes, 61308 on tree, 12 best solution, best possible 9 (617.91 seconds)
Cbc0010I After 3348992 nodes, 61305 on tree, 12 best solution, best possible 9 (618.61 seconds)
Cbc0010I After 3352889 nodes, 61307 on tree, 12 best solution, best possible 9 (619.31 seconds)
Cbc0010I After 3356757 nodes, 61307 on tree, 12 best solution, best possible 9 (620.01 seconds)
Cbc0010I After 3360405 nodes, 61307 on tree, 12 best solution, best possible 9 (620.71 seconds)
Cbc0010I After 3364246 nodes, 61306 on tree, 12 best solution, best possible 9 (621.41 seconds)
Cbc0010I After 3368247 nodes, 61296 on tree, 12 best solution, best possible 9 (622.12 seconds)
Cbc0010I After 3371990 nodes, 61180 on tree, 12 best solution, best possible 9 (622.82 seconds)
Cbc0010I After 3374966 nodes, 61488 on tree, 12 best solution, best possible 9 (623.52 seconds)
Cbc0010I After 3378238 nodes, 61402 on tree, 12 best solution, best possible 9 (624.22 seconds)
Cbc0010I After 3381792 nodes, 61074 on tree, 12 best solution, best possible 9 (624.92 seconds)
Cbc0010I After 3384909 nodes, 60972 on tree, 12 best solution, best possible 9 (625.62 seconds)
Cbc0010I After 3388001 nodes, 61056 on tree, 12 best solution, best possible 9 (626.32 seconds)
Cbc0010I After 3390603 nodes, 61212 on tree, 12 best solution, best possible 9 (627.02 seconds)
Cbc0010I After 3394223 nodes, 61102 on tree, 12 best solution, best possible 9 (627.72 seconds)
Cbc0010I After 3397667 nodes, 61010 on tree, 12 best solution, best possible 9 (628.42 seconds)
Cbc0010I After 3400836 nodes, 61205 on tree, 12 best solution, best possible 9 (629.12 seconds)
Cbc0010I After 3403853 nodes, 61473 on tree, 12 best solution, best possible 9 (629.82 seconds)
Cbc0010I After 3407499 nodes, 61278 on tree, 12 best solution, best possible 9 (630.52 seconds)
Cbc0010I After 3411032 nodes, 61090 on tree, 12 best solution, best possible 9 (631.22 seconds)
Cbc0010I After 3414096 nodes, 61440 on tree, 12 best solution, best possible 9 (631.92 seconds)
Cbc0010I After 3417681 nodes, 60874 on tree, 12 best solution, best possible 9 (632.62 seconds)
Cbc0010I After 3420436 nodes, 61377 on tree, 12 best solution, best possible 9 (633.32 seconds)
Cbc0010I After 3424137 nodes, 61046 on tree, 12 best solution, best possible 9 (634.03 seconds)
Cbc0010I After 3426701 nodes, 61140 on tree, 12 best solution, best possible 9 (634.73 seconds)
Cbc0010I After 3429641 nodes, 60753 on tree, 12 best solution, best possible 9 (635.43 seconds)
Cbc0010I After 3432906 nodes, 60520 on tree, 12 best solution, best possible 9 (636.13 seconds)
Cbc0010I After 3434947 nodes, 61083 on tree, 12 best solution, best possible 9 (636.83 seconds)
Cbc0010I After 3437831 nodes, 61168 on tree, 12 best solution, best possible 9 (637.53 seconds)
Cbc0010I After 3441375 nodes, 61265 on tree, 12 best solution, best possible 9 (638.23 seconds)
Cbc0010I After 3444805 nodes, 61155 on tree, 12 best solution, best possible 9 (638.93 seconds)
Cbc0010I After 3447773 nodes, 61109 on tree, 12 best solution, best possible 9 (639.63 seconds)
Cbc0010I After 3450527 nodes, 61467 on tree, 12 best solution, best possible 9 (640.33 seconds)
Cbc0010I After 3453796 nodes, 61295 on tree, 12 best solution, best possible 9 (641.03 seconds)
Cbc0010I After 3457379 nodes, 61044 on tree, 12 best solution, best possible 9 (641.73 seconds)
Cbc0010I After 3460910 nodes, 60591 on tree, 12 best solution, best possible 9 (642.43 seconds)
Cbc0010I After 3463231 nodes, 60997 on tree, 12 best solution, best possible 9 (643.13 seconds)
Cbc0010I After 3465887 nodes, 61178 on tree, 12 best solution, best possible 9 (643.83 seconds)
Cbc0010I After 3469330 nodes, 60928 on tree, 12 best solution, best possible 9 (644.53 seconds)
Cbc0010I After 3471842 nodes, 61149 on tree, 12 best solution, best possible 9 (645.24 seconds)
Cbc0010I After 3474707 nodes, 61345 on tree, 12 best solution, best possible 9 (645.94 seconds)
Cbc0010I After 3477962 nodes, 60865 on tree, 12 best solution, best possible 9 (646.64 seconds)
Cbc0010I After 3480647 nodes, 60985 on tree, 12 best solution, best possible 9 (647.34 seconds)
Cbc0010I After 3483594 nodes, 61366 on tree, 12 best solution, best possible 9 (648.04 seconds)
Cbc0010I After 3486717 nodes, 61364 on tree, 12 best solution, best possible 9 (648.74 seconds)
Cbc0010I After 3489946 nodes, 60987 on tree, 12 best solution, best possible 9 (649.44 seconds)
Cbc0010I After 3492998 nodes, 60945 on tree, 12 best solution, best possible 9 (650.14 seconds)
Cbc0010I After 3495866 nodes, 61066 on tree, 12 best solution, best possible 9 (650.84 seconds)
Cbc0010I After 3499103 nodes, 61071 on tree, 12 best solution, best possible 9 (651.54 seconds)
Cbc0010I After 3501815 nodes, 61288 on tree, 12 best solution, best possible 9 (652.24 seconds)
Cbc0010I After 3505316 nodes, 60956 on tree, 12 best solution, best possible 9 (652.94 seconds)
Cbc0010I After 3508763 nodes, 60516 on tree, 12 best solution, best possible 9 (653.64 seconds)
Cbc0010I After 3510929 nodes, 61116 on tree, 12 best solution, best possible 9 (654.34 seconds)
Cbc0010I After 3514079 nodes, 61090 on tree, 12 best solution, best possible 9 (655.04 seconds)
Cbc0010I After 3517424 nodes, 61007 on tree, 12 best solution, best possible 9 (655.74 seconds)
Cbc0010I After 3520000 nodes, 61234 on tree, 12 best solution, best possible 9 (656.45 seconds)
Cbc0010I After 3523052 nodes, 61177 on tree, 12 best solution, best possible 9 (657.15 seconds)
Cbc0010I After 3526102 nodes, 61019 on tree, 12 best solution, best possible 9 (657.85 seconds)
Cbc0010I After 3529333 nodes, 61090 on tree, 12 best solution, best possible 9 (658.55 seconds)
Cbc0010I After 3533001 nodes, 60520 on tree, 12 best solution, best possible 9 (659.25 seconds)
Cbc0010I After 3534958 nodes, 61306 on tree, 12 best solution, best possible 9 (659.95 seconds)
Cbc0010I After 3538147 nodes, 61244 on tree, 12 best solution, best possible 9 (660.65 seconds)
Cbc0010I After 3541715 nodes, 61105 on tree, 12 best solution, best possible 9 (661.35 seconds)
Cbc0010I After 3545095 nodes, 60861 on tree, 12 best solution, best possible 9 (662.05 seconds)
Cbc0010I After 3547878 nodes, 60998 on tree, 12 best solution, best possible 9 (662.75 seconds)
Cbc0010I After 3550568 nodes, 61053 on tree, 12 best solution, best possible 9 (663.45 seconds)
Cbc0010I After 3554072 nodes, 60872 on tree, 12 best solution, best possible 9 (664.15 seconds)
Cbc0010I After 3557229 nodes, 61466 on tree, 12 best solution, best possible 9 (664.85 seconds)
Cbc0010I After 3561280 nodes, 61465 on tree, 12 best solution, best possible 9 (665.55 seconds)
Cbc0010I After 3565630 nodes, 61466 on tree, 12 best solution, best possible 9 (666.25 seconds)
Cbc0010I After 3569896 nodes, 61465 on tree, 12 best solution, best possible 9 (666.96 seconds)
Cbc0010I After 3574084 nodes, 61467 on tree, 12 best solution, best possible 9 (667.66 seconds)
Cbc0010I After 3578190 nodes, 61223 on tree, 12 best solution, best possible 9 (668.36 seconds)
Cbc0010I After 3581638 nodes, 61130 on tree, 12 best solution, best possible 9 (669.06 seconds)
Cbc0010I After 3585104 nodes, 60995 on tree, 12 best solution, best possible 9 (669.76 seconds)
Cbc0010I After 3588048 nodes, 61021 on tree, 12 best solution, best possible 9 (670.46 seconds)
Cbc0010I After 3590740 nodes, 61099 on tree, 12 best solution, best possible 9 (671.16 seconds)
Cbc0010I After 3594114 nodes, 61073 on tree, 12 best solution, best possible 9 (671.86 seconds)
Cbc0010I After 3597345 nodes, 61050 on tree, 12 best solution, best possible 9.2 (672.56 seconds)
Cbc0010I After 3599981 nodes, 61442 on tree, 12 best solution, best possible 9.5 (673.26 seconds)
Cbc0010I After 3603779 nodes, 61072 on tree, 12 best solution, best possible 9.5 (673.96 seconds)
Cbc0010I After 3606870 nodes, 61130 on tree, 12 best solution, best possible 9.5 (674.66 seconds)
Cbc0010I After 3609950 nodes, 61214 on tree, 12 best solution, best possible 9.5 (675.36 seconds)
Cbc0010I After 3613700 nodes, 61165 on tree, 12 best solution, best possible 9.5 (676.06 seconds)
Cbc0010I After 3617492 nodes, 61027 on tree, 12 best solution, best possible 9.5 (676.76 seconds)
Cbc0010I After 3620643 nodes, 61158 on tree, 12 best solution, best possible 9.5 (677.46 seconds)
Cbc0010I After 3624052 nodes, 61126 on tree, 12 best solution, best possible 9.6666667 (678.16 seconds)
Cbc0010I After 3627544 nodes, 61127 on tree, 12 best solution, best possible 10 (678.87 seconds)
Cbc0010I After 3631608 nodes, 61126 on tree, 12 best solution, best possible 10 (679.57 seconds)
Cbc0010I After 3635343 nodes, 61126 on tree, 12 best solution, best possible 10 (680.27 seconds)
Cbc0010I After 3639085 nodes, 61126 on tree, 12 best solution, best possible 10 (680.97 seconds)
Cbc0010I After 3642805 nodes, 61130 on tree, 12 best solution, best possible 10 (681.67 seconds)
Cbc0010I After 3646677 nodes, 61126 on tree, 12 best solution, best possible 10 (682.37 seconds)
Cbc0010I After 3650497 nodes, 61125 on tree, 12 best solution, best possible 10 (683.07 seconds)
Cbc0010I After 3654264 nodes, 61125 on tree, 12 best solution, best possible 10 (683.77 seconds)
Cbc0010I After 3658062 nodes, 61125 on tree, 12 best solution, best possible 10 (684.47 seconds)
Cbc0010I After 3661977 nodes, 61126 on tree, 12 best solution, best possible 10 (685.17 seconds)
Cbc0010I After 3665644 nodes, 61126 on tree, 12 best solution, best possible 10 (685.87 seconds)
Cbc0010I After 3669375 nodes, 61128 on tree, 12 best solution, best possible 10 (686.57 seconds)
Cbc0010I After 3673187 nodes, 61125 on tree, 12 best solution, best possible 10 (687.27 seconds)
Cbc0010I After 3676956 nodes, 61128 on tree, 12 best solution, best possible 10 (687.97 seconds)
Cbc0010I After 3680699 nodes, 61103 on tree, 12 best solution, best possible 10 (688.67 seconds)
Cbc0010I After 3683974 nodes, 61339 on tree, 12 best solution, best possible 10 (689.37 seconds)
Cbc0010I After 3687619 nodes, 61073 on tree, 12 best solution, best possible 10 (690.07 seconds)
Cbc0010I After 3690862 nodes, 61138 on tree, 12 best solution, best possible 10 (690.77 seconds)
Cbc0010I After 3694173 nodes, 60911 on tree, 12 best solution, best possible 10 (691.48 seconds)
Cbc0010I After 3697234 nodes, 60931 on tree, 12 best solution, best possible 10 (692.18 seconds)
Cbc0010I After 3700467 nodes, 60832 on tree, 12 best solution, best possible 10 (692.88 seconds)
Cbc0010I After 3703308 nodes, 60865 on tree, 12 best solution, best possible 10 (693.58 seconds)
Cbc0010I After 3706231 nodes, 60741 on tree, 12 best solution, best possible 10 (694.28 seconds)
Cbc0010I After 3709170 nodes, 60920 on tree, 12 best solution, best possible 10 (694.98 seconds)
Cbc0010I After 3712210 nodes, 61087 on tree, 12 best solution, best possible 10 (695.68 seconds)
Cbc0010I After 3715474 nodes, 61138 on tree, 12 best solution, best possible 10 (696.38 seconds)
Cbc0010I After 3719172 nodes, 60991 on tree, 12 best solution, best possible 10 (697.08 seconds)
Cbc0010I After 3722367 nodes, 61314 on tree, 12 best solution, best possible 10 (697.78 seconds)
Cbc0010I After 3725912 nodes, 60850 on tree, 12 best solution, best possible 10 (698.48 seconds)
Cbc0010I After 3729057 nodes, 60679 on tree, 12 best solution, best possible 10 (699.18 seconds)
Cbc0010I After 3731685 nodes, 61226 on tree, 12 best solution, best possible 10 (699.88 seconds)
Cbc0010I After 3734784 nodes, 61314 on tree, 12 best solution, best possible 10 (700.58 seconds)
Cbc0010I After 3738438 nodes, 60312 on tree, 12 best solution, best possible 10 (701.28 seconds)
Cbc0010I After 3741365 nodes, 60237 on tree, 12 best solution, best possible 10 (701.98 seconds)
Cbc0010I After 3743881 nodes, 60678 on tree, 12 best solution, best possible 10 (702.69 seconds)
Cbc0010I After 3746848 nodes, 60466 on tree, 12 best solution, best possible 10 (703.39 seconds)
Cbc0010I After 3749735 nodes, 60491 on tree, 12 best solution, best possible 10 (704.09 seconds)
Cbc0010I After 3752548 nodes, 60599 on tree, 12 best solution, best possible 10 (704.79 seconds)
Cbc0010I After 3755300 nodes, 60531 on tree, 12 best solution, best possible 10 (705.49 seconds)
Cbc0010I After 3758386 nodes, 60319 on tree, 12 best solution, best possible 10 (706.19 seconds)
Cbc0010I After 3761012 nodes, 60816 on tree, 12 best solution, best possible 10 (706.89 seconds)
Cbc0010I After 3763637 nodes, 61027 on tree, 12 best solution, best possible 10 (707.59 seconds)
Cbc0010I After 3767024 nodes, 61233 on tree, 12 best solution, best possible 10 (708.29 seconds)
Cbc0010I After 3770664 nodes, 61252 on tree, 12 best solution, best possible 10 (708.99 seconds)
Cbc0010I After 3774966 nodes, 61125 on tree, 12 best solution, best possible 10 (709.69 seconds)
Cbc0010I After 3778311 nodes, 61033 on tree, 12 best solution, best possible 10 (710.39 seconds)
Cbc0010I After 3781481 nodes, 61253 on tree, 12 best solution, best possible 10 (711.09 seconds)
Cbc0010I After 3785140 nodes, 61088 on tree, 12 best solution, best possible 10 (711.79 seconds)
Cbc0010I After 3788977 nodes, 60402 on tree, 12 best solution, best possible 10 (712.49 seconds)
Cbc0010I After 3791559 nodes, 61018 on tree, 12 best solution, best possible 10 (713.19 seconds)
Cbc0010I After 3794615 nodes, 60745 on tree, 12 best solution, best possible 10 (713.89 seconds)
Cbc0010I After 3797775 nodes, 60767 on tree, 12 best solution, best possible 10 (714.60 seconds)
Cbc0010I After 3800809 nodes, 61032 on tree, 12 best solution, best possible 10 (715.30 seconds)
Cbc0010I After 3803996 nodes, 61111 on tree, 12 best solution, best possible 10 (716.00 seconds)
Cbc0010I After 3807222 nodes, 61065 on tree, 12 best solution, best possible 10 (716.70 seconds)
Cbc0010I After 3810353 nodes, 61035 on tree, 12 best solution, best possible 10 (717.40 seconds)
Cbc0010I After 3813502 nodes, 61114 on tree, 12 best solution, best possible 10 (718.10 seconds)
Cbc0010I After 3817492 nodes, 60969 on tree, 12 best solution, best possible 10 (718.80 seconds)
Cbc0010I After 3821218 nodes, 60162 on tree, 12 best solution, best possible 10 (719.50 seconds)
Cbc0010I After 3823814 nodes, 60739 on tree, 12 best solution, best possible 10 (720.20 seconds)
Cbc0010I After 3827230 nodes, 60815 on tree, 12 best solution, best possible 10 (720.90 seconds)
Cbc0010I After 3830112 nodes, 61397 on tree, 12 best solution, best possible 10 (721.60 seconds)
Cbc0010I After 3834015 nodes, 60921 on tree, 12 best solution, best possible 10 (722.30 seconds)
Cbc0010I After 3837419 nodes, 60544 on tree, 12 best solution, best possible 10 (723.00 seconds)
Cbc0010I After 3839951 nodes, 61244 on tree, 12 best solution, best possible 10 (723.70 seconds)
Cbc0010I After 3843508 nodes, 60988 on tree, 12 best solution, best possible 10 (724.40 seconds)
Cbc0010I After 3846662 nodes, 61102 on tree, 12 best solution, best possible 10 (725.10 seconds)
Cbc0010I After 3849987 nodes, 61089 on tree, 12 best solution, best possible 10 (725.80 seconds)
Cbc0010I After 3853603 nodes, 60366 on tree, 12 best solution, best possible 10 (726.51 seconds)
Cbc0010I After 3856646 nodes, 60359 on tree, 12 best solution, best possible 10 (727.21 seconds)
Cbc0010I After 3859502 nodes, 60637 on tree, 12 best solution, best possible 10 (727.91 seconds)
Cbc0010I After 3862597 nodes, 60712 on tree, 12 best solution, best possible 10 (728.61 seconds)
Cbc0010I After 3865832 nodes, 60587 on tree, 12 best solution, best possible 10 (729.31 seconds)
Cbc0010I After 3868779 nodes, 61110 on tree, 12 best solution, best possible 10 (730.01 seconds)
Cbc0010I After 3872248 nodes, 60904 on tree, 12 best solution, best possible 10 (730.71 seconds)
Cbc0010I After 3875854 nodes, 60870 on tree, 12 best solution, best possible 10 (731.41 seconds)
Cbc0010I After 3878973 nodes, 60969 on tree, 12 best solution, best possible 10 (732.11 seconds)
Cbc0010I After 3882677 nodes, 61243 on tree, 12 best solution, best possible 10 (732.81 seconds)
Cbc0010I After 3886271 nodes, 60689 on tree, 12 best solution, best possible 10 (733.51 seconds)
Cbc0010I After 3889474 nodes, 61200 on tree, 12 best solution, best possible 10 (734.21 seconds)
Cbc0010I After 3893258 nodes, 60866 on tree, 12 best solution, best possible 10 (734.91 seconds)
Cbc0010I After 3896234 nodes, 61093 on tree, 12 best solution, best possible 10 (735.61 seconds)
Cbc0010I After 3899893 nodes, 60871 on tree, 12 best solution, best possible 10 (736.31 seconds)
Cbc0010I After 3902976 nodes, 60797 on tree, 12 best solution, best possible 10 (737.02 seconds)
Cbc0010I After 3906344 nodes, 60313 on tree, 12 best solution, best possible 10 (737.72 seconds)
Cbc0010I After 3909584 nodes, 60203 on tree, 12 best solution, best possible 10 (738.42 seconds)
Cbc0010I After 3912532 nodes, 60370 on tree, 12 best solution, best possible 10 (739.12 seconds)
Cbc0010I After 3915236 nodes, 61010 on tree, 12 best solution, best possible 10 (739.82 seconds)
Cbc0010I After 3918747 nodes, 60948 on tree, 12 best solution, best possible 10 (740.52 seconds)
Cbc0010I After 3922026 nodes, 61344 on tree, 12 best solution, best possible 10 (741.22 seconds)
Cbc0010I After 3926021 nodes, 61330 on tree, 12 best solution, best possible 10 (741.92 seconds)
Cbc0010I After 3930179 nodes, 60849 on tree, 12 best solution, best possible 10 (742.62 seconds)
Cbc0010I After 3933693 nodes, 61200 on tree, 12 best solution, best possible 10 (743.32 seconds)
Cbc0010I After 3937416 nodes, 61063 on tree, 12 best solution, best possible 10 (744.02 seconds)
Cbc0010I After 3941233 nodes, 60816 on tree, 12 best solution, best possible 10 (744.72 seconds)
Cbc0010I After 3945157 nodes, 59805 on tree, 12 best solution, best possible 10 (745.42 seconds)
Cbc0010I After 3949424 nodes, 58128 on tree, 12 best solution, best possible 10 (746.12 seconds)
Cbc0010I After 3953720 nodes, 56380 on tree, 12 best solution, best possible 10 (746.82 seconds)
Cbc0010I After 3957562 nodes, 55291 on tree, 12 best solution, best possible 10 (747.53 seconds)
Cbc0010I After 3960530 nodes, 55413 on tree, 12 best solution, best possible 10 (748.23 seconds)
Cbc0010I After 3963498 nodes, 55623 on tree, 12 best solution, best possible 10 (748.93 seconds)
Cbc0010I After 3966666 nodes, 55797 on tree, 12 best solution, best possible 10 (749.63 seconds)
Cbc0010I After 3969877 nodes, 55856 on tree, 12 best solution, best possible 10 (750.33 seconds)
Cbc0010I After 3973437 nodes, 55413 on tree, 12 best solution, best possible 10 (751.03 seconds)
Cbc0010I After 3977138 nodes, 54930 on tree, 12 best solution, best possible 10 (751.73 seconds)
Cbc0010I After 3980447 nodes, 55529 on tree, 12 best solution, best possible 10 (752.43 seconds)
Cbc0010I After 3983536 nodes, 56118 on tree, 12 best solution, best possible 10 (753.13 seconds)
Cbc0010I After 3986644 nodes, 56626 on tree, 12 best solution, best possible 10 (753.83 seconds)
Cbc0010I After 3989934 nodes, 57301 on tree, 12 best solution, best possible 10 (754.53 seconds)
Cbc0010I After 3993815 nodes, 56321 on tree, 12 best solution, best possible 10 (755.23 seconds)
Cbc0010I After 3998015 nodes, 54601 on tree, 12 best solution, best possible 10 (755.93 seconds)
Cbc0010I After 4002380 nodes, 52583 on tree, 12 best solution, best possible 10 (756.63 seconds)
Cbc0010I After 4006989 nodes, 50683 on tree, 12 best solution, best possible 10 (757.33 seconds)
Cbc0010I After 4010789 nodes, 50223 on tree, 12 best solution, best possible 10 (758.03 seconds)
Cbc0010I After 4013939 nodes, 50370 on tree, 12 best solution, best possible 10 (758.73 seconds)
Cbc0010I After 4017109 nodes, 50502 on tree, 12 best solution, best possible 10 (759.43 seconds)
Cbc0010I After 4020210 nodes, 50840 on tree, 12 best solution, best possible 10 (760.14 seconds)
Cbc0010I After 4023301 nodes, 51500 on tree, 12 best solution, best possible 10 (760.84 seconds)
Cbc0010I After 4026818 nodes, 51740 on tree, 12 best solution, best possible 10 (761.54 seconds)
Cbc0010I After 4030358 nodes, 51673 on tree, 12 best solution, best possible 10 (762.24 seconds)
Cbc0010I After 4033912 nodes, 51508 on tree, 12 best solution, best possible 10 (762.94 seconds)
Cbc0010I After 4037625 nodes, 51365 on tree, 12 best solution, best possible 10 (763.64 seconds)
Cbc0010I After 4041465 nodes, 50447 on tree, 12 best solution, best possible 10 (764.34 seconds)
Cbc0010I After 4045553 nodes, 48915 on tree, 12 best solution, best possible 10 (765.04 seconds)
Cbc0010I After 4049638 nodes, 47225 on tree, 12 best solution, best possible 10 (765.74 seconds)
Cbc0010I After 4053754 nodes, 45622 on tree, 12 best solution, best possible 10 (766.44 seconds)
Cbc0010I After 4057916 nodes, 44269 on tree, 12 best solution, best possible 10 (767.14 seconds)
Cbc0010I After 4061731 nodes, 43524 on tree, 12 best solution, best possible 10 (767.84 seconds)
Cbc0010I After 4065746 nodes, 43017 on tree, 12 best solution, best possible 10 (768.54 seconds)
Cbc0010I After 4069109 nodes, 43191 on tree, 12 best solution, best possible 10 (769.24 seconds)
Cbc0010I After 4072478 nodes, 43542 on tree, 12 best solution, best possible 10 (769.94 seconds)
Cbc0010I After 4075623 nodes, 43869 on tree, 12 best solution, best possible 10 (770.64 seconds)
Cbc0010I After 4078904 nodes, 44181 on tree, 12 best solution, best possible 10 (771.34 seconds)
Cbc0010I After 4082532 nodes, 43836 on tree, 12 best solution, best possible 10 (772.04 seconds)
Cbc0010I After 4086039 nodes, 43768 on tree, 12 best solution, best possible 10 (772.74 seconds)
Cbc0010I After 4090244 nodes, 42055 on tree, 12 best solution, best possible 10 (773.44 seconds)
Cbc0010I After 4094581 nodes, 40251 on tree, 12 best solution, best possible 10 (774.14 seconds)
Cbc0010I After 4098592 nodes, 38841 on tree, 12 best solution, best possible 10 (774.85 seconds)
Cbc0010I After 4102457 nodes, 37505 on tree, 12 best solution, best possible 10 (775.55 seconds)
Cbc0010I After 4106940 nodes, 35712 on tree, 12 best solution, best possible 10 (776.25 seconds)
Cbc0010I After 4110778 nodes, 34969 on tree, 12 best solution, best possible 10 (776.95 seconds)
Cbc0010I After 4114756 nodes, 34607 on tree, 12 best solution, best possible 10 (777.65 seconds)
Cbc0010I After 4118244 nodes, 34387 on tree, 12 best solution, best possible 10 (778.35 seconds)
Cbc0010I After 4121603 nodes, 34590 on tree, 12 best solution, best possible 10 (779.05 seconds)
Cbc0010I After 4125106 nodes, 34762 on tree, 12 best solution, best possible 10 (779.75 seconds)
Cbc0010I After 4128245 nodes, 35065 on tree, 12 best solution, best possible 10 (780.45 seconds)
Cbc0010I After 4131846 nodes, 34871 on tree, 12 best solution, best possible 10 (781.15 seconds)
Cbc0010I After 4135461 nodes, 34409 on tree, 12 best solution, best possible 10 (781.85 seconds)
Cbc0010I After 4139182 nodes, 33768 on tree, 12 best solution, best possible 10 (782.55 seconds)
Cbc0010I After 4143219 nodes, 32504 on tree, 12 best solution, best possible 10 (783.25 seconds)
Cbc0010I After 4147379 nodes, 30975 on tree, 12 best solution, best possible 10.333333 (783.95 seconds)
Cbc0010I After 4152332 nodes, 28389 on tree, 12 best solution, best possible 10.5 (784.65 seconds)
Cbc0010I After 4157268 nodes, 26044 on tree, 12 best solution, best possible 10.5 (785.35 seconds)
Cbc0010I After 4161649 nodes, 25094 on tree, 12 best solution, best possible 10.5 (786.05 seconds)
Cbc0010I After 4165962 nodes, 24617 on tree, 12 best solution, best possible 10.5 (786.75 seconds)
Cbc0010I After 4170322 nodes, 23981 on tree, 12 best solution, best possible 11 (787.45 seconds)
Cbc0010I After 4173946 nodes, 24293 on tree, 12 best solution, best possible 11 (788.15 seconds)
Cbc0010I After 4179348 nodes, 21051 on tree, 12 best solution, best possible 11 (788.85 seconds)
Cbc0010I After 4184931 nodes, 17483 on tree, 12 best solution, best possible 11 (789.55 seconds)
Cbc0010I After 4189291 nodes, 16730 on tree, 12 best solution, best possible 11 (790.25 seconds)
Cbc0010I After 4193687 nodes, 16635 on tree, 12 best solution, best possible 11 (790.95 seconds)
Cbc0010I After 4198850 nodes, 14148 on tree, 12 best solution, best possible 11 (791.65 seconds)
Cbc0010I After 4204347 nodes, 10887 on tree, 12 best solution, best possible 11 (792.35 seconds)
Cbc0010I After 4208685 nodes, 10640 on tree, 12 best solution, best possible 11 (793.05 seconds)
Cbc0010I After 4213568 nodes, 8526 on tree, 12 best solution, best possible 11 (793.75 seconds)
Cbc0010I After 4218207 nodes, 7127 on tree, 12 best solution, best possible 11 (794.45 seconds)
Cbc0010I After 4223604 nodes, 4390 on tree, 12 best solution, best possible 11 (795.15 seconds)
Cbc0010I After 4228313 nodes, 2935 on tree, 12 best solution, best possible 11 (795.85 seconds)
Cbc0010I After 4232861 nodes, 1399 on tree, 12 best solution, best possible 11 (796.55 seconds)
Cbc0030I Thread 0 used 4236816 times,  waiting to start 1.6047626, 774.56591 cpu time, 24920056 locks, 54.166563 locked, 0.96879172 waiting for locks
Cbc0030I Main thread 763.2906 waiting for threads,  29663114 locks, 9.8084803 locked, 1.1289546 waiting for locks
Cbc0001I Search completed - best objective 12, took 12410422 iterations and 4236816 nodes (797.22 seconds)
Cbc0032I Strong branching done 3698972 times (17766916 iterations), fathomed 569756 nodes and fixed 794665 variables
Cbc0035I Maximum depth 72, 44587244 variables fixed on reduced cost
