[Z3xZ3xZ3xZ5] |G|=135 |Aut|=44928  order=true j=22 par-ply=10 cap=700000000
  [  15s] nodes=18910 memo=15942 rss=64MB
  [  30s] nodes=51075 memo=42342 rss=64MB
  [  45s] nodes=80405 memo=66928 rss=64MB
  [  60s] nodes=109359 memo=90122 rss=65MB
  [  75s] nodes=137505 memo=112321 rss=66MB
  [  90s] nodes=164443 memo=133637 rss=66MB
  [ 105s] nodes=191984 memo=156022 rss=66MB
  [ 120s] nodes=218704 memo=177510 rss=66MB
  [ 135s] nodes=245730 memo=200179 rss=70MB
  [ 150s] nodes=273791 memo=224974 rss=70MB
  [ 165s] nodes=300365 memo=248499 rss=71MB
  [ 180s] nodes=321571 memo=267630 rss=71MB
  [ 195s] nodes=342819 memo=287374 rss=71MB
  [ 210s] nodes=369749 memo=312240 rss=71MB
  [ 225s] nodes=395063 memo=335699 rss=71MB
  [ 240s] nodes=419480 memo=358504 rss=72MB
  [ 255s] nodes=445023 memo=382090 rss=80MB
  [ 270s] nodes=469972 memo=405250 rss=83MB
  [ 285s] nodes=495815 memo=429072 rss=83MB
  [ 300s] nodes=520555 memo=451768 rss=83MB
  [ 315s] nodes=544987 memo=474117 rss=83MB
  [ 330s] nodes=569612 memo=496682 rss=83MB
  [ 345s] nodes=594811 memo=519604 rss=83MB
  [ 360s] nodes=619812 memo=542556 rss=83MB
  [ 375s] nodes=644158 memo=564991 rss=83MB
  [ 390s] nodes=668614 memo=587429 rss=83MB
  [ 405s] nodes=693218 memo=609888 rss=83MB
  [ 420s] nodes=716667 memo=631450 rss=83MB
  [ 435s] nodes=740494 memo=653316 rss=80MB
  [ 450s] nodes=763826 memo=674568 rss=80MB
  [ 465s] nodes=786923 memo=694907 rss=80MB
  [ 480s] nodes=810787 memo=715864 rss=82MB
  [ 495s] nodes=834423 memo=737240 rss=93MB
  [ 510s] nodes=859424 memo=760310 rss=104MB
  [ 525s] nodes=884749 memo=783514 rss=104MB
  [ 540s] nodes=909928 memo=806687 rss=104MB
  [ 555s] nodes=932547 memo=827507 rss=104MB
  [ 570s] nodes=953138 memo=846578 rss=104MB
  [ 585s] nodes=973455 memo=865418 rss=104MB
  [ 600s] nodes=993403 memo=883879 rss=104MB
  [ 615s] nodes=1013497 memo=902443 rss=104MB
  [ 630s] nodes=1034753 memo=921371 rss=104MB
  [ 645s] nodes=1055274 memo=939263 rss=104MB
  [ 660s] nodes=1075458 memo=957269 rss=104MB
  [ 675s] nodes=1096545 memo=976697 rss=104MB
  [ 690s] nodes=1117360 memo=996507 rss=104MB
  [ 705s] nodes=1138116 memo=1016570 rss=104MB
  [ 720s] nodes=1158505 memo=1036130 rss=104MB
  [ 735s] nodes=1179437 memo=1056255 rss=104MB
  [ 750s] nodes=1200529 memo=1076795 rss=100MB
  [ 765s] nodes=1221532 memo=1097737 rss=100MB
  [ 780s] nodes=1242214 memo=1118438 rss=100MB
  [ 795s] nodes=1263318 memo=1139538 rss=100MB
  [ 810s] nodes=1284468 memo=1160549 rss=100MB
  [ 825s] nodes=1306093 memo=1181723 rss=100MB
  [ 840s] nodes=1325819 memo=1200823 rss=100MB
  [ 855s] nodes=1346199 memo=1220522 rss=100MB
  [ 870s] nodes=1366879 memo=1240549 rss=100MB
  [ 885s] nodes=1386552 memo=1259550 rss=100MB
  [ 900s] nodes=1406354 memo=1278723 rss=100MB
  [ 915s] nodes=1426539 memo=1298323 rss=100MB
  [ 930s] nodes=1446936 memo=1318670 rss=100MB
  [ 945s] nodes=1466610 memo=1338234 rss=100MB
  [ 960s] nodes=1486002 memo=1357609 rss=100MB
  [ 975s] nodes=1505415 memo=1377037 rss=100MB
  [ 990s] nodes=1524864 memo=1396346 rss=100MB
  [1005s] nodes=1544573 memo=1415401 rss=100MB
  [1020s] nodes=1564028 memo=1434284 rss=101MB
  [1035s] nodes=1584057 memo=1454311 rss=114MB
  [1050s] nodes=1603957 memo=1474217 rss=130MB
  [1065s] nodes=1624516 memo=1494779 rss=138MB
  [1080s] nodes=1645079 memo=1515345 rss=138MB
  [1095s] nodes=1665012 memo=1535160 rss=138MB
  [1110s] nodes=1685125 memo=1554605 rss=138MB
  [1125s] nodes=1704990 memo=1573748 rss=138MB
  [1140s] nodes=1723816 memo=1592043 rss=138MB
  [1155s] nodes=1743756 memo=1610934 rss=138MB
  [1170s] nodes=1763272 memo=1628808 rss=138MB
  [1185s] nodes=1781958 memo=1645959 rss=138MB
  [1200s] nodes=1801826 memo=1664185 rss=138MB
  [1215s] nodes=1821655 memo=1682486 rss=138MB
  [1230s] nodes=1840911 memo=1700497 rss=138MB
  [1245s] nodes=1859977 memo=1718846 rss=138MB
  [1260s] nodes=1879527 memo=1737627 rss=138MB
  [1275s] nodes=1899910 memo=1757323 rss=138MB
  [1290s] nodes=1919180 memo=1776514 rss=138MB
  [1305s] nodes=1939048 memo=1796388 rss=137MB
  [1320s] nodes=1958855 memo=1816178 rss=137MB
  [1335s] nodes=1978286 memo=1835102 rss=137MB
  [1350s] nodes=1997679 memo=1853736 rss=137MB
  [1365s] nodes=2017087 memo=1872604 rss=137MB
  [1380s] nodes=2036441 memo=1891935 rss=137MB
  [1395s] nodes=2054983 memo=1910325 rss=137MB
  [1410s] nodes=2072750 memo=1928099 rss=137MB
  [1425s] nodes=2091584 memo=1946935 rss=137MB
  [1440s] nodes=2110538 memo=1965616 rss=137MB
  [1455s] nodes=2129616 memo=1984525 rss=137MB
  [1470s] nodes=2147745 memo=2002511 rss=137MB
  [1485s] nodes=2165707 memo=2020491 rss=137MB
  [1500s] nodes=2183797 memo=2038580 rss=137MB
  [1515s] nodes=2203121 memo=2057910 rss=137MB
  [1530s] nodes=2222273 memo=2077050 rss=137MB
  [1545s] nodes=2240758 memo=2095513 rss=137MB
  [1560s] nodes=2259824 memo=2114568 rss=137MB
  [1575s] nodes=2275518 memo=2130220 rss=137MB
  [1590s] nodes=2292507 memo=2147183 rss=137MB
  [1605s] nodes=2309907 memo=2164596 rss=137MB
  [1620s] nodes=2327674 memo=2182323 rss=137MB
  [1635s] nodes=2345383 memo=2200048 rss=137MB
  [1650s] nodes=2362942 memo=2217604 rss=137MB
  [1665s] nodes=2378840 memo=2233338 rss=137MB
  [1680s] nodes=2397541 memo=2252038 rss=137MB
  [1695s] nodes=2416077 memo=2270553 rss=137MB
  [1710s] nodes=2432002 memo=2286495 rss=137MB
  [1725s] nodes=2449437 memo=2303943 rss=137MB
  [1740s] nodes=2467063 memo=2321368 rss=137MB
  [1755s] nodes=2480729 memo=2335022 rss=137MB
  [1770s] nodes=2498614 memo=2352919 rss=137MB
  [1785s] nodes=2515708 memo=2370007 rss=137MB
  [1800s] nodes=2532788 memo=2387099 rss=137MB
  [1815s] nodes=2551242 memo=2405120 rss=137MB
  [1830s] nodes=2569845 memo=2423236 rss=137MB
  [1845s] nodes=2589097 memo=2440884 rss=137MB
  [1860s] nodes=2599095 memo=2450553 rss=137MB
  [1875s] nodes=2606248 memo=2457722 rss=137MB
  [1890s] nodes=2619211 memo=2470655 rss=137MB
  [1905s] nodes=2638571 memo=2489995 rss=137MB
  [1920s] nodes=2656862 memo=2508311 rss=137MB
  [1935s] nodes=2674069 memo=2525425 rss=137MB
  [1950s] nodes=2691910 memo=2543215 rss=137MB
  [1965s] nodes=2709428 memo=2560747 rss=137MB
  [1980s] nodes=2727019 memo=2578338 rss=137MB
  [1995s] nodes=2745769 memo=2597084 rss=137MB
  [2010s] nodes=2757524 memo=2608844 rss=137MB
  [2025s] nodes=2765330 memo=2616673 rss=137MB
  [2040s] nodes=2778689 memo=2630017 rss=137MB
  [2055s] nodes=2797241 memo=2648534 rss=137MB
  [2070s] nodes=2815618 memo=2666227 rss=137MB
  [2085s] nodes=2828295 memo=2678472 rss=137MB
  [2100s] nodes=2835577 memo=2685497 rss=137MB
  [2115s] nodes=2847635 memo=2697007 rss=137MB
  [2130s] nodes=2865995 memo=2713875 rss=137MB
  [2145s] nodes=2883824 memo=2730964 rss=137MB
  [2160s] nodes=2901782 memo=2748232 rss=137MB
  [2175s] nodes=2919470 memo=2765061 rss=137MB
  [2190s] nodes=2936710 memo=2781679 rss=137MB
  [2205s] nodes=2954344 memo=2798620 rss=137MB
  [2220s] nodes=2972597 memo=2816135 rss=137MB
  [2235s] nodes=2990829 memo=2832954 rss=137MB
  [2250s] nodes=3008767 memo=2849256 rss=137MB
  [2265s] nodes=3027107 memo=2866750 rss=137MB
  [2280s] nodes=3044947 memo=2883761 rss=142MB
  [2295s] nodes=3061487 memo=2899700 rss=154MB
  [2310s] nodes=3077670 memo=2915103 rss=171MB
  [2325s] nodes=3094077 memo=2930788 rss=193MB
  [2340s] nodes=3110964 memo=2946995 rss=208MB
  [2355s] nodes=3127397 memo=2962789 rss=208MB
  [2370s] nodes=3142375 memo=2977258 rss=208MB
  [2385s] nodes=3157615 memo=2991954 rss=212MB
  [2400s] nodes=3173086 memo=3006347 rss=217MB
  [2415s] nodes=3189608 memo=3022178 rss=222MB
  [2430s] nodes=3206987 memo=3038797 rss=224MB
  [2445s] nodes=3224662 memo=3055668 rss=225MB
  [2460s] nodes=3241518 memo=3071904 rss=225MB
  [2475s] nodes=3258408 memo=3087899 rss=225MB
  [2490s] nodes=3275175 memo=3103893 rss=225MB
  [2505s] nodes=3291911 memo=3119341 rss=225MB
  [2520s] nodes=3308766 memo=3134850 rss=225MB
  [2535s] nodes=3325341 memo=3149333 rss=225MB
  [2550s] nodes=3341110 memo=3163181 rss=225MB
  [2565s] nodes=3355888 memo=3176472 rss=225MB
  [2580s] nodes=3370284 memo=3189715 rss=213MB
  [2595s] nodes=3386578 memo=3205123 rss=213MB
  [2610s] nodes=3403564 memo=3221744 rss=213MB
  [2625s] nodes=3420594 memo=3238753 rss=213MB
  [2640s] nodes=3438318 memo=3256393 rss=213MB
  [2655s] nodes=3455458 memo=3273317 rss=213MB
  [2670s] nodes=3473934 memo=3290916 rss=213MB
  [2685s] nodes=3491186 memo=3306847 rss=213MB
  [2700s] nodes=3507374 memo=3321731 rss=213MB
  [2715s] nodes=3523290 memo=3337014 rss=213MB
  [2730s] nodes=3542659 memo=3355025 rss=213MB
  [2745s] nodes=3561669 memo=3372319 rss=213MB
  [2760s] nodes=3579126 memo=3388917 rss=213MB
  [2775s] nodes=3596063 memo=3405174 rss=213MB
  [2790s] nodes=3613713 memo=3421893 rss=213MB
  [2805s] nodes=3631611 memo=3438293 rss=213MB
  [2820s] nodes=3649479 memo=3454561 rss=213MB
  [2835s] nodes=3665736 memo=3469179 rss=213MB
  [2850s] nodes=3683075 memo=3485022 rss=213MB
  [2865s] nodes=3699331 memo=3500660 rss=213MB
  [2880s] nodes=3717008 memo=3517696 rss=213MB
  [2895s] nodes=3734070 memo=3534130 rss=213MB
  [2910s] nodes=3751384 memo=3551212 rss=213MB
  [2925s] nodes=3769300 memo=3569131 rss=213MB
  [2940s] nodes=3787685 memo=3586973 rss=213MB
  [2955s] nodes=3806985 memo=3605382 rss=213MB
  [2970s] nodes=3825054 memo=3622336 rss=213MB
  [2985s] nodes=3841901 memo=3637536 rss=213MB
  [3000s] nodes=3859032 memo=3653032 rss=213MB
  [3015s] nodes=3875320 memo=3667184 rss=213MB
  [3030s] nodes=3892595 memo=3682808 rss=213MB
  [3045s] nodes=3909956 memo=3697998 rss=213MB
  [3060s] nodes=3927654 memo=3713374 rss=213MB
  [3075s] nodes=3944560 memo=3728462 rss=213MB
  [3090s] nodes=3960171 memo=3743088 rss=213MB
  [3105s] nodes=3976769 memo=3757440 rss=213MB
  [3120s] nodes=3993266 memo=3772409 rss=213MB
  [3135s] nodes=4010464 memo=3788202 rss=213MB
  [3150s] nodes=4027496 memo=3804335 rss=213MB
  [3165s] nodes=4043548 memo=3819362 rss=213MB
  [3180s] nodes=4058966 memo=3833756 rss=213MB
  [3195s] nodes=4076072 memo=3849270 rss=213MB
  [3210s] nodes=4093185 memo=3865764 rss=213MB
  [3225s] nodes=4109363 memo=3880391 rss=213MB
  [3240s] nodes=4126253 memo=3895760 rss=213MB
  [3255s] nodes=4143291 memo=3911563 rss=213MB
  [3270s] nodes=4161516 memo=3928831 rss=213MB
  [3285s] nodes=4178888 memo=3945382 rss=213MB
  [3300s] nodes=4195490 memo=3960379 rss=213MB
  [3315s] nodes=4212354 memo=3976323 rss=213MB
  [3330s] nodes=4229250 memo=3993190 rss=213MB
  [3345s] nodes=4245469 memo=4008455 rss=213MB
  [3360s] nodes=4262854 memo=4025282 rss=213MB
  [3375s] nodes=4280717 memo=4042691 rss=213MB
  [3390s] nodes=4297447 memo=4058359 rss=213MB
  [3405s] nodes=4313763 memo=4072694 rss=213MB
  [3420s] nodes=4328959 memo=4087470 rss=213MB
  [3435s] nodes=4345957 memo=4104228 rss=213MB
  [3450s] nodes=4363879 memo=4121275 rss=213MB
  [3465s] nodes=4380615 memo=4137804 rss=213MB
  [3480s] nodes=4398166 memo=4154663 rss=213MB
  [3495s] nodes=4415166 memo=4170675 rss=213MB
  [3510s] nodes=4432285 memo=4186667 rss=213MB
  [3525s] nodes=4448455 memo=4201710 rss=213MB
  [3540s] nodes=4464731 memo=4216252 rss=213MB
  [3555s] nodes=4479673 memo=4229920 rss=213MB
  [3570s] nodes=4495832 memo=4244401 rss=213MB
  [3585s] nodes=4511101 memo=4257669 rss=213MB
  [3600s] nodes=4525511 memo=4270130 rss=213MB
  [3615s] nodes=4542770 memo=4284882 rss=213MB
  [3630s] nodes=4559187 memo=4300385 rss=213MB
  [3645s] nodes=4574946 memo=4314298 rss=213MB
  [3660s] nodes=4590785 memo=4328033 rss=213MB
  [3675s] nodes=4606662 memo=4342371 rss=213MB
  [3690s] nodes=4622294 memo=4355735 rss=213MB
  [3705s] nodes=4638131 memo=4369145 rss=213MB
  [3720s] nodes=4653178 memo=4382860 rss=213MB
  [3735s] nodes=4667231 memo=4395248 rss=213MB
  [3750s] nodes=4681633 memo=4408110 rss=213MB
  [3765s] nodes=4697083 memo=4421707 rss=213MB
  [3780s] nodes=4711793 memo=4434137 rss=213MB
  [3795s] nodes=4724074 memo=4444737 rss=213MB
  [3810s] nodes=4733104 memo=4452575 rss=213MB
  [3825s] nodes=4742413 memo=4460579 rss=213MB
  [3840s] nodes=4750060 memo=4465715 rss=213MB
  [3855s] nodes=4762005 memo=4474282 rss=213MB
  [3870s] nodes=4773445 memo=4481973 rss=213MB
  [3885s] nodes=4781507 memo=4486909 rss=213MB
  [3900s] nodes=4790661 memo=4493169 rss=213MB
  [3915s] nodes=4803306 memo=4502387 rss=213MB
  [3930s] nodes=4812130 memo=4508734 rss=213MB
  [3945s] nodes=4817309 memo=4512816 rss=213MB
  [3960s] nodes=4820915 memo=4515483 rss=213MB
  [3975s] nodes=4822915 memo=4517034 rss=213MB
  [3990s] nodes=4824898 memo=4518888 rss=213MB
  [4005s] nodes=4838157 memo=4530360 rss=213MB
  [4020s] nodes=4843337 memo=4534457 rss=213MB
  [4035s] nodes=4845537 memo=4535657 rss=213MB
  [4050s] nodes=4847829 memo=4536961 rss=213MB
  [4065s] nodes=4850277 memo=4538679 rss=213MB
  [4080s] nodes=4852614 memo=4541017 rss=213MB
  [4095s] nodes=4855634 memo=4543721 rss=213MB
  [4110s] nodes=4869615 memo=4556122 rss=213MB
  [4125s] nodes=4884187 memo=4569485 rss=213MB
  [4140s] nodes=4898665 memo=4580710 rss=213MB
  [4155s] nodes=4913754 memo=4593020 rss=213MB
  [4170s] nodes=4927864 memo=4602863 rss=213MB
  [4185s] nodes=4943581 memo=4612890 rss=213MB
  [4200s] nodes=4959746 memo=4623310 rss=213MB
  [4215s] nodes=4974903 memo=4632055 rss=213MB
  [4230s] nodes=4989554 memo=4640891 rss=213MB
  [4245s] nodes=5000349 memo=4647929 rss=213MB
  [4260s] nodes=5008302 memo=4652118 rss=213MB
  [4275s] nodes=5012645 memo=4653287 rss=213MB
  [4290s] nodes=5016897 memo=4654433 rss=213MB
  [4305s] nodes=5021069 memo=4655540 rss=213MB
  [4320s] nodes=5033875 memo=4664420 rss=213MB
  [4335s] nodes=5059004 memo=4685727 rss=213MB
  [4350s] nodes=5083792 memo=4706745 rss=213MB
  [4365s] nodes=5108776 memo=4728899 rss=213MB
  [4380s] nodes=5133675 memo=4751208 rss=213MB
  [4395s] nodes=5158204 memo=4772569 rss=213MB
  [4410s] nodes=5181583 memo=4792470 rss=213MB
  [4425s] nodes=5205221 memo=4812386 rss=213MB
  [4440s] nodes=5228017 memo=4831809 rss=213MB
  [4455s] nodes=5249876 memo=4850474 rss=213MB
  [4470s] nodes=5272337 memo=4869509 rss=213MB
  [4485s] nodes=5294788 memo=4888683 rss=213MB
  [4500s] nodes=5317620 memo=4908892 rss=213MB
  [4515s] nodes=5341177 memo=4929942 rss=213MB
  [4530s] nodes=5363849 memo=4949980 rss=213MB
  [4545s] nodes=5385782 memo=4969520 rss=213MB
  [4560s] nodes=5407823 memo=4989266 rss=213MB
  [4575s] nodes=5429813 memo=5008937 rss=213MB
  [4590s] nodes=5451975 memo=5028639 rss=213MB
  [4605s] nodes=5473785 memo=5048096 rss=213MB
  [4620s] nodes=5496304 memo=5068142 rss=213MB
  [4635s] nodes=5518241 memo=5087684 rss=213MB
  [4650s] nodes=5540069 memo=5107306 rss=213MB
  [4665s] nodes=5562335 memo=5127223 rss=213MB
  [4680s] nodes=5584269 memo=5146925 rss=213MB
  [4695s] nodes=5605895 memo=5166342 rss=213MB
  [4710s] nodes=5627884 memo=5185907 rss=213MB
  [4725s] nodes=5649442 memo=5205132 rss=213MB
  [4740s] nodes=5670884 memo=5224288 rss=213MB
  [4755s] nodes=5692435 memo=5243430 rss=213MB
  [4770s] nodes=5714386 memo=5262910 rss=213MB
  [4785s] nodes=5735852 memo=5281378 rss=213MB
  [4800s] nodes=5757734 memo=5300248 rss=213MB
  [4815s] nodes=5779627 memo=5319226 rss=213MB
  [4830s] nodes=5802007 memo=5338610 rss=213MB
  [4845s] nodes=5823863 memo=5357516 rss=213MB
  [4860s] nodes=5845652 memo=5376374 rss=213MB
  [4875s] nodes=5867915 memo=5395509 rss=213MB
  [4890s] nodes=5890195 memo=5414702 rss=213MB
  [4905s] nodes=5912082 memo=5433644 rss=213MB
  [4920s] nodes=5933913 memo=5452349 rss=213MB
  [4935s] nodes=5955013 memo=5470587 rss=213MB
  [4950s] nodes=5976232 memo=5488795 rss=213MB
  [4965s] nodes=5997805 memo=5507278 rss=213MB
  [4980s] nodes=6019544 memo=5526065 rss=213MB
  [4995s] nodes=6041270 memo=5544878 rss=213MB
  [5010s] nodes=6062805 memo=5563495 rss=213MB
  [5025s] nodes=6084357 memo=5582076 rss=213MB
  [5040s] nodes=6106332 memo=5600949 rss=213MB
  [5055s] nodes=6127136 memo=5618903 rss=213MB
  [5070s] nodes=6148183 memo=5637153 rss=213MB
  [5085s] nodes=6168727 memo=5655093 rss=213MB
  [5100s] nodes=6189875 memo=5673974 rss=213MB
  [5115s] nodes=6210888 memo=5692808 rss=213MB
  [5130s] nodes=6232414 memo=5712153 rss=213MB
  [5145s] nodes=6254274 memo=5731851 rss=213MB
  [5160s] nodes=6276032 memo=5751438 rss=213MB
  [5175s] nodes=6298074 memo=5771398 rss=216MB
  [5190s] nodes=6319275 memo=5790477 rss=226MB
  [5205s] nodes=6340752 memo=5809056 rss=240MB
  [5220s] nodes=6362239 memo=5827727 rss=257MB
  [5235s] nodes=6383980 memo=5846550 rss=271MB
  [5250s] nodes=6404902 memo=5864712 rss=303MB
  [5265s] nodes=6426265 memo=5883387 rss=340MB
  [5280s] nodes=6448649 memo=5903541 rss=386MB
  [5295s] nodes=6469963 memo=5922808 rss=402MB
  [5310s] nodes=6491347 memo=5942187 rss=402MB
  [5325s] nodes=6512449 memo=5961251 rss=402MB
  [5340s] nodes=6533987 memo=5980772 rss=402MB
  [5355s] nodes=6555255 memo=6000000 rss=402MB
  [5370s] nodes=6576141 memo=6018846 rss=402MB
  [5385s] nodes=6597330 memo=6037912 rss=402MB
  [5400s] nodes=6618679 memo=6057198 rss=402MB
  [5415s] nodes=6639463 memo=6076028 rss=402MB
  [5430s] nodes=6659574 memo=6094617 rss=402MB
  [5445s] nodes=6679387 memo=6113079 rss=402MB
  [5460s] nodes=6700697 memo=6132113 rss=402MB
  [5475s] nodes=6721670 memo=6150912 rss=402MB
  [5490s] nodes=6742828 memo=6169789 rss=402MB
  [5505s] nodes=6764730 memo=6189444 rss=402MB
  [5520s] nodes=6786894 memo=6209220 rss=402MB
  [5535s] nodes=6808797 memo=6228913 rss=371MB
  [5550s] nodes=6830634 memo=6248441 rss=371MB
  [5565s] nodes=6852885 memo=6268576 rss=371MB
  [5580s] nodes=6874763 memo=6288265 rss=371MB
  [5595s] nodes=6896683 memo=6307724 rss=371MB
  [5610s] nodes=6918056 memo=6326924 rss=371MB
  [5625s] nodes=6939159 memo=6345848 rss=371MB
  [5640s] nodes=6960692 memo=6365138 rss=371MB
  [5655s] nodes=6982393 memo=6384487 rss=371MB
  [5670s] nodes=7004092 memo=6403792 rss=371MB
  [5685s] nodes=7025851 memo=6423298 rss=371MB
  [5700s] nodes=7047094 memo=6442359 rss=371MB
  [5715s] nodes=7068767 memo=6461567 rss=371MB
  [5730s] nodes=7089750 memo=6480262 rss=371MB
  [5745s] nodes=7110648 memo=6498885 rss=371MB
  [5760s] nodes=7130765 memo=6516847 rss=371MB
  [5775s] nodes=7151141 memo=6534996 rss=371MB
  [5790s] nodes=7171375 memo=6553048 rss=371MB
  [5805s] nodes=7192081 memo=6571706 rss=371MB
  [5820s] nodes=7213145 memo=6590055 rss=371MB
  [5835s] nodes=7233869 memo=6607763 rss=371MB
  [5850s] nodes=7253919 memo=6625064 rss=371MB
  [5865s] nodes=7273537 memo=6641915 rss=371MB
  [5880s] nodes=7293100 memo=6658752 rss=371MB
  [5895s] nodes=7312968 memo=6676055 rss=371MB
  [5910s] nodes=7333493 memo=6694555 rss=371MB
  [5925s] nodes=7354656 memo=6713359 rss=371MB
  [5940s] nodes=7374844 memo=6731417 rss=371MB
  [5955s] nodes=7394905 memo=6749316 rss=371MB
  [5970s] nodes=7415151 memo=6767277 rss=371MB
  [5985s] nodes=7435259 memo=6785145 rss=371MB
  [6000s] nodes=7455807 memo=6803538 rss=371MB
  [6015s] nodes=7475832 memo=6821479 rss=371MB
  [6030s] nodes=7495864 memo=6839470 rss=371MB
  [6045s] nodes=7516115 memo=6857434 rss=371MB
  [6060s] nodes=7535934 memo=6875121 rss=371MB
  [6075s] nodes=7555824 memo=6892865 rss=371MB
  [6090s] nodes=7575347 memo=6910329 rss=371MB
  [6105s] nodes=7595600 memo=6928474 rss=371MB
  [6120s] nodes=7615185 memo=6945855 rss=371MB
  [6135s] nodes=7635411 memo=6963908 rss=371MB
  [6150s] nodes=7655048 memo=6981141 rss=371MB
  [6165s] nodes=7674875 memo=6998854 rss=371MB
  [6180s] nodes=7695114 memo=7017024 rss=371MB
  [6195s] nodes=7714945 memo=7034935 rss=371MB
  [6210s] nodes=7735014 memo=7052892 rss=371MB
  [6225s] nodes=7754789 memo=7070578 rss=371MB
  [6240s] nodes=7775255 memo=7089043 rss=371MB
  [6255s] nodes=7795550 memo=7107200 rss=371MB
  [6270s] nodes=7815389 memo=7124992 rss=371MB
  [6285s] nodes=7835219 memo=7142661 rss=371MB
  [6300s] nodes=7855030 memo=7160427 rss=371MB
  [6315s] nodes=7875018 memo=7178350 rss=371MB
  [6330s] nodes=7895474 memo=7196715 rss=371MB
  [6345s] nodes=7915353 memo=7214592 rss=371MB
  [6360s] nodes=7935005 memo=7232142 rss=371MB
  [6375s] nodes=7954598 memo=7249663 rss=371MB
  [6390s] nodes=7973952 memo=7266990 rss=371MB
  [6405s] nodes=7993185 memo=7284199 rss=371MB
  [6420s] nodes=8013538 memo=7302431 rss=371MB
  [6435s] nodes=8033410 memo=7320219 rss=371MB
  [6450s] nodes=8053613 memo=7338295 rss=371MB
  [6465s] nodes=8073832 memo=7356307 rss=371MB
  [6480s] nodes=8093567 memo=7374045 rss=371MB
  [6495s] nodes=8113436 memo=7391736 rss=371MB
  [6510s] nodes=8133106 memo=7409416 rss=371MB
  [6525s] nodes=8152929 memo=7427143 rss=371MB
  [6540s] nodes=8172471 memo=7444797 rss=371MB
  [6555s] nodes=8192038 memo=7462506 rss=371MB
  [6570s] nodes=8211817 memo=7480237 rss=371MB
  [6585s] nodes=8231729 memo=7498094 rss=371MB
  [6600s] nodes=8250792 memo=7515283 rss=371MB
  [6615s] nodes=8270119 memo=7532650 rss=371MB
  [6630s] nodes=8289407 memo=7550040 rss=371MB
  [6645s] nodes=8308326 memo=7566855 rss=371MB
  [6660s] nodes=8327309 memo=7583188 rss=371MB
  [6675s] nodes=8346429 memo=7599705 rss=371MB
  [6690s] nodes=8365953 memo=7616599 rss=371MB
  [6705s] nodes=8385273 memo=7633377 rss=371MB
  [6720s] nodes=8404104 memo=7649525 rss=371MB
  [6735s] nodes=8422219 memo=7665156 rss=371MB
  [6750s] nodes=8440424 memo=7680821 rss=371MB
  [6765s] nodes=8459951 memo=7697607 rss=371MB
  [6780s] nodes=8479412 memo=7714229 rss=371MB
  [6795s] nodes=8499103 memo=7731213 rss=371MB
  [6810s] nodes=8518264 memo=7747730 rss=371MB
  [6825s] nodes=8538032 memo=7764720 rss=371MB
  [6840s] nodes=8557367 memo=7781266 rss=371MB
  [6855s] nodes=8576452 memo=7797574 rss=371MB
  [6870s] nodes=8595893 memo=7814159 rss=371MB
  [6885s] nodes=8615196 memo=7830789 rss=371MB
  [6900s] nodes=8634586 memo=7847555 rss=371MB
  [6915s] nodes=8654177 memo=7864485 rss=371MB
  [6930s] nodes=8673838 memo=7881396 rss=371MB
  [6945s] nodes=8693078 memo=7898031 rss=371MB
  [6960s] nodes=8712337 memo=7914681 rss=371MB
  [6975s] nodes=8731928 memo=7931660 rss=371MB
  [6990s] nodes=8751207 memo=7948319 rss=371MB
  [7005s] nodes=8770995 memo=7965408 rss=371MB
  [7020s] nodes=8790571 memo=7982291 rss=371MB
  [7035s] nodes=8809698 memo=7998881 rss=371MB
  [7050s] nodes=8828233 memo=8015000 rss=371MB
  [7065s] nodes=8847156 memo=8031427 rss=371MB
  [7080s] nodes=8866183 memo=8047916 rss=371MB
  [7095s] nodes=8885434 memo=8064437 rss=371MB
  [7110s] nodes=8904477 memo=8080878 rss=371MB
  [7125s] nodes=8923045 memo=8096581 rss=371MB
  [7140s] nodes=8942369 memo=8112285 rss=371MB
  [7155s] nodes=8961381 memo=8127756 rss=371MB
  [7170s] nodes=8980733 memo=8143421 rss=371MB
  [7185s] nodes=8999522 memo=8158772 rss=371MB
  [7200s] nodes=9018662 memo=8174258 rss=371MB
  [7215s] nodes=9038085 memo=8190048 rss=371MB
  [7230s] nodes=9057313 memo=8205699 rss=371MB
  [7245s] nodes=9076619 memo=8221522 rss=371MB
  [7260s] nodes=9096264 memo=8237499 rss=371MB
  [7275s] nodes=9115783 memo=8253498 rss=371MB
  [7290s] nodes=9135096 memo=8269361 rss=371MB
  [7305s] nodes=9153997 memo=8284842 rss=371MB
  [7320s] nodes=9173223 memo=8300527 rss=371MB
  [7335s] nodes=9192495 memo=8315772 rss=371MB
  [7350s] nodes=9211665 memo=8330943 rss=371MB
  [7365s] nodes=9230710 memo=8345835 rss=371MB
  [7380s] nodes=9249002 memo=8360318 rss=371MB
  [7395s] nodes=9267467 memo=8374908 rss=371MB
  [7410s] nodes=9286315 memo=8389607 rss=371MB
  [7425s] nodes=9305308 memo=8404754 rss=371MB
  [7440s] nodes=9324296 memo=8420017 rss=371MB
  [7455s] nodes=9343653 memo=8435974 rss=371MB
  [7470s] nodes=9362490 memo=8451389 rss=371MB
  [7485s] nodes=9382046 memo=8467316 rss=371MB
  [7500s] nodes=9400803 memo=8482742 rss=371MB
  [7515s] nodes=9419631 memo=8498273 rss=371MB
  [7530s] nodes=9438769 memo=8513882 rss=371MB
  [7545s] nodes=9458040 memo=8529586 rss=371MB
  [7560s] nodes=9477909 memo=8546073 rss=371MB
  [7575s] nodes=9497251 memo=8561951 rss=371MB
  [7590s] nodes=9516812 memo=8578035 rss=371MB
  [7605s] nodes=9536235 memo=8594505 rss=371MB
  [7620s] nodes=9556798 memo=8611989 rss=371MB
  [7635s] nodes=9577172 memo=8629396 rss=371MB
  [7650s] nodes=9597486 memo=8646831 rss=371MB
  [7665s] nodes=9617355 memo=8663841 rss=371MB
  [7680s] nodes=9637041 memo=8680959 rss=371MB
  [7695s] nodes=9656984 memo=8698188 rss=371MB
  [7710s] nodes=9677125 memo=8715514 rss=371MB
  [7725s] nodes=9697122 memo=8732765 rss=371MB
  [7740s] nodes=9717052 memo=8750032 rss=371MB
  [7755s] nodes=9736834 memo=8767215 rss=371MB
  [7770s] nodes=9757075 memo=8784721 rss=371MB
  [7785s] nodes=9777322 memo=8802138 rss=371MB
  [7800s] nodes=9797764 memo=8820250 rss=371MB
  [7815s] nodes=9818244 memo=8838597 rss=371MB
  [7830s] nodes=9838104 memo=8856339 rss=371MB
  [7845s] nodes=9857656 memo=8873990 rss=371MB
  [7860s] nodes=9877291 memo=8891531 rss=371MB
  [7875s] nodes=9896876 memo=8909065 rss=371MB
  [7890s] nodes=9916486 memo=8926615 rss=371MB
  [7905s] nodes=9936698 memo=8944789 rss=371MB
  [7920s] nodes=9956547 memo=8962555 rss=371MB
  [7935s] nodes=9976397 memo=8980320 rss=371MB
  [7950s] nodes=9996154 memo=8998146 rss=371MB
  [7965s] nodes=10015494 memo=9015494 rss=371MB
  [7980s] nodes=10034873 memo=9032782 rss=371MB
  [7995s] nodes=10054231 memo=9049963 rss=371MB
  [8010s] nodes=10074060 memo=9066943 rss=371MB
  [8025s] nodes=10094345 memo=9084199 rss=371MB
  [8040s] nodes=10113997 memo=9100994 rss=371MB
  [8055s] nodes=10134149 memo=9118062 rss=371MB
  [8070s] nodes=10153720 memo=9134795 rss=371MB
  [8085s] nodes=10173097 memo=9151290 rss=371MB
  [8100s] nodes=10192315 memo=9167702 rss=371MB
  [8115s] nodes=10211782 memo=9184463 rss=371MB
  [8130s] nodes=10230691 memo=9200829 rss=371MB
  [8145s] nodes=10250420 memo=9217650 rss=371MB
  [8160s] nodes=10270135 memo=9234581 rss=371MB
  [8175s] nodes=10290445 memo=9251948 rss=371MB
  [8190s] nodes=10311052 memo=9269654 rss=371MB
  [8205s] nodes=10331055 memo=9286890 rss=371MB
  [8220s] nodes=10350778 memo=9303861 rss=371MB
  [8235s] nodes=10370558 memo=9320775 rss=371MB
  [8250s] nodes=10390653 memo=9338188 rss=371MB
  [8265s] nodes=10411220 memo=9356081 rss=371MB
  [8280s] nodes=10431107 memo=9373338 rss=371MB
  [8295s] nodes=10450889 memo=9390425 rss=371MB
  [8310s] nodes=10471177 memo=9407963 rss=371MB
  [8325s] nodes=10491446 memo=9425353 rss=371MB
  [8340s] nodes=10510444 memo=9441688 rss=371MB
  [8355s] nodes=10529669 memo=9458190 rss=371MB
  [8370s] nodes=10549294 memo=9474811 rss=371MB
  [8385s] nodes=10568570 memo=9491409 rss=371MB
  [8400s] nodes=10587839 memo=9508060 rss=371MB
  [8415s] nodes=10608235 memo=9525566 rss=371MB
  [8430s] nodes=10628160 memo=9542618 rss=371MB
  [8445s] nodes=10647535 memo=9559275 rss=371MB
  [8460s] nodes=10666987 memo=9575983 rss=371MB
  [8475s] nodes=10686065 memo=9592289 rss=371MB
  [8490s] nodes=10705704 memo=9609167 rss=371MB
  [8505s] nodes=10725035 memo=9625720 rss=371MB
  [8520s] nodes=10744283 memo=9642442 rss=371MB
  [8535s] nodes=10762998 memo=9658594 rss=371MB
  [8550s] nodes=10783306 memo=9676032 rss=371MB
  [8565s] nodes=10803414 memo=9693458 rss=371MB
  [8580s] nodes=10823478 memo=9710819 rss=371MB
  [8595s] nodes=10843117 memo=9727941 rss=371MB
  [8610s] nodes=10862888 memo=9745065 rss=371MB
  [8625s] nodes=10882063 memo=9761771 rss=371MB
  [8640s] nodes=10901223 memo=9778293 rss=371MB
  [8655s] nodes=10919903 memo=9794483 rss=371MB
  [8670s] nodes=10939174 memo=9811094 rss=371MB
  [8685s] nodes=10958289 memo=9827642 rss=371MB
  [8700s] nodes=10976899 memo=9843812 rss=371MB
  [8715s] nodes=10996581 memo=9860865 rss=371MB
  [8730s] nodes=11015957 memo=9877619 rss=371MB
  [8745s] nodes=11035377 memo=9894389 rss=371MB
  [8760s] nodes=11054734 memo=9911065 rss=371MB
  [8775s] nodes=11074515 memo=9928234 rss=371MB
  [8790s] nodes=11093882 memo=9945658 rss=371MB
  [8805s] nodes=11112656 memo=9962728 rss=371MB
  [8820s] nodes=11131454 memo=9979834 rss=371MB
  [8835s] nodes=11149931 memo=9996742 rss=371MB
  [8850s] nodes=11169530 memo=10014368 rss=371MB
  [8865s] nodes=11189284 memo=10032141 rss=371MB
  [8880s] nodes=11209271 memo=10050203 rss=371MB
  [8895s] nodes=11229164 memo=10068151 rss=371MB
  [8910s] nodes=11249358 memo=10086306 rss=371MB
  [8925s] nodes=11269095 memo=10104123 rss=371MB
  [8940s] nodes=11288991 memo=10122077 rss=371MB
  [8955s] nodes=11308781 memo=10139784 rss=371MB
  [8970s] nodes=11328184 memo=10157332 rss=371MB
  [8985s] nodes=11347222 memo=10174659 rss=371MB
  [9000s] nodes=11365875 memo=10191467 rss=371MB
  [9015s] nodes=11383332 memo=10207153 rss=371MB
  [9030s] nodes=11401820 memo=10223960 rss=371MB
  [9045s] nodes=11420769 memo=10241016 rss=371MB
  [9060s] nodes=11439740 memo=10258275 rss=371MB
  [9075s] nodes=11458042 memo=10274978 rss=371MB
  [9090s] nodes=11476803 memo=10291776 rss=371MB
  [9105s] nodes=11496769 memo=10309516 rss=371MB
  [9120s] nodes=11516548 memo=10327177 rss=371MB
  [9135s] nodes=11535547 memo=10344193 rss=371MB
  [9150s] nodes=11554927 memo=10361675 rss=371MB
  [9165s] nodes=11574429 memo=10379250 rss=371MB
  [9180s] nodes=11594006 memo=10396826 rss=371MB
  [9195s] nodes=11613362 memo=10414150 rss=371MB
  [9210s] nodes=11632430 memo=10431339 rss=371MB
  [9225s] nodes=11651314 memo=10448358 rss=371MB
  [9240s] nodes=11670361 memo=10465439 rss=371MB
  [9255s] nodes=11689435 memo=10482539 rss=370MB
  [9270s] nodes=11708555 memo=10499708 rss=370MB
  [9285s] nodes=11728112 memo=10517242 rss=370MB
  [9300s] nodes=11746830 memo=10534053 rss=370MB
  [9315s] nodes=11766615 memo=10551072 rss=370MB
  [9330s] nodes=11786195 memo=10568572 rss=370MB
  [9345s] nodes=11805049 memo=10585475 rss=370MB
  [9360s] nodes=11824317 memo=10602802 rss=370MB
  [9375s] nodes=11843630 memo=10620203 rss=370MB
  [9390s] nodes=11862349 memo=10637107 rss=370MB
  [9405s] nodes=11881305 memo=10654176 rss=370MB
  [9420s] nodes=11900347 memo=10671338 rss=370MB
  [9435s] nodes=11919865 memo=10688843 rss=370MB
  [9450s] nodes=11939180 memo=10706263 rss=370MB
  [9465s] nodes=11958737 memo=10723922 rss=370MB
  [9480s] nodes=11978172 memo=10741499 rss=370MB
  [9495s] nodes=11997522 memo=10759091 rss=370MB
  [9510s] nodes=12016024 memo=10775875 rss=370MB
  [9525s] nodes=12035320 memo=10793225 rss=370MB
  [9540s] nodes=12055046 memo=10810922 rss=370MB
  [9555s] nodes=12074625 memo=10828671 rss=370MB
  [9570s] nodes=12094174 memo=10846315 rss=370MB
  [9585s] nodes=12113526 memo=10863814 rss=370MB
  [9600s] nodes=12133120 memo=10881284 rss=370MB
  [9615s] nodes=12152083 memo=10898173 rss=370MB
  [9630s] nodes=12171069 memo=10915289 rss=370MB
  [9645s] nodes=12189381 memo=10931893 rss=370MB
  [9660s] nodes=12208158 memo=10948838 rss=370MB
  [9675s] nodes=12227411 memo=10966152 rss=370MB
  [9690s] nodes=12245354 memo=10982280 rss=370MB
  [9705s] nodes=12264088 memo=10999173 rss=370MB
  [9720s] nodes=12283065 memo=11016193 rss=370MB
  [9735s] nodes=12301936 memo=11033152 rss=370MB
  [9750s] nodes=12320903 memo=11050084 rss=370MB
  [9765s] nodes=12339809 memo=11066964 rss=370MB
  [9780s] nodes=12358667 memo=11083920 rss=370MB
  [9795s] nodes=12377534 memo=11100862 rss=370MB
  [9810s] nodes=12395961 memo=11117460 rss=370MB
  [9825s] nodes=12415340 memo=11134994 rss=370MB
  [9840s] nodes=12434505 memo=11152330 rss=370MB
  [9855s] nodes=12453949 memo=11169700 rss=370MB
  [9870s] nodes=12473032 memo=11186919 rss=370MB
  [9885s] nodes=12492203 memo=11204244 rss=370MB
  [9900s] nodes=12511143 memo=11221487 rss=370MB
  [9915s] nodes=12530523 memo=11238895 rss=370MB
  [9930s] nodes=12549642 memo=11256117 rss=370MB
  [9945s] nodes=12568286 memo=11272243 rss=370MB
  [9960s] nodes=12587653 memo=11288933 rss=370MB
  [9975s] nodes=12606186 memo=11305031 rss=370MB
  [9990s] nodes=12625255 memo=11321398 rss=370MB
  [10005s] nodes=12643995 memo=11337191 rss=370MB
  [10020s] nodes=12662875 memo=11352828 rss=370MB
  [10035s] nodes=12681496 memo=11368943 rss=370MB
  [10050s] nodes=12700090 memo=11384920 rss=370MB
  [10065s] nodes=12718268 memo=11400744 rss=370MB
  [10080s] nodes=12737065 memo=11417179 rss=370MB
  [10095s] nodes=12755973 memo=11434217 rss=370MB
  [10110s] nodes=12774971 memo=11451349 rss=370MB
  [10125s] nodes=12794761 memo=11469135 rss=370MB
  [10140s] nodes=12814469 memo=11486979 rss=370MB
  [10155s] nodes=12834103 memo=11504721 rss=370MB
  [10170s] nodes=12854091 memo=11522772 rss=370MB
  [10185s] nodes=12873570 memo=11540308 rss=370MB
  [10200s] nodes=12892854 memo=11557624 rss=370MB
  [10215s] nodes=12911969 memo=11574769 rss=370MB
  [10230s] nodes=12931368 memo=11592142 rss=374MB
  [10245s] nodes=12951210 memo=11609961 rss=379MB
  [10260s] nodes=12971195 memo=11628114 rss=387MB
  [10275s] nodes=12989849 memo=11644708 rss=407MB
  [10290s] nodes=13007825 memo=11660244 rss=420MB
  [10305s] nodes=13026640 memo=11677010 rss=461MB
  [10320s] nodes=13046067 memo=11694621 rss=498MB
  [10335s] nodes=13064957 memo=11711721 rss=517MB
  [10350s] nodes=13083751 memo=11728739 rss=517MB
  [10365s] nodes=13102491 memo=11745520 rss=553MB
  [10380s] nodes=13121680 memo=11762838 rss=601MB
  [10395s] nodes=13141175 memo=11780397 rss=641MB
  [10410s] nodes=13159946 memo=11797265 rss=675MB
  [10425s] nodes=13178692 memo=11814188 rss=713MB
  [10440s] nodes=13198996 memo=11832559 rss=746MB
  [10455s] nodes=13218739 memo=11850365 rss=762MB
  [10470s] nodes=13238154 memo=11867865 rss=762MB
  [10485s] nodes=13256538 memo=11884503 rss=762MB
  [10500s] nodes=13274536 memo=11900911 rss=762MB
  [10515s] nodes=13293521 memo=11918163 rss=762MB
  [10530s] nodes=13312415 memo=11935327 rss=762MB
  [10545s] nodes=13331800 memo=11952892 rss=762MB
  [10560s] nodes=13351093 memo=11970189 rss=762MB
  [10575s] nodes=13370624 memo=11987917 rss=721MB
  [10590s] nodes=13390137 memo=12005454 rss=721MB
  [10605s] nodes=13409048 memo=12022691 rss=721MB
  [10620s] nodes=13428430 memo=12040124 rss=721MB
  [10635s] nodes=13447554 memo=12057339 rss=721MB
  [10650s] nodes=13466695 memo=12074575 rss=721MB
  [10665s] nodes=13486148 memo=12092083 rss=721MB
  [10680s] nodes=13505656 memo=12109771 rss=721MB
  [10695s] nodes=13524688 memo=12126885 rss=673MB
  [10710s] nodes=13543841 memo=12144074 rss=673MB
  [10725s] nodes=13562516 memo=12160784 rss=673MB
  [10740s] nodes=13582317 memo=12179163 rss=673MB
  [10755s] nodes=13601023 memo=12196500 rss=673MB
  [10770s] nodes=13620203 memo=12214427 rss=673MB
  [10785s] nodes=13639613 memo=12232586 rss=673MB
  [10800s] nodes=13658799 memo=12250434 rss=673MB
  [10815s] nodes=13678530 memo=12268736 rss=670MB
  [10830s] nodes=13697954 memo=12286904 rss=670MB
  [10845s] nodes=13717438 memo=12305054 rss=670MB
  [10860s] nodes=13736734 memo=12323041 rss=670MB
  [10875s] nodes=13755925 memo=12340938 rss=670MB
  [10890s] nodes=13775025 memo=12358711 rss=670MB
  [10905s] nodes=13794220 memo=12376620 rss=670MB
  [10920s] nodes=13813370 memo=12394551 rss=670MB
  [10935s] nodes=13832653 memo=12412574 rss=670MB
  [10950s] nodes=13851759 memo=12430426 rss=670MB
  [10965s] nodes=13870813 memo=12447456 rss=670MB
  [10980s] nodes=13890344 memo=12465395 rss=670MB
  [10995s] nodes=13909701 memo=12483482 rss=670MB
  [11010s] nodes=13928175 memo=12500747 rss=670MB
  [11025s] nodes=13947954 memo=12519159 rss=670MB
  [11040s] nodes=13967415 memo=12537315 rss=670MB
  [11055s] nodes=13986672 memo=12555314 rss=670MB
  [11070s] nodes=14005226 memo=12572532 rss=670MB
  [11085s] nodes=14024524 memo=12590551 rss=670MB
  [11100s] nodes=14043570 memo=12608276 rss=670MB
  [11115s] nodes=14063664 memo=12627068 rss=670MB
  [11130s] nodes=14083047 memo=12645221 rss=670MB
  [11145s] nodes=14102082 memo=12663015 rss=670MB
  [11160s] nodes=14121398 memo=12680998 rss=670MB
  [11175s] nodes=14140538 memo=12698965 rss=670MB
  [11190s] nodes=14159897 memo=12717060 rss=670MB
  [11205s] nodes=14179272 memo=12735106 rss=670MB
  [11220s] nodes=14199023 memo=12753558 rss=670MB
  [11235s] nodes=14217741 memo=12771012 rss=670MB
  [11250s] nodes=14236091 memo=12788121 rss=670MB
  [11265s] nodes=14255263 memo=12805984 rss=670MB
  [11280s] nodes=14275407 memo=12824848 rss=670MB
  [11295s] nodes=14296106 memo=12844295 rss=670MB
  [11310s] nodes=14316121 memo=12863001 rss=670MB
  [11325s] nodes=14335523 memo=12881194 rss=670MB
  [11340s] nodes=14355101 memo=12899597 rss=670MB
  [11355s] nodes=14374630 memo=12918028 rss=670MB
  [11370s] nodes=14394459 memo=12936638 rss=670MB
  [11385s] nodes=14413721 memo=12954751 rss=670MB
  [11400s] nodes=14433717 memo=12973534 rss=670MB
  [11415s] nodes=14453629 memo=12992211 rss=670MB
  [11430s] nodes=14472960 memo=13010305 rss=670MB
  [11445s] nodes=14492153 memo=13028379 rss=670MB
  [11460s] nodes=14511796 memo=13047398 rss=670MB
  [11475s] nodes=14531630 memo=13066662 rss=670MB
  [11490s] nodes=14552082 memo=13086433 rss=670MB
  [11505s] nodes=14572178 memo=13105899 rss=670MB
  [11520s] nodes=14592452 memo=13125445 rss=670MB
  [11535s] nodes=14612695 memo=13145034 rss=670MB
  [11550s] nodes=14632875 memo=13164630 rss=670MB
  [11565s] nodes=14652166 memo=13183316 rss=670MB
  [11580s] nodes=14671633 memo=13202197 rss=670MB
  [11595s] nodes=14690954 memo=13220995 rss=670MB
  [11610s] nodes=14710517 memo=13240016 rss=670MB
  [11625s] nodes=14730024 memo=13258978 rss=670MB
  [11640s] nodes=14749759 memo=13278239 rss=670MB
  [11655s] nodes=14769226 memo=13297114 rss=670MB
  [11670s] nodes=14789282 memo=13316546 rss=670MB
  [11685s] nodes=14809132 memo=13335768 rss=670MB
  [11700s] nodes=14828853 memo=13354791 rss=670MB
  [11715s] nodes=14848042 memo=13373411 rss=670MB
  [11730s] nodes=14867708 memo=13392469 rss=670MB
  [11745s] nodes=14887108 memo=13411298 rss=670MB
  [11760s] nodes=14907005 memo=13430565 rss=670MB
  [11775s] nodes=14927088 memo=13450000 rss=670MB
  [11790s] nodes=14947028 memo=13469293 rss=670MB
  [11805s] nodes=14967024 memo=13488695 rss=670MB
  [11820s] nodes=14986708 memo=13507725 rss=670MB
  [11835s] nodes=15005637 memo=13526101 rss=670MB
  [11850s] nodes=15024820 memo=13544769 rss=670MB
  [11865s] nodes=15044456 memo=13563828 rss=670MB
  [11880s] nodes=15063410 memo=13582222 rss=670MB
  [11895s] nodes=15082907 memo=13601071 rss=670MB
  [11910s] nodes=15101789 memo=13619361 rss=670MB
  [11925s] nodes=15121279 memo=13638188 rss=670MB
  [11940s] nodes=15139895 memo=13655662 rss=670MB
  [11955s] nodes=15158571 memo=13673402 rss=670MB
  [11970s] nodes=15178348 memo=13692610 rss=670MB
  [11985s] nodes=15197300 memo=13711032 rss=670MB
  [12000s] nodes=15216338 memo=13729588 rss=670MB
  [12015s] nodes=15235568 memo=13748188 rss=670MB
  [12030s] nodes=15255314 memo=13767349 rss=670MB
  [12045s] nodes=15274995 memo=13786439 rss=670MB
  [12060s] nodes=15294299 memo=13805101 rss=670MB
  [12075s] nodes=15313513 memo=13823748 rss=670MB
  [12090s] nodes=15332952 memo=13842521 rss=670MB
  [12105s] nodes=15352285 memo=13861247 rss=670MB
  [12120s] nodes=15371300 memo=13879629 rss=670MB
  [12135s] nodes=15390857 memo=13898505 rss=670MB
  [12150s] nodes=15410589 memo=13917696 rss=670MB
  [12165s] nodes=15430754 memo=13937253 rss=670MB
  [12180s] nodes=15451352 memo=13957270 rss=670MB
  [12195s] nodes=15471923 memo=13977194 rss=670MB
  [12210s] nodes=15492044 memo=13996678 rss=670MB
  [12225s] nodes=15512416 memo=14016400 rss=670MB
  [12240s] nodes=15531549 memo=14034998 rss=670MB
  [12255s] nodes=15551669 memo=14054515 rss=670MB
  [12270s] nodes=15571749 memo=14073975 rss=670MB
  [12285s] nodes=15591496 memo=14093109 rss=670MB
  [12300s] nodes=15611270 memo=14112308 rss=670MB
  [12315s] nodes=15630619 memo=14131047 rss=670MB
  [12330s] nodes=15648810 memo=14148649 rss=670MB
  [12345s] nodes=15668527 memo=14167670 rss=670MB
  [12360s] nodes=15688142 memo=14186648 rss=670MB
  [12375s] nodes=15707262 memo=14205169 rss=670MB
  [12390s] nodes=15726432 memo=14223809 rss=670MB
  [12405s] nodes=15745871 memo=14242596 rss=670MB
  [12420s] nodes=15765709 memo=14261855 rss=670MB
  [12435s] nodes=15785315 memo=14280741 rss=670MB
  [12450s] nodes=15803787 memo=14298593 rss=670MB
  [12465s] nodes=15823102 memo=14317284 rss=670MB
  [12480s] nodes=15842808 memo=14336226 rss=670MB
  [12495s] nodes=15862265 memo=14354988 rss=670MB
  [12510s] nodes=15881967 memo=14373986 rss=670MB
  [12525s] nodes=15900564 memo=14391895 rss=670MB
  [12540s] nodes=15919765 memo=14410400 rss=670MB
  [12555s] nodes=15939013 memo=14429050 rss=670MB
  [12570s] nodes=15958521 memo=14447832 rss=670MB
  [12585s] nodes=15977820 memo=14466429 rss=670MB
  [12600s] nodes=15997216 memo=14485040 rss=670MB
  [12615s] nodes=16016816 memo=14503932 rss=670MB
  [12630s] nodes=16037024 memo=14523445 rss=670MB
  [12645s] nodes=16056836 memo=14542542 rss=670MB
  [12660s] nodes=16076727 memo=14561739 rss=670MB
  [12675s] nodes=16095489 memo=14579894 rss=670MB
  [12690s] nodes=16114603 memo=14598354 rss=670MB
  [12705s] nodes=16134020 memo=14617074 rss=670MB
  [12720s] nodes=16153576 memo=14635996 rss=670MB
  [12735s] nodes=16172878 memo=14654616 rss=670MB
  [12750s] nodes=16191981 memo=14673019 rss=670MB
  [12765s] nodes=16210990 memo=14691419 rss=670MB
  [12780s] nodes=16230307 memo=14710110 rss=670MB
  [12795s] nodes=16249628 memo=14728826 rss=670MB
  [12810s] nodes=16268904 memo=14747485 rss=670MB
  [12825s] nodes=16288386 memo=14766413 rss=670MB
  [12840s] nodes=16307835 memo=14785272 rss=670MB
  [12855s] nodes=16327288 memo=14804195 rss=670MB
  [12870s] nodes=16346633 memo=14822839 rss=670MB
  [12885s] nodes=16365630 memo=14841208 rss=670MB
  [12900s] nodes=16384721 memo=14859656 rss=670MB
  [12915s] nodes=16404059 memo=14878339 rss=670MB
  [12930s] nodes=16424266 memo=14897870 rss=670MB
  [12945s] nodes=16443605 memo=14916559 rss=670MB
  [12960s] nodes=16462850 memo=14935070 rss=670MB
  [12975s] nodes=16482253 memo=14953748 rss=670MB
  [12990s] nodes=16501506 memo=14972298 rss=670MB
  [13005s] nodes=16520547 memo=14990634 rss=670MB
  [13020s] nodes=16539650 memo=15009051 rss=670MB
  [13035s] nodes=16559298 memo=15028064 rss=670MB
  [13050s] nodes=16579034 memo=15047156 rss=670MB
  [13065s] nodes=16598530 memo=15066046 rss=670MB
  [13080s] nodes=16617986 memo=15084802 rss=670MB
  [13095s] nodes=16637642 memo=15103799 rss=670MB
  [13110s] nodes=16656429 memo=15121986 rss=670MB
  [13125s] nodes=16674954 memo=15139893 rss=670MB
  [13140s] nodes=16693538 memo=15157888 rss=670MB
  [13155s] nodes=16713136 memo=15176769 rss=670MB
  [13170s] nodes=16732025 memo=15195040 rss=670MB
  [13185s] nodes=16750137 memo=15212079 rss=670MB
  [13200s] nodes=16768272 memo=15229026 rss=670MB
  [13215s] nodes=16787048 memo=15246650 rss=670MB
  [13230s] nodes=16806387 memo=15264762 rss=670MB
  [13245s] nodes=16825054 memo=15282339 rss=670MB
  [13260s] nodes=16843763 memo=15299929 rss=670MB
  [13275s] nodes=16862733 memo=15317761 rss=670MB
  [13290s] nodes=16881663 memo=15335572 rss=670MB
  [13305s] nodes=16899971 memo=15352817 rss=670MB
  [13320s] nodes=16918356 memo=15370073 rss=670MB
  [13335s] nodes=16937182 memo=15387589 rss=670MB
  [13350s] nodes=16956209 memo=15405467 rss=670MB
  [13365s] nodes=16975207 memo=15423281 rss=670MB
  [13380s] nodes=16993634 memo=15440480 rss=670MB
  [13395s] nodes=17011861 memo=15457648 rss=670MB
  [13410s] nodes=17030290 memo=15475001 rss=670MB
  [13425s] nodes=17048621 memo=15492198 rss=670MB
  [13440s] nodes=17067032 memo=15509453 rss=670MB
  [13455s] nodes=17085582 memo=15526726 rss=670MB
  [13470s] nodes=17104819 memo=15544688 rss=670MB
  [13485s] nodes=17123801 memo=15562554 rss=670MB
  [13500s] nodes=17142821 memo=15580310 rss=670MB
  [13515s] nodes=17161286 memo=15597748 rss=670MB
  [13530s] nodes=17179910 memo=15615185 rss=670MB
  [13545s] nodes=17198732 memo=15633407 rss=670MB
  [13560s] nodes=17217862 memo=15652012 rss=670MB
  [13575s] nodes=17237515 memo=15670948 rss=670MB
  [13590s] nodes=17255980 memo=15688760 rss=670MB
  [13605s] nodes=17274923 memo=15706987 rss=670MB
  [13620s] nodes=17294022 memo=15725485 rss=670MB
  [13635s] nodes=17313939 memo=15744764 rss=670MB
  [13650s] nodes=17333779 memo=15763986 rss=670MB
  [13665s] nodes=17353233 memo=15782918 rss=670MB
  [13680s] nodes=17372417 memo=15801517 rss=670MB
  [13695s] nodes=17391849 memo=15820416 rss=670MB
  [13710s] nodes=17411216 memo=15839167 rss=670MB
  [13725s] nodes=17430989 memo=15858238 rss=670MB
  [13740s] nodes=17450539 memo=15877156 rss=670MB
  [13755s] nodes=17469970 memo=15895935 rss=670MB
  [13770s] nodes=17489572 memo=15914970 rss=670MB
  [13785s] nodes=17509150 memo=15934062 rss=670MB
  [13800s] nodes=17529045 memo=15953270 rss=670MB
  [13815s] nodes=17548820 memo=15972416 rss=670MB
  [13830s] nodes=17568818 memo=15991718 rss=670MB
  [13845s] nodes=17588714 memo=16011026 rss=670MB
  [13860s] nodes=17608858 memo=16030555 rss=670MB
  [13875s] nodes=17628912 memo=16049976 rss=670MB
  [13890s] nodes=17648682 memo=16069041 rss=670MB
  [13905s] nodes=17668558 memo=16088252 rss=670MB
  [13920s] nodes=17688412 memo=16107438 rss=670MB
  [13935s] nodes=17707780 memo=16126205 rss=670MB
  [13950s] nodes=17726814 memo=16144652 rss=670MB
  [13965s] nodes=17746126 memo=16163345 rss=670MB
  [13980s] nodes=17765283 memo=16181865 rss=670MB
  [13995s] nodes=17784208 memo=16200171 rss=670MB
  [14010s] nodes=17803606 memo=16218916 rss=670MB
  [14025s] nodes=17822703 memo=16237366 rss=670MB
  [14040s] nodes=17841959 memo=16256019 rss=670MB
  [14055s] nodes=17861151 memo=16274613 rss=670MB
  [14070s] nodes=17879916 memo=16292729 rss=670MB
  [14085s] nodes=17898868 memo=16311088 rss=670MB
  [14100s] nodes=17917731 memo=16329382 rss=670MB
  [14115s] nodes=17936602 memo=16347684 rss=670MB
  [14130s] nodes=17955302 memo=16365794 rss=670MB
  [14145s] nodes=17974079 memo=16384002 rss=670MB
  [14160s] nodes=17993069 memo=16402393 rss=670MB
  [14175s] nodes=18011920 memo=16420676 rss=670MB
  [14190s] nodes=18031077 memo=16439260 rss=670MB
  [14205s] nodes=18050061 memo=16457707 rss=670MB
  [14220s] nodes=18069588 memo=16476643 rss=670MB
  [14235s] nodes=18088797 memo=16495243 rss=670MB
  [14250s] nodes=18107838 memo=16513587 rss=670MB
  [14265s] nodes=18126555 memo=16531674 rss=670MB
  [14280s] nodes=18145416 memo=16549958 rss=670MB
  [14295s] nodes=18163819 memo=16567780 rss=670MB
  [14310s] nodes=18181862 memo=16585299 rss=670MB
  [14325s] nodes=18200462 memo=16603351 rss=670MB
  [14340s] nodes=18219385 memo=16621675 rss=670MB
  [14355s] nodes=18238234 memo=16639925 rss=670MB
  [14370s] nodes=18257063 memo=16658107 rss=670MB
  [14385s] nodes=18275754 memo=16676138 rss=670MB
  [14400s] nodes=18295128 memo=16694895 rss=670MB
  [14415s] nodes=18313901 memo=16713111 rss=670MB
  [14430s] nodes=18331965 memo=16730721 rss=670MB
  [14445s] nodes=18349772 memo=16748039 rss=670MB
  [14460s] nodes=18368598 memo=16766320 rss=670MB
  [14475s] nodes=18386945 memo=16784211 rss=670MB
  [14490s] nodes=18405042 memo=16801819 rss=670MB
  [14505s] nodes=18423179 memo=16819464 rss=670MB
  [14520s] nodes=18441608 memo=16837394 rss=670MB
  [14535s] nodes=18460286 memo=16855540 rss=670MB
  [14550s] nodes=18479039 memo=16873745 rss=670MB
  [14565s] nodes=18496999 memo=16891213 rss=670MB
  [14580s] nodes=18515538 memo=16909203 rss=670MB
  [14595s] nodes=18533576 memo=16926674 rss=670MB
  [14610s] nodes=18551970 memo=16944528 rss=670MB
  [14625s] nodes=18570533 memo=16962503 rss=670MB
  [14640s] nodes=18589680 memo=16980980 rss=670MB
  [14655s] nodes=18608313 memo=16999078 rss=670MB
  [14670s] nodes=18627677 memo=17017785 rss=670MB
  [14685s] nodes=18646726 memo=17036182 rss=670MB
  [14700s] nodes=18665465 memo=17054326 rss=670MB
  [14715s] nodes=18684351 memo=17072611 rss=670MB
  [14730s] nodes=18703837 memo=17091524 rss=670MB
  [14745s] nodes=18722804 memo=17109978 rss=670MB
  [14760s] nodes=18741982 memo=17128570 rss=670MB
  [14775s] nodes=18760717 memo=17146736 rss=670MB
  [14790s] nodes=18779006 memo=17164446 rss=670MB
  [14805s] nodes=18798022 memo=17182892 rss=670MB
  [14820s] nodes=18816658 memo=17200977 rss=670MB
  [14835s] nodes=18834991 memo=17218846 rss=670MB
  [14850s] nodes=18853884 memo=17237226 rss=670MB
  [14865s] nodes=18873046 memo=17255777 rss=670MB
  [14880s] nodes=18891863 memo=17274006 rss=670MB
  [14895s] nodes=18910890 memo=17292467 rss=670MB
  [14910s] nodes=18930499 memo=17311399 rss=670MB
  [14925s] nodes=18950041 memo=17330293 rss=670MB
  [14940s] nodes=18969191 memo=17348832 rss=670MB
  [14955s] nodes=18988510 memo=17367520 rss=670MB
  [14970s] nodes=19008156 memo=17386495 rss=670MB
  [14985s] nodes=19027264 memo=17404995 rss=670MB
  [15000s] nodes=19046038 memo=17423137 rss=670MB
  [15015s] nodes=19064512 memo=17441010 rss=670MB
  [15030s] nodes=19083466 memo=17459370 rss=670MB
  [15045s] nodes=19102971 memo=17478247 rss=670MB
  [15060s] nodes=19122575 memo=17497291 rss=670MB
  [15075s] nodes=19142234 memo=17516303 rss=670MB
  [15090s] nodes=19161434 memo=17534966 rss=670MB
  [15105s] nodes=19180176 memo=17553114 rss=670MB
  [15120s] nodes=19198684 memo=17571061 rss=670MB
  [15135s] nodes=19217407 memo=17589251 rss=670MB
  [15150s] nodes=19236118 memo=17607219 rss=670MB
  [15165s] nodes=19256034 memo=17626526 rss=670MB
  [15180s] nodes=19275362 memo=17645294 rss=670MB
  [15195s] nodes=19294512 memo=17663978 rss=670MB
  [15210s] nodes=19313656 memo=17682682 rss=670MB
  [15225s] nodes=19333610 memo=17701952 rss=670MB
  [15240s] nodes=19352757 memo=17720430 rss=670MB
  [15255s] nodes=19372315 memo=17739330 rss=670MB
  [15270s] nodes=19391730 memo=17758153 rss=670MB
  [15285s] nodes=19411726 memo=17777613 rss=670MB
  [15300s] nodes=19431870 memo=17796777 rss=670MB
  [15315s] nodes=19451429 memo=17814852 rss=670MB
  [15330s] nodes=19470242 memo=17832426 rss=670MB
  [15345s] nodes=19489358 memo=17850099 rss=670MB
  [15360s] nodes=19509074 memo=17868432 rss=670MB
  [15375s] nodes=19528023 memo=17886140 rss=670MB
  [15390s] nodes=19546384 memo=17903172 rss=670MB
  [15405s] nodes=19564547 memo=17919949 rss=670MB
  [15420s] nodes=19583596 memo=17937640 rss=670MB
  [15435s] nodes=19602560 memo=17955350 rss=670MB
  [15450s] nodes=19621126 memo=17972621 rss=670MB
  [15465s] nodes=19639586 memo=17989821 rss=670MB
  [15480s] nodes=19657989 memo=18006964 rss=670MB
  [15495s] nodes=19676844 memo=18024433 rss=670MB
  [15510s] nodes=19695328 memo=18041535 rss=670MB
  [15525s] nodes=19713886 memo=18058678 rss=670MB
  [15540s] nodes=19732101 memo=18075564 rss=670MB
  [15555s] nodes=19749159 memo=18091383 rss=670MB
  [15570s] nodes=19766369 memo=18107309 rss=670MB
  [15585s] nodes=19784084 memo=18123823 rss=670MB
  [15600s] nodes=19802460 memo=18140931 rss=670MB
  [15615s] nodes=19820618 memo=18157704 rss=670MB
  [15630s] nodes=19839262 memo=18175013 rss=670MB
  [15645s] nodes=19857317 memo=18191920 rss=670MB
  [15660s] nodes=19876447 memo=18209709 rss=670MB
  [15675s] nodes=19895701 memo=18227460 rss=670MB
  [15690s] nodes=19914157 memo=18244487 rss=670MB
  [15705s] nodes=19932785 memo=18261734 rss=670MB
  [15720s] nodes=19951750 memo=18279199 rss=670MB
  [15735s] nodes=19969705 memo=18295980 rss=670MB
  [15750s] nodes=19987422 memo=18312464 rss=670MB
  [15765s] nodes=20005606 memo=18329368 rss=670MB
  [15780s] nodes=20023399 memo=18345935 rss=670MB
  [15795s] nodes=20041356 memo=18362600 rss=670MB
  [15810s] nodes=20059333 memo=18379316 rss=670MB
  [15825s] nodes=20077063 memo=18395758 rss=670MB
  [15840s] nodes=20095065 memo=18412566 rss=670MB
  [15855s] nodes=20113626 memo=18429777 rss=670MB
  [15870s] nodes=20132301 memo=18446966 rss=670MB
  [15885s] nodes=20149936 memo=18463408 rss=670MB
  [15900s] nodes=20167668 memo=18479821 rss=670MB
  [15915s] nodes=20185217 memo=18496139 rss=670MB
  [15930s] nodes=20203040 memo=18512664 rss=670MB
  [15945s] nodes=20220746 memo=18529043 rss=670MB
  [15960s] nodes=20238121 memo=18545290 rss=670MB
  [15975s] nodes=20256333 memo=18562282 rss=670MB
  [15990s] nodes=20274414 memo=18579126 rss=670MB
  [16005s] nodes=20293017 memo=18596301 rss=670MB
  [16020s] nodes=20311443 memo=18613493 rss=670MB
  [16035s] nodes=20329640 memo=18630474 rss=670MB
  [16050s] nodes=20347750 memo=18647401 rss=670MB
  [16065s] nodes=20366385 memo=18664735 rss=670MB
  [16080s] nodes=20385167 memo=18682202 rss=670MB
  [16095s] nodes=20404116 memo=18699668 rss=670MB
  [16110s] nodes=20422666 memo=18716998 rss=670MB
  [16125s] nodes=20441492 memo=18734585 rss=670MB
  [16140s] nodes=20460162 memo=18751993 rss=670MB
  [16155s] nodes=20478146 memo=18768767 rss=670MB
  [16170s] nodes=20496531 memo=18785982 rss=670MB
  [16185s] nodes=20514386 memo=18802672 rss=670MB
  [16200s] nodes=20532530 memo=18818952 rss=670MB
  [16215s] nodes=20550458 memo=18835080 rss=670MB
  [16230s] nodes=20568132 memo=18850951 rss=670MB
  [16245s] nodes=20585501 memo=18866970 rss=670MB
  [16260s] nodes=20603132 memo=18883309 rss=670MB
  [16275s] nodes=20620774 memo=18899689 rss=670MB
  [16290s] nodes=20638476 memo=18916145 rss=670MB
  [16305s] nodes=20655344 memo=18931886 rss=670MB
  [16320s] nodes=20673046 memo=18948361 rss=670MB
  [16335s] nodes=20690001 memo=18964137 rss=670MB
  [16350s] nodes=20707627 memo=18980110 rss=670MB
  [16365s] nodes=20725062 memo=18995600 rss=670MB
  [16380s] nodes=20742904 memo=19011454 rss=670MB
  [16395s] nodes=20760529 memo=19027012 rss=670MB
  [16410s] nodes=20777190 memo=19041735 rss=670MB
  [16425s] nodes=20795559 memo=19057918 rss=670MB
  [16440s] nodes=20813420 memo=19073850 rss=670MB
  [16455s] nodes=20831082 memo=19089601 rss=670MB
  [16470s] nodes=20849841 memo=19106048 rss=670MB
  [16485s] nodes=20868937 memo=19123039 rss=670MB
  [16500s] nodes=20887147 memo=19139499 rss=670MB
  [16515s] nodes=20905434 memo=19155976 rss=670MB
  [16530s] nodes=20923623 memo=19172220 rss=670MB
  [16545s] nodes=20942115 memo=19188845 rss=670MB
  [16560s] nodes=20960826 memo=19205686 rss=670MB
  [16575s] nodes=20979625 memo=19222584 rss=670MB
  [16590s] nodes=20997378 memo=19238539 rss=670MB
  [16605s] nodes=21014916 memo=19254364 rss=670MB
  [16620s] nodes=21033177 memo=19270635 rss=670MB
  [16635s] nodes=21051447 memo=19287032 rss=670MB
  [16650s] nodes=21069763 memo=19303521 rss=670MB
  [16665s] nodes=21087908 memo=19319802 rss=670MB
  [16680s] nodes=21106651 memo=19336551 rss=670MB
  [16695s] nodes=21124762 memo=19352873 rss=670MB
  [16710s] nodes=21142687 memo=19368963 rss=670MB
  [16725s] nodes=21161202 memo=19385388 rss=670MB
  [16740s] nodes=21179948 memo=19402269 rss=670MB
  [16755s] nodes=21198695 memo=19419020 rss=670MB
  [16770s] nodes=21217376 memo=19435776 rss=670MB
  [16785s] nodes=21235532 memo=19452024 rss=670MB
  [16800s] nodes=21253299 memo=19467921 rss=670MB
  [16815s] nodes=21271069 memo=19483805 rss=670MB
  [16830s] nodes=21288402 memo=19499405 rss=670MB
  [16845s] nodes=21305553 memo=19514875 rss=670MB
  [16860s] nodes=21322985 memo=19530577 rss=670MB
  [16875s] nodes=21340589 memo=19546406 rss=670MB
  [16890s] nodes=21358551 memo=19562539 rss=670MB
  [16905s] nodes=21376262 memo=19578429 rss=670MB
  [16920s] nodes=21393354 memo=19593758 rss=670MB
  [16935s] nodes=21410830 memo=19609493 rss=670MB
  [16950s] nodes=21428527 memo=19625342 rss=670MB
  [16965s] nodes=21446151 memo=19641120 rss=670MB
  [16980s] nodes=21464434 memo=19657360 rss=670MB
  [16995s] nodes=21482670 memo=19673705 rss=670MB
  [17010s] nodes=21500377 memo=19689534 rss=670MB
  [17025s] nodes=21518228 memo=19705436 rss=670MB
  [17040s] nodes=21535906 memo=19721360 rss=670MB
  [17055s] nodes=21554046 memo=19737545 rss=670MB
  [17070s] nodes=21572606 memo=19754163 rss=670MB
  [17085s] nodes=21590597 memo=19770247 rss=670MB
  [17100s] nodes=21608680 memo=19786430 rss=670MB
  [17115s] nodes=21626391 memo=19802392 rss=670MB
  [17130s] nodes=21644014 memo=19818166 rss=670MB
  [17145s] nodes=21661147 memo=19833492 rss=670MB
  [17160s] nodes=21678211 memo=19848880 rss=670MB
  [17175s] nodes=21695839 memo=19864755 rss=670MB
  [17190s] nodes=21713209 memo=19880394 rss=670MB
  [17205s] nodes=21730637 memo=19896044 rss=670MB
  [17220s] nodes=21747970 memo=19911627 rss=670MB
  [17235s] nodes=21765538 memo=19927468 rss=670MB
  [17250s] nodes=21783806 memo=19943710 rss=670MB
  [17265s] nodes=21804342 memo=19961806 rss=670MB
  [17280s] nodes=21823705 memo=19979088 rss=670MB
  [17295s] nodes=21843439 memo=19996430 rss=670MB
  [17310s] nodes=21863289 memo=20014195 rss=670MB
  [17325s] nodes=21883495 memo=20032252 rss=670MB
  [17340s] nodes=21903769 memo=20049886 rss=670MB
  [17355s] nodes=21924075 memo=20067880 rss=670MB
  [17370s] nodes=21944501 memo=20085902 rss=670MB
  [17385s] nodes=21965657 memo=20105185 rss=670MB
  [17400s] nodes=21986368 memo=20124385 rss=670MB
  [17415s] nodes=22007695 memo=20144106 rss=670MB
  [17430s] nodes=22028212 memo=20163094 rss=670MB
  [17445s] nodes=22048185 memo=20181625 rss=670MB
  [17460s] nodes=22068105 memo=20200157 rss=670MB
  [17475s] nodes=22088140 memo=20218785 rss=670MB
  [17490s] nodes=22108287 memo=20237449 rss=670MB
  [17505s] nodes=22128852 memo=20256396 rss=670MB
  [17520s] nodes=22148493 memo=20274698 rss=670MB
  [17535s] nodes=22168175 memo=20293085 rss=670MB
  [17550s] nodes=22188723 memo=20312261 rss=670MB
  [17565s] nodes=22209051 memo=20331151 rss=670MB
  [17580s] nodes=22229140 memo=20349842 rss=670MB
  [17595s] nodes=22249710 memo=20368959 rss=670MB
  [17610s] nodes=22269650 memo=20387517 rss=670MB
  [17625s] nodes=22289682 memo=20406144 rss=670MB
  [17640s] nodes=22310213 memo=20425161 rss=670MB
  [17655s] nodes=22330631 memo=20444047 rss=670MB
  [17670s] nodes=22352265 memo=20464041 rss=670MB
  [17685s] nodes=22373329 memo=20483690 rss=670MB
  [17700s] nodes=22393173 memo=20502154 rss=670MB
  [17715s] nodes=22413893 memo=20521393 rss=670MB
  [17730s] nodes=22433537 memo=20539608 rss=670MB
  [17745s] nodes=22453013 memo=20557591 rss=670MB
  [17760s] nodes=22472558 memo=20575769 rss=670MB
  [17775s] nodes=22492122 memo=20594060 rss=670MB
  [17790s] nodes=22511538 memo=20612159 rss=670MB
  [17805s] nodes=22531594 memo=20630959 rss=670MB
  [17820s] nodes=22551056 memo=20649064 rss=670MB
  [17835s] nodes=22571536 memo=20667860 rss=670MB
  [17850s] nodes=22592313 memo=20687045 rss=670MB
  [17865s] nodes=22612863 memo=20706006 rss=670MB
  [17880s] nodes=22633757 memo=20725356 rss=670MB
  [17895s] nodes=22653873 memo=20744015 rss=670MB
  [17910s] nodes=22675622 memo=20764423 rss=670MB
  [17925s] nodes=22696266 memo=20783110 rss=670MB
  [17940s] nodes=22716757 memo=20801523 rss=670MB
  [17955s] nodes=22737177 memo=20820445 rss=670MB
  [17970s] nodes=22757219 memo=20838872 rss=670MB
  [17985s] nodes=22777748 memo=20857801 rss=670MB
  [18000s] nodes=22797712 memo=20876307 rss=670MB
  [18015s] nodes=22818085 memo=20895353 rss=670MB
  [18030s] nodes=22838233 memo=20914283 rss=670MB
  [18045s] nodes=22858854 memo=20933582 rss=670MB
  [18060s] nodes=22879150 memo=20952697 rss=670MB
  [18075s] nodes=22899943 memo=20972138 rss=670MB
  [18090s] nodes=22920931 memo=20991849 rss=670MB
  [18105s] nodes=22941166 memo=21011334 rss=670MB
  [18120s] nodes=22962282 memo=21031777 rss=670MB
  [18135s] nodes=22982506 memo=21051439 rss=670MB
  [18150s] nodes=23003270 memo=21071689 rss=670MB
  [18165s] nodes=23023983 memo=21091763 rss=670MB
  [18180s] nodes=23044964 memo=21111947 rss=670MB
  [18195s] nodes=23064967 memo=21131421 rss=670MB
  [18210s] nodes=23085426 memo=21151269 rss=670MB
  [18225s] nodes=23105947 memo=21171057 rss=670MB
  [18240s] nodes=23125866 memo=21190452 rss=670MB
  [18255s] nodes=23146296 memo=21210135 rss=670MB
  [18270s] nodes=23165447 memo=21228777 rss=670MB
  [18285s] nodes=23185815 memo=21248530 rss=670MB
  [18300s] nodes=23206769 memo=21268542 rss=670MB
  [18315s] nodes=23227301 memo=21288231 rss=670MB
  [18330s] nodes=23247614 memo=21307861 rss=670MB
  [18345s] nodes=23268424 memo=21327919 rss=670MB
  [18360s] nodes=23288519 memo=21347372 rss=670MB
  [18375s] nodes=23308748 memo=21366891 rss=670MB
  [18390s] nodes=23328860 memo=21386333 rss=670MB
  [18405s] nodes=23348639 memo=21405455 rss=670MB
  [18420s] nodes=23369128 memo=21425295 rss=670MB
  [18435s] nodes=23389016 memo=21444529 rss=670MB
  [18450s] nodes=23409559 memo=21464429 rss=670MB
  [18465s] nodes=23430529 memo=21484440 rss=670MB
  [18480s] nodes=23450902 memo=21504016 rss=670MB
  [18495s] nodes=23471053 memo=21523375 rss=670MB
  [18510s] nodes=23490874 memo=21542518 rss=670MB
  [18525s] nodes=23511240 memo=21562125 rss=670MB
  [18540s] nodes=23530643 memo=21580842 rss=670MB
  [18555s] nodes=23550495 memo=21600030 rss=670MB
  [18570s] nodes=23570297 memo=21619177 rss=670MB
  [18585s] nodes=23590130 memo=21638417 rss=670MB
  [18600s] nodes=23611417 memo=21658796 rss=670MB
  [18615s] nodes=23632116 memo=21678771 rss=669MB
  [18630s] nodes=23652242 memo=21698268 rss=669MB
  [18645s] nodes=23671867 memo=21717251 rss=669MB
  [18660s] nodes=23691110 memo=21735936 rss=669MB
  [18675s] nodes=23711080 memo=21755225 rss=669MB
  [18690s] nodes=23731239 memo=21774691 rss=669MB
  [18705s] nodes=23752236 memo=21795062 rss=669MB
  [18720s] nodes=23773448 memo=21815701 rss=669MB
  [18735s] nodes=23793902 memo=21835343 rss=669MB
  [18750s] nodes=23814793 memo=21855601 rss=669MB
  [18765s] nodes=23835200 memo=21874882 rss=669MB
  [18780s] nodes=23856113 memo=21894094 rss=669MB
  [18795s] nodes=23876533 memo=21913103 rss=669MB
  [18810s] nodes=23897287 memo=21932603 rss=669MB
  [18825s] nodes=23918396 memo=21952868 rss=669MB
  [18840s] nodes=23939464 memo=21973096 rss=669MB
  [18855s] nodes=23960688 memo=21993424 rss=669MB
  [18870s] nodes=23981882 memo=22013722 rss=669MB
  [18885s] nodes=24002440 memo=22033572 rss=669MB
  [18900s] nodes=24023581 memo=22053802 rss=669MB
  [18915s] nodes=24044631 memo=22073946 rss=669MB
  [18930s] nodes=24064607 memo=22093147 rss=669MB
  [18945s] nodes=24085915 memo=22113585 rss=669MB
  [18960s] nodes=24106875 memo=22133698 rss=669MB
  [18975s] nodes=24127729 memo=22153822 rss=669MB
  [18990s] nodes=24148060 memo=22173413 rss=669MB
  [19005s] nodes=24168629 memo=22193125 rss=669MB
  [19020s] nodes=24188330 memo=22212209 rss=669MB
  [19035s] nodes=24208579 memo=22231878 rss=669MB
  [19050s] nodes=24228422 memo=22251187 rss=669MB
  [19065s] nodes=24248084 memo=22270297 rss=669MB
  [19080s] nodes=24267853 memo=22289438 rss=669MB
  [19095s] nodes=24287437 memo=22308425 rss=669MB
  [19110s] nodes=24307695 memo=22328064 rss=669MB
  [19125s] nodes=24328434 memo=22348042 rss=669MB
  [19140s] nodes=24348878 memo=22367654 rss=669MB
  [19155s] nodes=24369480 memo=22387579 rss=669MB
  [19170s] nodes=24388949 memo=22406440 rss=669MB
  [19185s] nodes=24408995 memo=22425874 rss=669MB
  [19200s] nodes=24428974 memo=22445239 rss=669MB
  [19215s] nodes=24448389 memo=22464161 rss=669MB
  [19230s] nodes=24467270 memo=22482406 rss=669MB
  [19245s] nodes=24486824 memo=22501440 rss=669MB
  [19260s] nodes=24506932 memo=22520869 rss=669MB
  [19275s] nodes=24526642 memo=22539944 rss=669MB
  [19290s] nodes=24547078 memo=22559821 rss=669MB
  [19305s] nodes=24567420 memo=22579584 rss=669MB
  [19320s] nodes=24588068 memo=22599435 rss=669MB
  [19335s] nodes=24608928 memo=22619418 rss=669MB
  [19350s] nodes=24630979 memo=22640581 rss=669MB
  [19365s] nodes=24651976 memo=22660730 rss=669MB
  [19380s] nodes=24672530 memo=22680486 rss=669MB
  [19395s] nodes=24692886 memo=22700066 rss=669MB
  [19410s] nodes=24712804 memo=22719250 rss=669MB
  [19425s] nodes=24732327 memo=22738146 rss=669MB
  [19440s] nodes=24751710 memo=22756787 rss=669MB
  [19455s] nodes=24772816 memo=22776195 rss=669MB
  [19470s] nodes=24792953 memo=22794801 rss=669MB
  [19485s] nodes=24813045 memo=22813374 rss=669MB
  [19500s] nodes=24833290 memo=22831954 rss=669MB
  [19515s] nodes=24853363 memo=22850433 rss=669MB
  [19530s] nodes=24873011 memo=22868344 rss=669MB
  [19545s] nodes=24893381 memo=22886406 rss=669MB
  [19560s] nodes=24913616 memo=22904191 rss=669MB
  [19575s] nodes=24934154 memo=22922577 rss=669MB
  [19590s] nodes=24953930 memo=22940164 rss=669MB
  [19605s] nodes=24973503 memo=22957667 rss=669MB
  [19620s] nodes=24993016 memo=22975608 rss=669MB
  [19635s] nodes=25013179 memo=22994167 rss=669MB
  [19650s] nodes=25033068 memo=23012439 rss=669MB
  [19665s] nodes=25051274 memo=23029288 rss=669MB
  [19680s] nodes=25069974 memo=23046626 rss=669MB
  [19695s] nodes=25088701 memo=23063635 rss=669MB
  [19710s] nodes=25106851 memo=23079924 rss=669MB
  [19725s] nodes=25126817 memo=23097522 rss=669MB
  [19740s] nodes=25146540 memo=23114868 rss=669MB
  [19755s] nodes=25164914 memo=23131040 rss=669MB
  [19770s] nodes=25184726 memo=23148207 rss=669MB
  [19785s] nodes=25204373 memo=23164910 rss=669MB
  [19800s] nodes=25224396 memo=23182657 rss=669MB
  [19815s] nodes=25244571 memo=23200385 rss=669MB
  [19830s] nodes=25265293 memo=23218599 rss=669MB
  [19845s] nodes=25285897 memo=23236688 rss=669MB
  [19860s] nodes=25304167 memo=23253011 rss=669MB
  [19875s] nodes=25324012 memo=23270415 rss=669MB
  [19890s] nodes=25343099 memo=23287268 rss=675MB
  [19905s] nodes=25362774 memo=23304715 rss=693MB
  [19920s] nodes=25381701 memo=23321486 rss=711MB
  [19935s] nodes=25400102 memo=23337799 rss=721MB
  [19950s] nodes=25418976 memo=23354537 rss=747MB
  [19965s] nodes=25438319 memo=23371456 rss=756MB
  [19980s] nodes=25458085 memo=23388722 rss=792MB
  [19995s] nodes=25477163 memo=23405563 rss=838MB
  [20010s] nodes=25497483 memo=23423391 rss=903MB
  [20025s] nodes=25517363 memo=23440881 rss=961MB
  [20040s] nodes=25537037 memo=23458222 rss=1015MB
  [20055s] nodes=25557304 memo=23476035 rss=1055MB
  [20070s] nodes=25577705 memo=23493861 rss=1058MB
  [20085s] nodes=25597486 memo=23511118 rss=1077MB
  [20100s] nodes=25617932 memo=23529061 rss=1137MB
  [20115s] nodes=25638003 memo=23546810 rss=1201MB
  [20130s] nodes=25658062 memo=23564429 rss=1249MB
  [20145s] nodes=25678639 memo=23582625 rss=1293MB
  [20160s] nodes=25699777 memo=23601073 rss=1343MB
  [20175s] nodes=25719712 memo=23618578 rss=1373MB
  [20190s] nodes=25740210 memo=23636498 rss=1379MB
  [20205s] nodes=25760539 memo=23654416 rss=1380MB
  [20220s] nodes=25781259 memo=23672695 rss=1380MB
  [20235s] nodes=25802250 memo=23691076 rss=1380MB
  [20250s] nodes=25822647 memo=23709039 rss=1380MB
  [20265s] nodes=25842625 memo=23726656 rss=1380MB
  [20280s] nodes=25862699 memo=23744008 rss=1380MB
  [20295s] nodes=25882141 memo=23761325 rss=1380MB
  [20310s] nodes=25902632 memo=23779439 rss=1380MB
  [20325s] nodes=25924388 memo=23798409 rss=1380MB
  [20340s] nodes=25944337 memo=23816029 rss=1380MB
  [20355s] nodes=25965061 memo=23834192 rss=1380MB
  [20370s] nodes=25985616 memo=23852149 rss=1380MB
  [20385s] nodes=26006107 memo=23870255 rss=1380MB
  [20400s] nodes=26025975 memo=23887895 rss=1380MB
  [20415s] nodes=26046255 memo=23905367 rss=1274MB
  [20430s] nodes=26066389 memo=23922070 rss=1274MB
  [20445s] nodes=26086224 memo=23938647 rss=1274MB
  [20460s] nodes=26106394 memo=23955525 rss=1274MB
  [20475s] nodes=26126651 memo=23972350 rss=1274MB
  [20490s] nodes=26146688 memo=23989164 rss=1274MB
  [20505s] nodes=26166281 memo=24005604 rss=1274MB
  [20520s] nodes=26185754 memo=24022054 rss=1274MB
  [20535s] nodes=26206328 memo=24039402 rss=1267MB
  [20550s] nodes=26226411 memo=24056479 rss=1267MB
  [20565s] nodes=26245846 memo=24073020 rss=1267MB
  [20580s] nodes=26264948 memo=24089347 rss=1267MB
  [20595s] nodes=26284119 memo=24106280 rss=1267MB
  [20610s] nodes=26304071 memo=24123989 rss=1267MB
  [20625s] nodes=26324691 memo=24142059 rss=1267MB
  [20640s] nodes=26345511 memo=24159659 rss=1267MB
  [20655s] nodes=26365721 memo=24177475 rss=1267MB
  [20670s] nodes=26385598 memo=24194954 rss=1267MB
  [20685s] nodes=26406062 memo=24212888 rss=1267MB
  [20700s] nodes=26426419 memo=24230762 rss=1267MB
  [20715s] nodes=26446800 memo=24248731 rss=1267MB
  [20730s] nodes=26468317 memo=24267875 rss=1267MB
  [20745s] nodes=26488498 memo=24285698 rss=1267MB
  [20760s] nodes=26509096 memo=24303876 rss=1267MB
  [20775s] nodes=26528961 memo=24321430 rss=1267MB
  [20790s] nodes=26550197 memo=24340061 rss=1267MB
  [20805s] nodes=26571286 memo=24358453 rss=1267MB
  [20820s] nodes=26592391 memo=24376737 rss=1267MB
  [20835s] nodes=26613168 memo=24395020 rss=1267MB
  [20850s] nodes=26633431 memo=24412728 rss=1267MB
  [20865s] nodes=26653339 memo=24430176 rss=1267MB
  [20880s] nodes=26673215 memo=24447562 rss=1267MB
  [20895s] nodes=26692361 memo=24464417 rss=1267MB
  [20910s] nodes=26711576 memo=24481470 rss=1267MB
  [20925s] nodes=26731291 memo=24498858 rss=1267MB
  [20940s] nodes=26751030 memo=24516215 rss=1267MB
  [20955s] nodes=26769934 memo=24532839 rss=1267MB
  [20970s] nodes=26790439 memo=24550846 rss=1267MB
  [20985s] nodes=26810383 memo=24568426 rss=1267MB
  [21000s] nodes=26829158 memo=24585030 rss=1267MB
  [21015s] nodes=26849213 memo=24602993 rss=1267MB
  [21030s] nodes=26869909 memo=24622035 rss=1267MB
  [21045s] nodes=26890197 memo=24640775 rss=1267MB
  [21060s] nodes=26910442 memo=24659409 rss=1267MB
  [21075s] nodes=26930907 memo=24678235 rss=1267MB
  [21090s] nodes=26950370 memo=24696207 rss=1267MB
  [21105s] nodes=26970189 memo=24714521 rss=1267MB
  [21120s] nodes=26989908 memo=24732663 rss=1267MB
  [21135s] nodes=27010097 memo=24751245 rss=1267MB
  [21150s] nodes=27029729 memo=24769323 rss=1267MB
  [21165s] nodes=27049980 memo=24787970 rss=1267MB
  [21180s] nodes=27069460 memo=24805870 rss=1267MB
  [21195s] nodes=27089421 memo=24824139 rss=1267MB
  [21210s] nodes=27109209 memo=24842391 rss=1267MB
  [21225s] nodes=27129204 memo=24860813 rss=1267MB
  [21240s] nodes=27149260 memo=24879150 rss=1267MB
  [21255s] nodes=27169857 memo=24897980 rss=1267MB
  [21270s] nodes=27189901 memo=24916433 rss=1267MB
  [21285s] nodes=27209701 memo=24934751 rss=1267MB
  [21300s] nodes=27229981 memo=24953487 rss=1267MB
  [21315s] nodes=27249711 memo=24971664 rss=1267MB
  [21330s] nodes=27269688 memo=24990227 rss=1267MB
  [21345s] nodes=27289384 memo=25008457 rss=1267MB
  [21360s] nodes=27309698 memo=25027261 rss=1267MB
  [21375s] nodes=27329925 memo=25045841 rss=1267MB
  [21390s] nodes=27349901 memo=25064344 rss=1267MB
  [21405s] nodes=27369129 memo=25082368 rss=1267MB
  [21420s] nodes=27388395 memo=25100142 rss=1267MB
  [21435s] nodes=27408755 memo=25118993 rss=1267MB
  [21450s] nodes=27428849 memo=25137470 rss=1267MB
  [21465s] nodes=27448228 memo=25155303 rss=1267MB
  [21480s] nodes=27467728 memo=25173290 rss=1267MB
  [21495s] nodes=27487906 memo=25191880 rss=1267MB
  [21510s] nodes=27508075 memo=25210544 rss=1267MB
  [21525s] nodes=27528127 memo=25229033 rss=1267MB
  [21540s] nodes=27547493 memo=25246963 rss=1267MB
  [21555s] nodes=27566948 memo=25264888 rss=1267MB
  [21570s] nodes=27586749 memo=25283235 rss=1267MB
  [21585s] nodes=27605482 memo=25300680 rss=1267MB
  [21600s] nodes=27625203 memo=25318812 rss=1267MB
  [21615s] nodes=27644863 memo=25336987 rss=1267MB
  [21630s] nodes=27664052 memo=25354766 rss=1267MB
  [21645s] nodes=27683496 memo=25372671 rss=1267MB
  [21660s] nodes=27702513 memo=25390194 rss=1267MB
  [21675s] nodes=27721693 memo=25407906 rss=1267MB
  [21690s] nodes=27740606 memo=25425421 rss=1267MB
  [21705s] nodes=27760494 memo=25443748 rss=1267MB
  [21720s] nodes=27779525 memo=25461301 rss=1267MB
  [21735s] nodes=27798699 memo=25478922 rss=1267MB
  [21750s] nodes=27817625 memo=25496382 rss=1267MB
  [21765s] nodes=27836694 memo=25513936 rss=1267MB
  [21780s] nodes=27855981 memo=25531712 rss=1267MB
  [21795s] nodes=27875102 memo=25549304 rss=1267MB
  [21810s] nodes=27893318 memo=25566101 rss=1267MB
  [21825s] nodes=27911857 memo=25583164 rss=1267MB
  [21840s] nodes=27930196 memo=25600192 rss=1267MB
  [21855s] nodes=27948899 memo=25617544 rss=1267MB
  [21870s] nodes=27967808 memo=25635008 rss=1267MB
  [21885s] nodes=27987027 memo=25652712 rss=1267MB
  [21900s] nodes=28006108 memo=25670392 rss=1267MB
  [21915s] nodes=28025503 memo=25688296 rss=1267MB
  [21930s] nodes=28044630 memo=25705982 rss=1267MB
  [21945s] nodes=28064009 memo=25723906 rss=1267MB
  [21960s] nodes=28083030 memo=25741261 rss=1267MB
  [21975s] nodes=28101283 memo=25758082 rss=1267MB
  [21990s] nodes=28120518 memo=25775796 rss=1267MB
  [22005s] nodes=28139681 memo=25793531 rss=1267MB
  [22020s] nodes=28159567 memo=25811869 rss=1267MB
  [22035s] nodes=28178979 memo=25829746 rss=1267MB
  [22050s] nodes=28198741 memo=25847949 rss=1267MB
  [22065s] nodes=28218830 memo=25866375 rss=1267MB
  [22080s] nodes=28238139 memo=25884109 rss=1267MB
  [22095s] nodes=28257626 memo=25902015 rss=1267MB
  [22110s] nodes=28276808 memo=25919620 rss=1267MB
  [22125s] nodes=28295477 memo=25936911 rss=1267MB
  [22140s] nodes=28315205 memo=25955089 rss=1267MB
  [22155s] nodes=28334536 memo=25972938 rss=1267MB
  [22170s] nodes=28353167 memo=25990198 rss=1267MB
  [22185s] nodes=28372023 memo=26007561 rss=1267MB
  [22200s] nodes=28391712 memo=26025662 rss=1267MB
  [22215s] nodes=28410060 memo=26042637 rss=1267MB
  [22230s] nodes=28428890 memo=26059998 rss=1267MB
  [22245s] nodes=28447183 memo=26076868 rss=1267MB
  [22260s] nodes=28465439 memo=26093750 rss=1267MB
  [22275s] nodes=28483936 memo=26110748 rss=1267MB
  [22290s] nodes=28502112 memo=26127390 rss=1267MB
  [22305s] nodes=28520797 memo=26144590 rss=1267MB
  [22320s] nodes=28539888 memo=26162085 rss=1267MB
  [22335s] nodes=28558206 memo=26178963 rss=1267MB
  [22350s] nodes=28577720 memo=26196907 rss=1267MB
  [22365s] nodes=28596553 memo=26214263 rss=1267MB
  [22380s] nodes=28614818 memo=26231068 rss=1267MB
  [22395s] nodes=28633388 memo=26248315 rss=1267MB
  [22410s] nodes=28651827 memo=26265411 rss=1267MB
  [22425s] nodes=28669348 memo=26281576 rss=1267MB
  [22440s] nodes=28688088 memo=26299005 rss=1267MB
  [22455s] nodes=28706576 memo=26316137 rss=1267MB
  [22470s] nodes=28724601 memo=26332879 rss=1267MB
  [22485s] nodes=28743536 memo=26350305 rss=1267MB
  [22500s] nodes=28762596 memo=26367928 rss=1267MB
  [22515s] nodes=28781692 memo=26385520 rss=1267MB
  [22530s] nodes=28800427 memo=26402734 rss=1267MB
  [22545s] nodes=28819165 memo=26419955 rss=1267MB
  [22560s] nodes=28837959 memo=26437170 rss=1267MB
  [22575s] nodes=28856087 memo=26453425 rss=1267MB
  [22590s] nodes=28874548 memo=26470422 rss=1267MB
  [22605s] nodes=28892056 memo=26486773 rss=1267MB
  [22620s] nodes=28911541 memo=26504821 rss=1267MB
  [22635s] nodes=28930174 memo=26522107 rss=1267MB
  [22650s] nodes=28949460 memo=26539828 rss=1267MB
  [22665s] nodes=28968278 memo=26557189 rss=1267MB
  [22680s] nodes=28987114 memo=26574671 rss=1267MB
  [22695s] nodes=29005682 memo=26591951 rss=1267MB
  [22710s] nodes=29023579 memo=26608562 rss=1267MB
  [22725s] nodes=29041856 memo=26625567 rss=1267MB
  [22740s] nodes=29061030 memo=26643313 rss=1267MB
  [22755s] nodes=29080141 memo=26660991 rss=1267MB
  [22770s] nodes=29099219 memo=26678603 rss=1267MB
  [22785s] nodes=29117477 memo=26695513 rss=1267MB
  [22800s] nodes=29137097 memo=26713486 rss=1267MB
  [22815s] nodes=29155946 memo=26730857 rss=1267MB
  [22830s] nodes=29174249 memo=26747801 rss=1267MB
  [22845s] nodes=29193189 memo=26765171 rss=1267MB
  [22860s] nodes=29211850 memo=26782258 rss=1267MB
  [22875s] nodes=29230244 memo=26799381 rss=1267MB
  [22890s] nodes=29248885 memo=26816610 rss=1267MB
  [22905s] nodes=29268041 memo=26834245 rss=1267MB
  [22920s] nodes=29286886 memo=26851710 rss=1267MB
  [22935s] nodes=29306156 memo=26869465 rss=1267MB
  [22950s] nodes=29325499 memo=26887392 rss=1267MB
  [22965s] nodes=29345353 memo=26905732 rss=1267MB
  [22980s] nodes=29365267 memo=26924180 rss=1267MB
  [22995s] nodes=29384247 memo=26941823 rss=1267MB
  [23010s] nodes=29403246 memo=26959536 rss=1267MB
  [23025s] nodes=29422431 memo=26977292 rss=1267MB
  [23040s] nodes=29441862 memo=26995193 rss=1267MB
  [23055s] nodes=29460992 memo=27013013 rss=1267MB
  [23070s] nodes=29479244 memo=27029981 rss=1267MB
  [23085s] nodes=29498986 memo=27048198 rss=1267MB
  [23100s] nodes=29517757 memo=27065492 rss=1267MB
  [23115s] nodes=29537215 memo=27083495 rss=1267MB
  [23130s] nodes=29556224 memo=27101064 rss=1267MB
  [23145s] nodes=29576152 memo=27119503 rss=1267MB
  [23160s] nodes=29595270 memo=27137364 rss=1267MB
  [23175s] nodes=29614833 memo=27155569 rss=1267MB
  [23190s] nodes=29634309 memo=27173593 rss=1267MB
  [23205s] nodes=29653165 memo=27191127 rss=1267MB
  [23220s] nodes=29671991 memo=27208643 rss=1267MB
  [23235s] nodes=29691105 memo=27226396 rss=1267MB
  [23250s] nodes=29709801 memo=27243720 rss=1267MB
  [23265s] nodes=29729024 memo=27261521 rss=1267MB
  [23280s] nodes=29748237 memo=27279351 rss=1267MB
  [23295s] nodes=29768285 memo=27297840 rss=1267MB
  [23310s] nodes=29787469 memo=27315570 rss=1267MB
  [23325s] nodes=29807467 memo=27334043 rss=1267MB
  [23340s] nodes=29826480 memo=27351623 rss=1267MB
  [23355s] nodes=29845591 memo=27369328 rss=1267MB
  [23370s] nodes=29865024 memo=27387243 rss=1267MB
  [23385s] nodes=29884082 memo=27404956 rss=1267MB
  [23400s] nodes=29903833 memo=27423195 rss=1267MB
  [23415s] nodes=29923069 memo=27440905 rss=1267MB
  [23430s] nodes=29942569 memo=27458879 rss=1267MB
  [23445s] nodes=29961200 memo=27476188 rss=1267MB
  [23460s] nodes=29980573 memo=27494151 rss=1267MB
  [23475s] nodes=29999998 memo=27512235 rss=1267MB
  [23490s] nodes=30019252 memo=27529974 rss=1267MB
  [23505s] nodes=30037720 memo=27547026 rss=1267MB
  [23520s] nodes=30057156 memo=27564960 rss=1267MB
  [23535s] nodes=30076893 memo=27583160 rss=1267MB
  [23550s] nodes=30095745 memo=27600644 rss=1267MB
  [23565s] nodes=30115044 memo=27618457 rss=1267MB
  [23580s] nodes=30134713 memo=27636540 rss=1267MB
  [23595s] nodes=30153370 memo=27653865 rss=1267MB
  [23610s] nodes=30172110 memo=27671139 rss=1267MB
  [23625s] nodes=30191192 memo=27688689 rss=1267MB
  [23640s] nodes=30210001 memo=27706042 rss=1267MB
  [23655s] nodes=30229624 memo=27724136 rss=1267MB
  [23670s] nodes=30248974 memo=27742845 rss=1267MB
  [23685s] nodes=30268454 memo=27761608 rss=1267MB
  [23700s] nodes=30287085 memo=27779667 rss=1267MB
  [23715s] nodes=30306165 memo=27798068 rss=1267MB
  [23730s] nodes=30325238 memo=27816398 rss=1267MB
  [23745s] nodes=30344146 memo=27834611 rss=1267MB
  [23760s] nodes=30362629 memo=27852460 rss=1267MB
  [23775s] nodes=30381939 memo=27871081 rss=1267MB
  [23790s] nodes=30400477 memo=27889010 rss=1267MB
  [23805s] nodes=30419510 memo=27907363 rss=1267MB
  [23820s] nodes=30438634 memo=27925745 rss=1267MB
  [23835s] nodes=30458015 memo=27944490 rss=1267MB
  [23850s] nodes=30476450 memo=27962306 rss=1267MB
  [23865s] nodes=30496038 memo=27981285 rss=1267MB
  [23880s] nodes=30514557 memo=27999237 rss=1267MB
  [23895s] nodes=30533251 memo=28017269 rss=1267MB
  [23910s] nodes=30551775 memo=28035261 rss=1267MB
  [23925s] nodes=30570375 memo=28053268 rss=1267MB
  [23940s] nodes=30590578 memo=28072797 rss=1267MB
  [23955s] nodes=30609572 memo=28091111 rss=1267MB
  [23970s] nodes=30628679 memo=28109610 rss=1267MB
  [23985s] nodes=30647603 memo=28127893 rss=1267MB
  [24000s] nodes=30667045 memo=28146747 rss=1267MB
  [24015s] nodes=30686705 memo=28165729 rss=1267MB
  [24030s] nodes=30706064 memo=28184429 rss=1267MB
  [24045s] nodes=30725191 memo=28202888 rss=1267MB
  [24060s] nodes=30744875 memo=28221773 rss=1267MB
  [24075s] nodes=30764317 memo=28240500 rss=1267MB
  [24090s] nodes=30783053 memo=28258578 rss=1267MB
  [24105s] nodes=30802024 memo=28276863 rss=1267MB
  [24120s] nodes=30820906 memo=28295037 rss=1267MB
  [24135s] nodes=30840444 memo=28314004 rss=1267MB
  [24150s] nodes=30860052 memo=28333010 rss=1267MB
  [24165s] nodes=30879680 memo=28352074 rss=1267MB
  [24180s] nodes=30898867 memo=28370730 rss=1267MB
  [24195s] nodes=30917778 memo=28389131 rss=1267MB
  [24210s] nodes=30937632 memo=28408282 rss=1267MB
  [24225s] nodes=30956989 memo=28427018 rss=1267MB
  [24240s] nodes=30975557 memo=28444988 rss=1267MB
  [24255s] nodes=30995188 memo=28463932 rss=1267MB
  [24270s] nodes=31014593 memo=28482651 rss=1267MB
  [24285s] nodes=31033364 memo=28500786 rss=1267MB
  [24300s] nodes=31052018 memo=28518840 rss=1267MB
  [24315s] nodes=31070978 memo=28537086 rss=1267MB
  [24330s] nodes=31089741 memo=28555186 rss=1267MB
  [24345s] nodes=31108053 memo=28572924 rss=1267MB
  [24360s] nodes=31127554 memo=28591828 rss=1267MB
  [24375s] nodes=31145669 memo=28609259 rss=1267MB
  [24390s] nodes=31164688 memo=28627622 rss=1267MB
  [24405s] nodes=31183619 memo=28645885 rss=1267MB
  [24420s] nodes=31202821 memo=28664436 rss=1267MB
  [24435s] nodes=31221349 memo=28682322 rss=1267MB
  [24450s] nodes=31239667 memo=28700017 rss=1267MB
  [24465s] nodes=31257072 memo=28716873 rss=1267MB
  [24480s] nodes=31275803 memo=28735089 rss=1267MB
  [24495s] nodes=31295151 memo=28753844 rss=1267MB
  [24510s] nodes=31314190 memo=28772209 rss=1267MB
  [24525s] nodes=31333013 memo=28790384 rss=1267MB
  [24540s] nodes=31351626 memo=28808340 rss=1267MB
  [24555s] nodes=31369765 memo=28825947 rss=1267MB
  [24570s] nodes=31388842 memo=28844386 rss=1267MB
  [24585s] nodes=31408117 memo=28862976 rss=1267MB
  [24600s] nodes=31427499 memo=28881722 rss=1267MB
  [24615s] nodes=31446962 memo=28900395 rss=1267MB
  [24630s] nodes=31466614 memo=28919352 rss=1267MB
  [24645s] nodes=31486011 memo=28938077 rss=1267MB
  [24660s] nodes=31505181 memo=28956510 rss=1267MB
  [24675s] nodes=31524727 memo=28975291 rss=1267MB
  [24690s] nodes=31544200 memo=28994171 rss=1267MB
  [24705s] nodes=31563805 memo=29013085 rss=1267MB
  [24720s] nodes=31583215 memo=29031815 rss=1267MB
  [24735s] nodes=31602439 memo=29050353 rss=1267MB
  [24750s] nodes=31622277 memo=29069360 rss=1267MB
  [24765s] nodes=31640930 memo=29087275 rss=1267MB
  [24780s] nodes=31660437 memo=29106064 rss=1267MB
  [24795s] nodes=31680236 memo=29125136 rss=1267MB
  [24810s] nodes=31699550 memo=29143808 rss=1267MB
  [24825s] nodes=31718480 memo=29162165 rss=1267MB
  [24840s] nodes=31738099 memo=29181093 rss=1267MB
  [24855s] nodes=31757517 memo=29199920 rss=1267MB
  [24870s] nodes=31777406 memo=29219047 rss=1267MB
  [24885s] nodes=31796262 memo=29237306 rss=1267MB
  [24900s] nodes=31815867 memo=29256253 rss=1267MB
  [24915s] nodes=31835330 memo=29274948 rss=1267MB
  [24930s] nodes=31854056 memo=29293063 rss=1267MB
  [24945s] nodes=31873673 memo=29311989 rss=1267MB
  [24960s] nodes=31892975 memo=29330637 rss=1267MB
  [24975s] nodes=31912492 memo=29349512 rss=1267MB
  [24990s] nodes=31931676 memo=29368071 rss=1267MB
  [25005s] nodes=31951525 memo=29387202 rss=1267MB
  [25020s] nodes=31970824 memo=29405846 rss=1267MB
  [25035s] nodes=31990340 memo=29424667 rss=1267MB
  [25050s] nodes=32009321 memo=29443026 rss=1267MB
  [25065s] nodes=32028380 memo=29461309 rss=1267MB
  [25080s] nodes=32047631 memo=29479796 rss=1267MB
  [25095s] nodes=32066735 memo=29498224 rss=1267MB
  [25110s] nodes=32085508 memo=29516432 rss=1267MB
  [25125s] nodes=32104913 memo=29535172 rss=1267MB
  [25140s] nodes=32124701 memo=29554243 rss=1267MB
  [25155s] nodes=32143446 memo=29572411 rss=1267MB
  [25170s] nodes=32162719 memo=29590959 rss=1267MB
  [25185s] nodes=32182043 memo=29609676 rss=1267MB
  [25200s] nodes=32200769 memo=29627843 rss=1267MB
  [25215s] nodes=32220398 memo=29646791 rss=1267MB
  [25230s] nodes=32239264 memo=29664969 rss=1267MB
  [25245s] nodes=32258382 memo=29683416 rss=1267MB
  [25260s] nodes=32277102 memo=29701519 rss=1267MB
  [25275s] nodes=32296173 memo=29719891 rss=1267MB
  [25290s] nodes=32315367 memo=29738380 rss=1267MB
  [25305s] nodes=32334823 memo=29757010 rss=1267MB
  [25320s] nodes=32354383 memo=29775984 rss=1267MB
  [25335s] nodes=32373927 memo=29794799 rss=1267MB
  [25350s] nodes=32393718 memo=29813862 rss=1267MB
  [25365s] nodes=32413076 memo=29832479 rss=1267MB
  [25380s] nodes=32432212 memo=29850867 rss=1267MB
  [25395s] nodes=32450832 memo=29868811 rss=1267MB
  [25410s] nodes=32470431 memo=29887514 rss=1267MB
  [25425s] nodes=32489344 memo=29905670 rss=1267MB
  [25440s] nodes=32508446 memo=29924072 rss=1267MB
  [25455s] nodes=32527513 memo=29942405 rss=1267MB
  [25470s] nodes=32547055 memo=29961175 rss=1267MB
  [25485s] nodes=32565484 memo=29978886 rss=1267MB
  [25500s] nodes=32584068 memo=29996835 rss=1267MB
  [25515s] nodes=32602954 memo=30015112 rss=1267MB
  [25530s] nodes=32621805 memo=30033161 rss=1267MB
  [25545s] nodes=32640593 memo=30051236 rss=1267MB
  [25560s] nodes=32659433 memo=30069431 rss=1267MB
  [25575s] nodes=32677724 memo=30087098 rss=1267MB
  [25590s] nodes=32696511 memo=30105216 rss=1267MB
  [25605s] nodes=32716031 memo=30123952 rss=1267MB
  [25620s] nodes=32735066 memo=30142184 rss=1267MB
  [25635s] nodes=32753350 memo=30159625 rss=1267MB
  [25650s] nodes=32771985 memo=30177363 rss=1267MB
  [25665s] nodes=32790404 memo=30195173 rss=1267MB
  [25680s] nodes=32809775 memo=30213917 rss=1267MB
  [25695s] nodes=32828613 memo=30232220 rss=1267MB
  [25710s] nodes=32847635 memo=30250640 rss=1267MB
  [25725s] nodes=32866092 memo=30268548 rss=1267MB
  [25740s] nodes=32884937 memo=30286843 rss=1267MB
  [25755s] nodes=32903810 memo=30305026 rss=1267MB
  [25770s] nodes=32922628 memo=30323089 rss=1267MB
  [25785s] nodes=32941691 memo=30341389 rss=1267MB
  [25800s] nodes=32960667 memo=30359532 rss=1267MB
  [25815s] nodes=32979295 memo=30377514 rss=1267MB
  [25830s] nodes=32998374 memo=30395935 rss=1267MB
  [25845s] nodes=33017194 memo=30414148 rss=1267MB
  [25860s] nodes=33035974 memo=30432282 rss=1267MB
  [25875s] nodes=33055594 memo=30451174 rss=1267MB
  [25890s] nodes=33074791 memo=30469726 rss=1267MB
  [25905s] nodes=33093715 memo=30487991 rss=1267MB
  [25920s] nodes=33112997 memo=30506580 rss=1267MB
  [25935s] nodes=33132257 memo=30525262 rss=1267MB
  [25950s] nodes=33151499 memo=30543854 rss=1267MB
  [25965s] nodes=33170912 memo=30562554 rss=1267MB
  [25980s] nodes=33189950 memo=30580996 rss=1267MB
  [25995s] nodes=33208993 memo=30599422 rss=1267MB
  [26010s] nodes=33227749 memo=30617581 rss=1267MB
  [26025s] nodes=33246457 memo=30635707 rss=1267MB
  [26040s] nodes=33265561 memo=30654088 rss=1267MB
  [26055s] nodes=33285026 memo=30672810 rss=1267MB
  [26070s] nodes=33303565 memo=30690711 rss=1267MB
  [26085s] nodes=33322284 memo=30708804 rss=1267MB
  [26100s] nodes=33340333 memo=30726296 rss=1267MB
  [26115s] nodes=33358667 memo=30743898 rss=1267MB
  [26130s] nodes=33377791 memo=30761589 rss=1267MB
  [26145s] nodes=33396624 memo=30779036 rss=1267MB
  [26160s] nodes=33415704 memo=30796651 rss=1267MB
  [26175s] nodes=33434982 memo=30814848 rss=1267MB
  [26190s] nodes=33453971 memo=30833222 rss=1267MB
  [26205s] nodes=33472820 memo=30851470 rss=1267MB
  [26220s] nodes=33491588 memo=30869714 rss=1267MB
  [26235s] nodes=33510808 memo=30888295 rss=1267MB
  [26250s] nodes=33529933 memo=30906890 rss=1267MB
  [26265s] nodes=33549427 memo=30925808 rss=1267MB
  [26280s] nodes=33568541 memo=30944330 rss=1267MB
  [26295s] nodes=33586906 memo=30962181 rss=1267MB
  [26310s] nodes=33605350 memo=30980036 rss=1267MB
  [26325s] nodes=33623131 memo=30997286 rss=1267MB
  [26340s] nodes=33640739 memo=31014402 rss=1267MB
  [26355s] nodes=33658292 memo=31031411 rss=1267MB
  [26370s] nodes=33676344 memo=31048868 rss=1267MB
  [26385s] nodes=33693895 memo=31065862 rss=1267MB
  [26400s] nodes=33712346 memo=31083746 rss=1267MB
  [26415s] nodes=33731449 memo=31102286 rss=1267MB
  [26430s] nodes=33750767 memo=31121076 rss=1267MB
  [26445s] nodes=33768738 memo=31138418 rss=1267MB
  [26460s] nodes=33787209 memo=31156213 rss=1267MB
  [26475s] nodes=33805442 memo=31173786 rss=1267MB
  [26490s] nodes=33823800 memo=31191412 rss=1267MB
  [26505s] nodes=33843049 memo=31209996 rss=1267MB
  [26520s] nodes=33862631 memo=31228768 rss=1267MB
  [26535s] nodes=33881483 memo=31246867 rss=1267MB
  [26550s] nodes=33899786 memo=31264476 rss=1267MB
  [26565s] nodes=33918781 memo=31282790 rss=1267MB
  [26580s] nodes=33936860 memo=31300277 rss=1267MB
  [26595s] nodes=33956106 memo=31318808 rss=1267MB
  [26610s] nodes=33973604 memo=31335746 rss=1267MB
  [26625s] nodes=33991776 memo=31353219 rss=1267MB
  [26640s] nodes=34010569 memo=31371315 rss=1267MB
  [26655s] nodes=34029601 memo=31389693 rss=1267MB
  [26670s] nodes=34048672 memo=31407992 rss=1267MB
  [26685s] nodes=34067023 memo=31425632 rss=1267MB
  [26700s] nodes=34084569 memo=31442466 rss=1267MB
  [26715s] nodes=34103624 memo=31460781 rss=1267MB
  [26730s] nodes=34122861 memo=31479217 rss=1267MB
  [26745s] nodes=34142345 memo=31497948 rss=1267MB
  [26760s] nodes=34161362 memo=31516289 rss=1267MB
  [26775s] nodes=34180355 memo=31534606 rss=1267MB
  [26790s] nodes=34199500 memo=31553009 rss=1267MB
  [26805s] nodes=34218740 memo=31571482 rss=1267MB
  [26820s] nodes=34238378 memo=31590292 rss=1267MB
  [26835s] nodes=34257638 memo=31608810 rss=1267MB
  [26850s] nodes=34276508 memo=31626851 rss=1267MB
  [26865s] nodes=34296438 memo=31645921 rss=1267MB
  [26880s] nodes=34315542 memo=31664305 rss=1267MB
  [26895s] nodes=34334073 memo=31682117 rss=1267MB
  [26910s] nodes=34352924 memo=31700134 rss=1267MB
  [26925s] nodes=34372294 memo=31718742 rss=1267MB
  [26940s] nodes=34391449 memo=31737213 rss=1267MB
  [26955s] nodes=34410738 memo=31755729 rss=1267MB
  [26970s] nodes=34429601 memo=31773984 rss=1267MB
  [26985s] nodes=34448530 memo=31792193 rss=1267MB
  [27000s] nodes=34467870 memo=31810739 rss=1267MB
  [27015s] nodes=34486863 memo=31829005 rss=1267MB
  [27030s] nodes=34505935 memo=31847339 rss=1267MB
  [27045s] nodes=34524635 memo=31865399 rss=1267MB
  [27060s] nodes=34543606 memo=31883820 rss=1267MB
  [27075s] nodes=34562592 memo=31902157 rss=1267MB
  [27090s] nodes=34581626 memo=31920399 rss=1267MB
  [27105s] nodes=34600100 memo=31938198 rss=1267MB
  [27120s] nodes=34619377 memo=31956816 rss=1267MB
  [27135s] nodes=34637405 memo=31974261 rss=1267MB
  [27150s] nodes=34656651 memo=31992834 rss=1267MB
  [27165s] nodes=34675544 memo=32011118 rss=1267MB
  [27180s] nodes=34694569 memo=32029387 rss=1267MB
  [27195s] nodes=34713472 memo=32047637 rss=1267MB
  [27210s] nodes=34731682 memo=32065231 rss=1267MB
  [27225s] nodes=34750315 memo=32083210 rss=1267MB
  [27240s] nodes=34768957 memo=32101230 rss=1267MB
  [27255s] nodes=34787861 memo=32119480 rss=1267MB
  [27270s] nodes=34806110 memo=32137179 rss=1267MB
  [27285s] nodes=34823955 memo=32154542 rss=1267MB
  [27300s] nodes=34843528 memo=32173451 rss=1267MB
  [27315s] nodes=34862937 memo=32192224 rss=1267MB
  [27330s] nodes=34882183 memo=32210840 rss=1267MB
  [27345s] nodes=34900930 memo=32228939 rss=1267MB
  [27360s] nodes=34919158 memo=32246601 rss=1267MB
  [27375s] nodes=34937809 memo=32264701 rss=1267MB
  [27390s] nodes=34956037 memo=32282053 rss=1267MB
  [27405s] nodes=34975290 memo=32300470 rss=1267MB
  [27420s] nodes=34993473 memo=32317774 rss=1267MB
  [27435s] nodes=35012262 memo=32335899 rss=1267MB
  [27450s] nodes=35030885 memo=32353966 rss=1267MB
  [27465s] nodes=35048796 memo=32371265 rss=1267MB
  [27480s] nodes=35066694 memo=32388582 rss=1267MB
  [27495s] nodes=35085145 memo=32406255 rss=1267MB
  [27510s] nodes=35103537 memo=32423953 rss=1267MB
  [27525s] nodes=35121947 memo=32441560 rss=1267MB
  [27540s] nodes=35140483 memo=32459450 rss=1267MB
  [27555s] nodes=35159232 memo=32477372 rss=1267MB
  [27570s] nodes=35178559 memo=32495578 rss=1267MB
  [27585s] nodes=35197210 memo=32513455 rss=1267MB
  [27600s] nodes=35216063 memo=32531539 rss=1267MB
  [27615s] nodes=35234754 memo=32549405 rss=1267MB
  [27630s] nodes=35253695 memo=32567574 rss=1267MB
  [27645s] nodes=35272726 memo=32585843 rss=1267MB
  [27660s] nodes=35290915 memo=32603296 rss=1267MB
  [27675s] nodes=35309606 memo=32621244 rss=1267MB
  [27690s] nodes=35328263 memo=32639111 rss=1267MB
  [27705s] nodes=35347361 memo=32657423 rss=1267MB
  [27720s] nodes=35366296 memo=32675620 rss=1267MB
  [27735s] nodes=35385097 memo=32693628 rss=1267MB
  [27750s] nodes=35402416 memo=32710208 rss=1267MB
  [27765s] nodes=35420627 memo=32727665 rss=1267MB
  [27780s] nodes=35439086 memo=32745400 rss=1267MB
  [27795s] nodes=35457433 memo=32763090 rss=1267MB
  [27810s] nodes=35475132 memo=32780195 rss=1267MB
  [27825s] nodes=35493334 memo=32797646 rss=1267MB
  [27840s] nodes=35511996 memo=32815547 rss=1267MB
  [27855s] nodes=35529711 memo=32832699 rss=1267MB
  [27870s] nodes=35547570 memo=32849907 rss=1267MB
  [27885s] nodes=35564940 memo=32866656 rss=1267MB
  [27900s] nodes=35582861 memo=32883924 rss=1267MB
  [27915s] nodes=35600835 memo=32901301 rss=1267MB
  [27930s] nodes=35619394 memo=32919216 rss=1267MB
  [27945s] nodes=35637512 memo=32936694 rss=1267MB
  [27960s] nodes=35656227 memo=32954670 rss=1267MB
  [27975s] nodes=35673933 memo=32971762 rss=1267MB
  [27990s] nodes=35691848 memo=32988976 rss=1267MB
  [28005s] nodes=35709905 memo=33006294 rss=1267MB
  [28020s] nodes=35727604 memo=33023319 rss=1267MB
  [28035s] nodes=35745804 memo=33040768 rss=1267MB
  [28050s] nodes=35764056 memo=33058408 rss=1267MB
  [28065s] nodes=35781849 memo=33075604 rss=1267MB
  [28080s] nodes=35799920 memo=33093078 rss=1267MB
  [28095s] nodes=35817181 memo=33109738 rss=1267MB
  [28110s] nodes=35834362 memo=33126424 rss=1267MB
  [28125s] nodes=35852341 memo=33143936 rss=1267MB
  [28140s] nodes=35870476 memo=33161429 rss=1267MB
  [28155s] nodes=35888377 memo=33178725 rss=1267MB
  [28170s] nodes=35906505 memo=33196217 rss=1267MB
  [28185s] nodes=35923881 memo=33213022 rss=1267MB
  [28200s] nodes=35941926 memo=33230561 rss=1267MB
  [28215s] nodes=35959418 memo=33247554 rss=1267MB
  [28230s] nodes=35977156 memo=33264718 rss=1267MB
  [28245s] nodes=35994508 memo=33281460 rss=1267MB
  [28260s] nodes=36013072 memo=33299380 rss=1267MB
  [28275s] nodes=36031034 memo=33316704 rss=1267MB
  [28290s] nodes=36049440 memo=33334422 rss=1267MB
  [28305s] nodes=36067420 memo=33351800 rss=1267MB
  [28320s] nodes=36084837 memo=33368614 rss=1267MB
  [28335s] nodes=36102760 memo=33385977 rss=1267MB
  [28350s] nodes=36120943 memo=33403647 rss=1267MB
  [28365s] nodes=36139007 memo=33421187 rss=1267MB
  [28380s] nodes=36156956 memo=33438569 rss=1267MB
  [28395s] nodes=36175075 memo=33456134 rss=1267MB
  [28410s] nodes=36192616 memo=33473237 rss=1267MB
  [28425s] nodes=36211551 memo=33491634 rss=1267MB
  [28440s] nodes=36230169 memo=33509574 rss=1267MB
  [28455s] nodes=36248496 memo=33527273 rss=1267MB
  [28470s] nodes=36266354 memo=33544547 rss=1267MB
  [28485s] nodes=36284913 memo=33562465 rss=1267MB
  [28500s] nodes=36302171 memo=33579148 rss=1267MB
  [28515s] nodes=36320309 memo=33596666 rss=1267MB
  [28530s] nodes=36338716 memo=33614458 rss=1267MB
  [28545s] nodes=36356499 memo=33631670 rss=1267MB
  [28560s] nodes=36375509 memo=33650040 rss=1267MB
  [28575s] nodes=36393562 memo=33667495 rss=1267MB
  [28590s] nodes=36411989 memo=33685334 rss=1267MB
  [28605s] nodes=36429732 memo=33702585 rss=1267MB
  [28620s] nodes=36446525 memo=33718830 rss=1267MB
  [28635s] nodes=36465922 memo=33737674 rss=1267MB
  [28650s] nodes=36484876 memo=33755989 rss=1267MB
  [28665s] nodes=36503483 memo=33773972 rss=1267MB
  [28680s] nodes=36521501 memo=33791454 rss=1267MB
  [28695s] nodes=36539640 memo=33809093 rss=1267MB
  [28710s] nodes=36558332 memo=33827257 rss=1267MB
  [28725s] nodes=36576643 memo=33844644 rss=1267MB
  [28740s] nodes=36595270 memo=33861723 rss=1267MB
  [28755s] nodes=36613858 memo=33879391 rss=1267MB
  [28770s] nodes=36633052 memo=33897931 rss=1267MB
  [28785s] nodes=36651754 memo=33916040 rss=1267MB
  [28800s] nodes=36669629 memo=33933355 rss=1267MB
  [28815s] nodes=36687767 memo=33950712 rss=1267MB
  [28830s] nodes=36706819 memo=33968854 rss=1267MB
  [28845s] nodes=36725653 memo=33987074 rss=1267MB
  [28860s] nodes=36743872 memo=34004726 rss=1267MB
  [28875s] nodes=36763218 memo=34023516 rss=1267MB
  [28890s] nodes=36781860 memo=34041533 rss=1267MB
  [28905s] nodes=36800412 memo=34059543 rss=1267MB
  [28920s] nodes=36819375 memo=34077841 rss=1267MB
  [28935s] nodes=36838818 memo=34096692 rss=1267MB
  [28950s] nodes=36857744 memo=34114957 rss=1267MB
  [28965s] nodes=36876923 memo=34133497 rss=1267MB
  [28980s] nodes=36896892 memo=34152817 rss=1267MB
  [28995s] nodes=36916135 memo=34171430 rss=1267MB
  [29010s] nodes=36934841 memo=34189601 rss=1267MB
  [29025s] nodes=36953627 memo=34207847 rss=1267MB
  [29040s] nodes=36971683 memo=34225416 rss=1267MB
  [29055s] nodes=36990374 memo=34243530 rss=1267MB
  [29070s] nodes=37008671 memo=34261209 rss=1267MB
  [29085s] nodes=37027291 memo=34279235 rss=1267MB
  [29100s] nodes=37045846 memo=34297225 rss=1267MB
  [29115s] nodes=37064349 memo=34315152 rss=1267MB
  [29130s] nodes=37083168 memo=34333332 rss=1267MB
  [29145s] nodes=37101586 memo=34351196 rss=1267MB
  [29160s] nodes=37119960 memo=34369044 rss=1267MB
  [29175s] nodes=37138449 memo=34386895 rss=1267MB
  [29190s] nodes=37157640 memo=34405382 rss=1267MB
  [29205s] nodes=37174521 memo=34421684 rss=1267MB
  [29220s] nodes=37193344 memo=34439772 rss=1267MB
  [29235s] nodes=37211273 memo=34457121 rss=1267MB
  [29250s] nodes=37230024 memo=34475190 rss=1267MB
  [29265s] nodes=37249183 memo=34493685 rss=1267MB
  [29280s] nodes=37268051 memo=34511944 rss=1267MB
  [29295s] nodes=37286691 memo=34530026 rss=1267MB
  [29310s] nodes=37304182 memo=34547009 rss=1267MB
  [29325s] nodes=37322459 memo=34564725 rss=1267MB
  [29340s] nodes=37340378 memo=34582086 rss=1267MB
  [29355s] nodes=37358156 memo=34599278 rss=1267MB
  [29370s] nodes=37376144 memo=34616734 rss=1267MB
  [29385s] nodes=37394664 memo=34634725 rss=1267MB
  [29400s] nodes=37412002 memo=34651573 rss=1267MB
  [29415s] nodes=37428243 memo=34667308 rss=1267MB
  [29430s] nodes=37447608 memo=34685952 rss=1267MB
  [29445s] nodes=37466870 memo=34704509 rss=1267MB
  [29460s] nodes=37485480 memo=34722590 rss=1267MB
  [29475s] nodes=37504709 memo=34741216 rss=1267MB
  [29490s] nodes=37523544 memo=34759415 rss=1267MB
  [29505s] nodes=37541215 memo=34776477 rss=1267MB
  [29520s] nodes=37560560 memo=34795094 rss=1267MB
  [29535s] nodes=37579000 memo=34812883 rss=1267MB
  [29550s] nodes=37596894 memo=34830212 rss=1267MB
  [29565s] nodes=37615549 memo=34848108 rss=1267MB
  [29580s] nodes=37634497 memo=34866323 rss=1267MB
  [29595s] nodes=37652207 memo=34883417 rss=1267MB
  [29610s] nodes=37670311 memo=34900905 rss=1267MB
  [29625s] nodes=37688133 memo=34918120 rss=1267MB
  [29640s] nodes=37706073 memo=34935541 rss=1267MB
  [29655s] nodes=37724103 memo=34952958 rss=1267MB
  [29670s] nodes=37741975 memo=34970242 rss=1267MB
  [29685s] nodes=37760667 memo=34988295 rss=1267MB
  [29700s] nodes=37778587 memo=35005567 rss=1267MB
  [29715s] nodes=37796314 memo=35022642 rss=1267MB
  [29730s] nodes=37814123 memo=35039805 rss=1267MB
  [29745s] nodes=37831970 memo=35056978 rss=1267MB
  [29760s] nodes=37849840 memo=35074284 rss=1267MB
  [29775s] nodes=37867717 memo=35091448 rss=1267MB
  [29790s] nodes=37885617 memo=35108637 rss=1267MB
  [29805s] nodes=37901409 memo=35123868 rss=1267MB
  [29820s] nodes=37919472 memo=35141322 rss=1267MB
  [29835s] nodes=37937622 memo=35158937 rss=1267MB
  [29850s] nodes=37956198 memo=35176866 rss=1267MB
  [29865s] nodes=37973758 memo=35193885 rss=1267MB
  [29880s] nodes=37991155 memo=35210751 rss=1267MB
  [29895s] nodes=38009785 memo=35228739 rss=1267MB
  [29910s] nodes=38028611 memo=35246861 rss=1267MB
  [29925s] nodes=38047069 memo=35264744 rss=1267MB
  [29940s] nodes=38065217 memo=35282277 rss=1267MB
  [29955s] nodes=38083209 memo=35299675 rss=1267MB
  [29970s] nodes=38101068 memo=35317006 rss=1267MB
  [29985s] nodes=38119514 memo=35334791 rss=1267MB
  [30000s] nodes=38137481 memo=35352195 rss=1267MB
  [30015s] nodes=38156938 memo=35370957 rss=1267MB
  [30030s] nodes=38175535 memo=35388948 rss=1267MB
  [30045s] nodes=38193810 memo=35406557 rss=1267MB
  [30060s] nodes=38212129 memo=35424206 rss=1267MB
  [30075s] nodes=38230152 memo=35441614 rss=1267MB
  [30090s] nodes=38248100 memo=35458246 rss=1267MB
  [30105s] nodes=38267074 memo=35476253 rss=1267MB
  [30120s] nodes=38285914 memo=35494537 rss=1267MB
  [30135s] nodes=38304695 memo=35512669 rss=1267MB
  [30150s] nodes=38323214 memo=35530515 rss=1267MB
  [30165s] nodes=38341088 memo=35547766 rss=1267MB
  [30180s] nodes=38360140 memo=35566121 rss=1267MB
  [30195s] nodes=38378848 memo=35584199 rss=1267MB
  [30210s] nodes=38397268 memo=35601957 rss=1267MB
  [30225s] nodes=38416046 memo=35620018 rss=1267MB
  [30240s] nodes=38434542 memo=35637897 rss=1267MB
  [30255s] nodes=38452960 memo=35655709 rss=1267MB
  [30270s] nodes=38471699 memo=35673887 rss=1267MB
  [30285s] nodes=38491144 memo=35692695 rss=1267MB
  [30300s] nodes=38509478 memo=35710442 rss=1267MB
  [30315s] nodes=38527295 memo=35727609 rss=1267MB
  [30330s] nodes=38546006 memo=35745008 rss=1267MB
  [30345s] nodes=38563985 memo=35762327 rss=1267MB
  [30360s] nodes=38582153 memo=35779871 rss=1267MB
  [30375s] nodes=38599942 memo=35797065 rss=1267MB
  [30390s] nodes=38618534 memo=35815088 rss=1267MB
  [30405s] nodes=38636295 memo=35832346 rss=1267MB
  [30420s] nodes=38654779 memo=35850271 rss=1267MB
  [30435s] nodes=38673045 memo=35867985 rss=1267MB
  [30450s] nodes=38691216 memo=35885558 rss=1267MB
  [30465s] nodes=38709486 memo=35903335 rss=1267MB
  [30480s] nodes=38728638 memo=35921810 rss=1267MB
  [30495s] nodes=38747424 memo=35939923 rss=1267MB
  [30510s] nodes=38765198 memo=35957158 rss=1267MB
  [30525s] nodes=38782720 memo=35974134 rss=1267MB
  [30540s] nodes=38800379 memo=35990925 rss=1267MB
  [30555s] nodes=38818040 memo=36007584 rss=1267MB
  [30570s] nodes=38834962 memo=36023929 rss=1267MB
  [30585s] nodes=38852556 memo=36040962 rss=1267MB
  [30600s] nodes=38870593 memo=36058276 rss=1267MB
  [30615s] nodes=38888818 memo=36075896 rss=1267MB
  [30630s] nodes=38906490 memo=36092985 rss=1267MB
  [30645s] nodes=38924673 memo=36110542 rss=1267MB
  [30660s] nodes=38941248 memo=36126536 rss=1267MB
  [30675s] nodes=38958880 memo=36143681 rss=1267MB
  [30690s] nodes=38977535 memo=36161737 rss=1267MB
  [30705s] nodes=38995634 memo=36179192 rss=1267MB
  [30720s] nodes=39012611 memo=36195626 rss=1267MB
  [30735s] nodes=39031308 memo=36213703 rss=1267MB
  [30750s] nodes=39049940 memo=36231591 rss=1267MB
  [30765s] nodes=39067063 memo=36248071 rss=1267MB
  [30780s] nodes=39085682 memo=36265959 rss=1267MB
  [30795s] nodes=39104094 memo=36283659 rss=1267MB
  [30810s] nodes=39122013 memo=36300931 rss=1267MB
  [30825s] nodes=39140612 memo=36318829 rss=1267MB
  [30840s] nodes=39158561 memo=36336168 rss=1267MB
  [30855s] nodes=39176588 memo=36353494 rss=1267MB
  [30870s] nodes=39194516 memo=36370778 rss=1267MB
  [30885s] nodes=39213069 memo=36388678 rss=1267MB
  [30900s] nodes=39231253 memo=36406287 rss=1267MB
  [30915s] nodes=39250179 memo=36424584 rss=1267MB
  [30930s] nodes=39267703 memo=36441467 rss=1267MB
  [30945s] nodes=39286015 memo=36459149 rss=1267MB
  [30960s] nodes=39303980 memo=36476530 rss=1267MB
  [30975s] nodes=39322455 memo=36494418 rss=1267MB
  [30990s] nodes=39340650 memo=36511966 rss=1267MB
  [31005s] nodes=39358227 memo=36528882 rss=1267MB
  [31020s] nodes=39375118 memo=36545224 rss=1267MB
  [31035s] nodes=39392517 memo=36562137 rss=1267MB
  [31050s] nodes=39410049 memo=36579111 rss=1267MB
  [31065s] nodes=39428484 memo=36596843 rss=1267MB
  [31080s] nodes=39445885 memo=36613737 rss=1267MB
  [31095s] nodes=39463566 memo=36630765 rss=1267MB
  [31110s] nodes=39481288 memo=36648059 rss=1267MB
  [31125s] nodes=39499734 memo=36665668 rss=1267MB
  [31140s] nodes=39517569 memo=36682884 rss=1267MB
  [31155s] nodes=39535714 memo=36700406 rss=1267MB
  [31170s] nodes=39554041 memo=36718199 rss=1267MB
  [31185s] nodes=39572571 memo=36736053 rss=1267MB
  [31200s] nodes=39591019 memo=36754031 rss=1267MB
  [31215s] nodes=39609501 memo=36771823 rss=1267MB
  [31230s] nodes=39627355 memo=36788963 rss=1267MB
  [31245s] nodes=39645063 memo=36805988 rss=1267MB
  [31260s] nodes=39663055 memo=36823279 rss=1267MB
  [31275s] nodes=39681352 memo=36840992 rss=1267MB
  [31290s] nodes=39699373 memo=36858485 rss=1267MB
  [31305s] nodes=39717238 memo=36875716 rss=1267MB
  [31320s] nodes=39735347 memo=36893279 rss=1267MB
  [31335s] nodes=39753874 memo=36911215 rss=1267MB
  [31350s] nodes=39772523 memo=36929208 rss=1267MB
  [31365s] nodes=39790487 memo=36946670 rss=1267MB
  [31380s] nodes=39808585 memo=36964156 rss=1267MB
  [31395s] nodes=39826655 memo=36981692 rss=1267MB
  [31410s] nodes=39844995 memo=36999519 rss=1267MB
  [31425s] nodes=39863092 memo=37017077 rss=1267MB
  [31440s] nodes=39881754 memo=37035176 rss=1267MB
  [31455s] nodes=39900032 memo=37052925 rss=1267MB
  [31470s] nodes=39918195 memo=37070612 rss=1267MB
  [31485s] nodes=39936211 memo=37088046 rss=1267MB
  [31500s] nodes=39954541 memo=37105788 rss=1267MB
  [31515s] nodes=39973275 memo=37123922 rss=1267MB
  [31530s] nodes=39992106 memo=37142282 rss=1267MB
  [31545s] nodes=40010358 memo=37160034 rss=1267MB
  [31560s] nodes=40028668 memo=37177777 rss=1267MB
  [31575s] nodes=40047193 memo=37195679 rss=1267MB
  [31590s] nodes=40065688 memo=37213581 rss=1267MB
  [31605s] nodes=40083831 memo=37231127 rss=1267MB
  [31620s] nodes=40101913 memo=37248633 rss=1267MB
  [31635s] nodes=40120168 memo=37266248 rss=1267MB
  [31650s] nodes=40138977 memo=37284459 rss=1267MB
  [31665s] nodes=40157454 memo=37302348 rss=1267MB
  [31680s] nodes=40176111 memo=37320280 rss=1267MB
  [31695s] nodes=40194772 memo=37338237 rss=1267MB
  [31710s] nodes=40213096 memo=37355980 rss=1267MB
  [31725s] nodes=40231939 memo=37374184 rss=1267MB
  [31740s] nodes=40250422 memo=37391925 rss=1267MB
  [31755s] nodes=40269026 memo=37409869 rss=1267MB
  [31770s] nodes=40288130 memo=37428347 rss=1267MB
  [31785s] nodes=40306618 memo=37446253 rss=1267MB
  [31800s] nodes=40324700 memo=37463735 rss=1267MB
  [31815s] nodes=40342438 memo=37480903 rss=1267MB
  [31830s] nodes=40360736 memo=37498641 rss=1267MB
  [31845s] nodes=40379236 memo=37516612 rss=1267MB
  [31860s] nodes=40397777 memo=37534564 rss=1267MB
  [31875s] nodes=40416646 memo=37552894 rss=1267MB
  [31890s] nodes=40435062 memo=37570772 rss=1267MB
  [31905s] nodes=40453461 memo=37588576 rss=1267MB
  [31920s] nodes=40471894 memo=37606515 rss=1267MB
  [31935s] nodes=40490739 memo=37624779 rss=1267MB
  [31950s] nodes=40509137 memo=37642647 rss=1267MB
  [31965s] nodes=40527667 memo=37660663 rss=1267MB
  [31980s] nodes=40546341 memo=37678691 rss=1267MB
  [31995s] nodes=40564732 memo=37696499 rss=1267MB
  [32010s] nodes=40583194 memo=37714343 rss=1267MB
  [32025s] nodes=40601996 memo=37732521 rss=1267MB
  [32040s] nodes=40620626 memo=37750587 rss=1267MB
  [32055s] nodes=40638949 memo=37768303 rss=1267MB
  [32070s] nodes=40656910 memo=37785725 rss=1267MB
  [32085s] nodes=40675097 memo=37803389 rss=1267MB
  [32100s] nodes=40693966 memo=37821674 rss=1267MB
  [32115s] nodes=40712849 memo=37840020 rss=1267MB
  [32130s] nodes=40730675 memo=37857223 rss=1267MB
  [32145s] nodes=40748399 memo=37874388 rss=1267MB
  [32160s] nodes=40766649 memo=37892114 rss=1267MB
  [32175s] nodes=40786196 memo=37910941 rss=1267MB
  [32190s] nodes=40804979 memo=37929112 rss=1267MB
  [32205s] nodes=40824053 memo=37947538 rss=1267MB
  [32220s] nodes=40842747 memo=37965687 rss=1267MB
  [32235s] nodes=40861542 memo=37983929 rss=1267MB
  [32250s] nodes=40879863 memo=38001760 rss=1267MB
  [32265s] nodes=40898302 memo=38019644 rss=1267MB
  [32280s] nodes=40916468 memo=38037248 rss=1267MB
  [32295s] nodes=40934705 memo=38054794 rss=1267MB
  [32310s] nodes=40952994 memo=38072410 rss=1267MB
  [32325s] nodes=40971859 memo=38090689 rss=1267MB
  [32340s] nodes=40989951 memo=38108224 rss=1267MB
  [32355s] nodes=41008951 memo=38126687 rss=1267MB
  [32370s] nodes=41027493 memo=38144726 rss=1267MB
  [32385s] nodes=41046530 memo=38163176 rss=1267MB
  [32400s] nodes=41065782 memo=38181868 rss=1267MB
  [32415s] nodes=41084834 memo=38200375 rss=1267MB
  [32430s] nodes=41103096 memo=38218261 rss=1267MB
  [32445s] nodes=41121843 memo=38236566 rss=1267MB
  [32460s] nodes=41141054 memo=38255295 rss=1267MB
  [32475s] nodes=41159717 memo=38273442 rss=1267MB
  [32490s] nodes=41178165 memo=38291045 rss=1267MB
  [32505s] nodes=41196708 memo=38309029 rss=1267MB
  [32520s] nodes=41215573 memo=38327162 rss=1267MB
  [32535s] nodes=41234307 memo=38345321 rss=1267MB
  [32550s] nodes=41252918 memo=38363369 rss=1267MB
  [32565s] nodes=41271446 memo=38381345 rss=1267MB
  [32580s] nodes=41290755 memo=38400058 rss=1267MB
  [32595s] nodes=41309069 memo=38417681 rss=1267MB
  [32610s] nodes=41327196 memo=38435224 rss=1267MB
  [32625s] nodes=41345900 memo=38453162 rss=1267MB
  [32640s] nodes=41364434 memo=38470607 rss=1267MB
  [32655s] nodes=41383593 memo=38489035 rss=1267MB
  [32670s] nodes=41402254 memo=38506982 rss=1267MB
  [32685s] nodes=41420199 memo=38524411 rss=1267MB
  [32700s] nodes=41438217 memo=38541896 rss=1267MB
  [32715s] nodes=41456314 memo=38558951 rss=1267MB
  [32730s] nodes=41474188 memo=38575622 rss=1267MB
  [32745s] nodes=41492274 memo=38593103 rss=1267MB
  [32760s] nodes=41510069 memo=38610366 rss=1267MB
  [32775s] nodes=41528364 memo=38628053 rss=1267MB
  [32790s] nodes=41547015 memo=38646168 rss=1267MB
  [32805s] nodes=41565470 memo=38663961 rss=1267MB
  [32820s] nodes=41583979 memo=38681817 rss=1267MB
  [32835s] nodes=41602603 memo=38699764 rss=1267MB
  [32850s] nodes=41621157 memo=38717684 rss=1267MB
  [32865s] nodes=41639503 memo=38735439 rss=1267MB
  [32880s] nodes=41657612 memo=38752815 rss=1267MB
  [32895s] nodes=41675613 memo=38770203 rss=1267MB
  [32910s] nodes=41693815 memo=38787705 rss=1267MB
  [32925s] nodes=41712206 memo=38805403 rss=1267MB
  [32940s] nodes=41730404 memo=38822881 rss=1267MB
  [32955s] nodes=41748863 memo=38840622 rss=1267MB
  [32970s] nodes=41766721 memo=38857929 rss=1267MB
  [32985s] nodes=41785225 memo=38875777 rss=1267MB
  [33000s] nodes=41804174 memo=38894114 rss=1267MB
  [33015s] nodes=41822666 memo=38911910 rss=1267MB
  [33030s] nodes=41841591 memo=38930068 rss=1267MB
  [33045s] nodes=41859733 memo=38947493 rss=1267MB
  [33060s] nodes=41878117 memo=38965159 rss=1267MB
  [33075s] nodes=41895712 memo=38982314 rss=1267MB
  [33090s] nodes=41913895 memo=39000001 rss=1267MB
  [33105s] nodes=41931690 memo=39017318 rss=1267MB
  [33120s] nodes=41949153 memo=39034268 rss=1267MB
  [33135s] nodes=41966614 memo=39051182 rss=1267MB
  [33150s] nodes=41984611 memo=39068703 rss=1267MB
  [33165s] nodes=42002209 memo=39085723 rss=1267MB
  [33180s] nodes=42020341 memo=39103302 rss=1267MB
  [33195s] nodes=42038187 memo=39120588 rss=1267MB
  [33210s] nodes=42056298 memo=39138200 rss=1267MB
  [33225s] nodes=42075140 memo=39156569 rss=1267MB
  [33240s] nodes=42093614 memo=39174611 rss=1267MB
  [33255s] nodes=42112968 memo=39193469 rss=1267MB
  [33270s] nodes=42131912 memo=39211890 rss=1267MB
  [33285s] nodes=42151083 memo=39230410 rss=1267MB
  [33300s] nodes=42169770 memo=39248501 rss=1267MB
  [33315s] nodes=42187734 memo=39265926 rss=1267MB
  [33330s] nodes=42205644 memo=39283324 rss=1267MB
  [33345s] nodes=42224409 memo=39301608 rss=1267MB
  [33360s] nodes=42242277 memo=39319029 rss=1267MB
  [33375s] nodes=42260174 memo=39336482 rss=1267MB
  [33390s] nodes=42278215 memo=39354107 rss=1267MB
  [33405s] nodes=42296663 memo=39372088 rss=1267MB
  [33420s] nodes=42314303 memo=39389161 rss=1267MB
  [33435s] nodes=42332516 memo=39406677 rss=1267MB
  [33450s] nodes=42350095 memo=39423536 rss=1267MB
  [33465s] nodes=42368199 memo=39441083 rss=1267MB
  [33480s] nodes=42386241 memo=39458489 rss=1267MB
  [33495s] nodes=42404367 memo=39475969 rss=1267MB
  [33510s] nodes=42422801 memo=39493803 rss=1267MB
  [33525s] nodes=42441670 memo=39512001 rss=1267MB
  [33540s] nodes=42460332 memo=39530009 rss=1267MB
  [33555s] nodes=42478721 memo=39547758 rss=1267MB
  [33570s] nodes=42496326 memo=39564785 rss=1267MB
  [33585s] nodes=42514367 memo=39582296 rss=1267MB
  [33600s] nodes=42531986 memo=39599329 rss=1267MB
  [33615s] nodes=42549854 memo=39616635 rss=1267MB
  [33630s] nodes=42568361 memo=39634460 rss=1267MB
  [33645s] nodes=42587239 memo=39652688 rss=1267MB
  [33660s] nodes=42606399 memo=39671276 rss=1267MB
  [33675s] nodes=42625475 memo=39689799 rss=1267MB
  [33690s] nodes=42644115 memo=39707781 rss=1267MB
  [33705s] nodes=42662177 memo=39725316 rss=1267MB
  [33720s] nodes=42679602 memo=39742159 rss=1267MB
  [33735s] nodes=42697718 memo=39759667 rss=1267MB
  [33750s] nodes=42715908 memo=39777350 rss=1267MB
  [33765s] nodes=42733929 memo=39794810 rss=1267MB
  [33780s] nodes=42752268 memo=39812555 rss=1267MB
  [33795s] nodes=42770335 memo=39829467 rss=1267MB
  [33810s] nodes=42788093 memo=39845945 rss=1267MB
  [33825s] nodes=42806051 memo=39862639 rss=1267MB
  [33840s] nodes=42824765 memo=39880018 rss=1267MB
  [33855s] nodes=42843603 memo=39897734 rss=1267MB
  [33870s] nodes=42861858 memo=39915432 rss=1267MB
  [33885s] nodes=42880366 memo=39933345 rss=1267MB
  [33900s] nodes=42898416 memo=39950808 rss=1267MB
  [33915s] nodes=42917127 memo=39968931 rss=1267MB
  [33930s] nodes=42936149 memo=39987269 rss=1267MB
  [33945s] nodes=42955321 memo=40005834 rss=1267MB
  [33960s] nodes=42974226 memo=40023847 rss=1267MB
  [33975s] nodes=42993104 memo=40042245 rss=1267MB
  [33990s] nodes=43012578 memo=40061041 rss=1267MB
  [34005s] nodes=43031759 memo=40079550 rss=1267MB
  [34020s] nodes=43051268 memo=40098459 rss=1267MB
  [34035s] nodes=43070146 memo=40116718 rss=1267MB
  [34050s] nodes=43089521 memo=40135393 rss=1267MB
  [34065s] nodes=43108893 memo=40154067 rss=1267MB
  [34080s] nodes=43127251 memo=40172008 rss=1267MB
  [34095s] nodes=43146228 memo=40190428 rss=1267MB
  [34110s] nodes=43164870 memo=40208559 rss=1267MB
  [34125s] nodes=43184189 memo=40226835 rss=1267MB
  [34140s] nodes=43202862 memo=40244090 rss=1267MB
  [34155s] nodes=43220470 memo=40260513 rss=1267MB
  [34170s] nodes=43238392 memo=40277718 rss=1267MB
  [34185s] nodes=43256987 memo=40295814 rss=1267MB
  [34200s] nodes=43275534 memo=40313386 rss=1267MB
  [34215s] nodes=43294698 memo=40331669 rss=1267MB
  [34230s] nodes=43313533 memo=40349924 rss=1267MB
  [34245s] nodes=43331984 memo=40367747 rss=1267MB
  [34260s] nodes=43350673 memo=40385825 rss=1267MB
  [34275s] nodes=43369774 memo=40403701 rss=1267MB
  [34290s] nodes=43389271 memo=40421908 rss=1267MB
  [34305s] nodes=43407744 memo=40439867 rss=1267MB
  [34320s] nodes=43426117 memo=40457724 rss=1267MB
  [34335s] nodes=43444643 memo=40475581 rss=1267MB
  [34350s] nodes=43462711 memo=40493077 rss=1267MB
  [34365s] nodes=43480418 memo=40510239 rss=1267MB
  [34380s] nodes=43498734 memo=40528039 rss=1267MB
  [34395s] nodes=43517596 memo=40546164 rss=1267MB
  [34410s] nodes=43535488 memo=40563460 rss=1267MB
  [34425s] nodes=43553138 memo=40580536 rss=1267MB
  [34440s] nodes=43571724 memo=40598438 rss=1267MB
  [34455s] nodes=43590383 memo=40616480 rss=1267MB
  [34470s] nodes=43608970 memo=40634410 rss=1267MB
  [34485s] nodes=43628284 memo=40653082 rss=1267MB
  [34500s] nodes=43647066 memo=40671180 rss=1267MB
  [34515s] nodes=43666200 memo=40689608 rss=1267MB
  [34530s] nodes=43684908 memo=40707733 rss=1267MB
  [34545s] nodes=43703112 memo=40725336 rss=1267MB
  [34560s] nodes=43721378 memo=40742980 rss=1267MB
  [34575s] nodes=43739988 memo=40760889 rss=1267MB
  [34590s] nodes=43758203 memo=40778507 rss=1267MB
  [34605s] nodes=43776543 memo=40796116 rss=1267MB
  [34620s] nodes=43795291 memo=40814191 rss=1267MB
  [34635s] nodes=43813902 memo=40832103 rss=1267MB
  [34650s] nodes=43832474 memo=40849378 rss=1267MB
  [34665s] nodes=43850955 memo=40866865 rss=1267MB
  [34680s] nodes=43869260 memo=40884724 rss=1267MB
  [34695s] nodes=43888087 memo=40903064 rss=1267MB
  [34710s] nodes=43907349 memo=40921673 rss=1267MB
  [34725s] nodes=43925958 memo=40939738 rss=1267MB
  [34740s] nodes=43945063 memo=40958260 rss=1267MB
  [34755s] nodes=43963803 memo=40976441 rss=1267MB
  [34770s] nodes=43982589 memo=40994678 rss=1267MB
  [34785s] nodes=44000979 memo=41012430 rss=1267MB
  [34800s] nodes=44019448 memo=41030294 rss=1267MB
  [34815s] nodes=44038529 memo=41048783 rss=1267MB
  [34830s] nodes=44056883 memo=41066592 rss=1267MB
  [34845s] nodes=44075833 memo=41084967 rss=1267MB
  [34860s] nodes=44093692 memo=41102236 rss=1267MB
  [34875s] nodes=44112221 memo=41120150 rss=1267MB
  [34890s] nodes=44131429 memo=41138666 rss=1267MB
  [34905s] nodes=44150306 memo=41156709 rss=1267MB
  [34920s] nodes=44168530 memo=41174287 rss=1267MB
  [34935s] nodes=44186744 memo=41191812 rss=1267MB
  [34950s] nodes=44205277 memo=41209717 rss=1267MB
  [34965s] nodes=44223947 memo=41227830 rss=1267MB
  [34980s] nodes=44242140 memo=41245533 rss=1267MB
  [34995s] nodes=44259997 memo=41262837 rss=1267MB
  [35010s] nodes=44278850 memo=41281031 rss=1267MB
  [35025s] nodes=44297028 memo=41298579 rss=1267MB
  [35040s] nodes=44315340 memo=41316248 rss=1267MB
  [35055s] nodes=44334141 memo=41334372 rss=1267MB
  [35070s] nodes=44352564 memo=41352036 rss=1267MB
  [35085s] nodes=44370749 memo=41369518 rss=1267MB
  [35100s] nodes=44389782 memo=41387974 rss=1267MB
  [35115s] nodes=44408557 memo=41406027 rss=1267MB
  [35130s] nodes=44426498 memo=41423413 rss=1267MB
  [35145s] nodes=44444780 memo=41441009 rss=1267MB
  [35160s] nodes=44464330 memo=41459956 rss=1267MB
  [35175s] nodes=44483034 memo=41478097 rss=1267MB
  [35190s] nodes=44501781 memo=41495535 rss=1267MB
  [35205s] nodes=44521521 memo=41514264 rss=1267MB
  [35220s] nodes=44539814 memo=41531838 rss=1267MB
  [35235s] nodes=44557653 memo=41549142 rss=1267MB
  [35250s] nodes=44576914 memo=41567338 rss=1267MB
  [35265s] nodes=44595321 memo=41584220 rss=1267MB
  [35280s] nodes=44613568 memo=41601109 rss=1267MB
  [35295s] nodes=44631619 memo=41617782 rss=1267MB
  [35310s] nodes=44649838 memo=41635187 rss=1267MB
  [35325s] nodes=44667981 memo=41652668 rss=1267MB
  [35340s] nodes=44686424 memo=41670458 rss=1267MB
  [35355s] nodes=44704603 memo=41688012 rss=1267MB
  [35370s] nodes=44722602 memo=41705408 rss=1267MB
  [35385s] nodes=44741438 memo=41723329 rss=1267MB
  [35400s] nodes=44760241 memo=41740964 rss=1267MB
  [35415s] nodes=44778323 memo=41757940 rss=1267MB
  [35430s] nodes=44796599 memo=41775172 rss=1267MB
  [35445s] nodes=44815264 memo=41793067 rss=1267MB
  [35460s] nodes=44833937 memo=41811045 rss=1267MB
  [35475s] nodes=44852734 memo=41829321 rss=1267MB
  [35490s] nodes=44871323 memo=41847342 rss=1267MB
  [35505s] nodes=44889717 memo=41865165 rss=1267MB
  [35520s] nodes=44908781 memo=41883479 rss=1267MB
  [35535s] nodes=44927636 memo=41901729 rss=1267MB
  [35550s] nodes=44946386 memo=41919630 rss=1267MB
  [35565s] nodes=44964606 memo=41937233 rss=1267MB
  [35580s] nodes=44982873 memo=41954927 rss=1267MB
  [35595s] nodes=45001131 memo=41972691 rss=1267MB
  [35610s] nodes=45019444 memo=41990419 rss=1267MB
  [35625s] nodes=45037172 memo=42007605 rss=1267MB
  [35640s] nodes=45055124 memo=42024998 rss=1267MB
  [35655s] nodes=45072860 memo=42042183 rss=1267MB
  [35670s] nodes=45090489 memo=42059317 rss=1267MB
  [35685s] nodes=45108165 memo=42076543 rss=1267MB
  [35700s] nodes=45126500 memo=42094277 rss=1267MB
  [35715s] nodes=45144763 memo=42111912 rss=1267MB
  [35730s] nodes=45162896 memo=42128892 rss=1267MB
  [35745s] nodes=45180745 memo=42145862 rss=1267MB
  [35760s] nodes=45198559 memo=42162797 rss=1267MB
  [35775s] nodes=45216750 memo=42179783 rss=1267MB
  [35790s] nodes=45235330 memo=42197635 rss=1267MB
  [35805s] nodes=45253891 memo=42215489 rss=1267MB
  [35820s] nodes=45272166 memo=42233140 rss=1267MB
  [35835s] nodes=45289713 memo=42250096 rss=1267MB
  [35850s] nodes=45307695 memo=42267306 rss=1267MB
  [35865s] nodes=45325341 memo=42284352 rss=1267MB
  [35880s] nodes=45343527 memo=42301885 rss=1267MB
  [35895s] nodes=45362143 memo=42319913 rss=1267MB
  [35910s] nodes=45380564 memo=42337738 rss=1267MB
  [35925s] nodes=45399448 memo=42356001 rss=1267MB
  [35940s] nodes=45417824 memo=42373781 rss=1267MB
  [35955s] nodes=45436321 memo=42391430 rss=1267MB
  [35970s] nodes=45454555 memo=42409053 rss=1267MB
  [35985s] nodes=45472408 memo=42426315 rss=1267MB
  [36000s] nodes=45490091 memo=42443429 rss=1267MB
  [36015s] nodes=45508177 memo=42460890 rss=1267MB
  [36030s] nodes=45526809 memo=42478818 rss=1267MB
  [36045s] nodes=45545504 memo=42496751 rss=1267MB
  [36060s] nodes=45563546 memo=42514191 rss=1267MB
  [36075s] nodes=45582095 memo=42532106 rss=1267MB
  [36090s] nodes=45600501 memo=42549840 rss=1267MB
  [36105s] nodes=45618851 memo=42567570 rss=1267MB
  [36120s] nodes=45636608 memo=42584791 rss=1267MB
  [36135s] nodes=45654410 memo=42602114 rss=1267MB
  [36150s] nodes=45672297 memo=42619494 rss=1267MB
  [36165s] nodes=45690494 memo=42637094 rss=1267MB
  [36180s] nodes=45709257 memo=42654753 rss=1267MB
  [36195s] nodes=45727572 memo=42672507 rss=1267MB
  [36210s] nodes=45745712 memo=42690050 rss=1267MB
  [36225s] nodes=45764042 memo=42707791 rss=1267MB
  [36240s] nodes=45782340 memo=42725482 rss=1267MB
  [36255s] nodes=45800729 memo=42743261 rss=1267MB
  [36270s] nodes=45818853 memo=42760811 rss=1267MB
  [36285s] nodes=45837358 memo=42778747 rss=1267MB
  [36300s] nodes=45856090 memo=42796894 rss=1267MB
  [36315s] nodes=45874711 memo=42814977 rss=1267MB
  [36330s] nodes=45892296 memo=42831979 rss=1267MB
  [36345s] nodes=45910174 memo=42849305 rss=1267MB
  [36360s] nodes=45928405 memo=42866956 rss=1267MB
  [36375s] nodes=45946236 memo=42884286 rss=1267MB
  [36390s] nodes=45964979 memo=42902468 rss=1267MB
  [36405s] nodes=45983936 memo=42920848 rss=1267MB
  [36420s] nodes=46002069 memo=42938522 rss=1267MB
  [36435s] nodes=46020251 memo=42956155 rss=1267MB
  [36450s] nodes=46039026 memo=42974300 rss=1267MB
  [36465s] nodes=46057937 memo=42992570 rss=1267MB
  [36480s] nodes=46076540 memo=43010462 rss=1267MB
  [36495s] nodes=46094279 memo=43027357 rss=1267MB
  [36510s] nodes=46112312 memo=43044772 rss=1267MB
  [36525s] nodes=46130543 memo=43062405 rss=1267MB
  [36540s] nodes=46148546 memo=43079765 rss=1267MB
  [36555s] nodes=46166029 memo=43096699 rss=1267MB
  [36570s] nodes=46184610 memo=43114657 rss=1267MB
  [36585s] nodes=46202672 memo=43132090 rss=1267MB
  [36600s] nodes=46220963 memo=43149348 rss=1267MB
  [36615s] nodes=46239014 memo=43166965 rss=1267MB
  [36630s] nodes=46257186 memo=43184595 rss=1267MB
  [36645s] nodes=46274853 memo=43201185 rss=1267MB
  [36660s] nodes=46292580 memo=43218388 rss=1267MB
  [36675s] nodes=46312006 memo=43237258 rss=1267MB
  [36690s] nodes=46330786 memo=43255387 rss=1267MB
  [36705s] nodes=46348667 memo=43272661 rss=1267MB
  [36720s] nodes=46366358 memo=43289798 rss=1267MB
  [36735s] nodes=46384376 memo=43307200 rss=1267MB
  [36750s] nodes=46401997 memo=43324232 rss=1267MB
  [36765s] nodes=46419903 memo=43341169 rss=1267MB
  [36780s] nodes=46438387 memo=43359020 rss=1267MB
  [36795s] nodes=46456486 memo=43376518 rss=1267MB
  [36810s] nodes=46474303 memo=43393759 rss=1267MB
  [36825s] nodes=46491433 memo=43410404 rss=1267MB
  [36840s] nodes=46509251 memo=43427598 rss=1267MB
  [36855s] nodes=46527321 memo=43444900 rss=1267MB
  [36870s] nodes=46545147 memo=43462044 rss=1267MB
  [36885s] nodes=46562798 memo=43479117 rss=1267MB
  [36900s] nodes=46580756 memo=43496405 rss=1267MB
  [36915s] nodes=46599109 memo=43514037 rss=1267MB
  [36930s] nodes=46616716 memo=43531079 rss=1267MB
  [36945s] nodes=46634475 memo=43548261 rss=1267MB
  [36960s] nodes=46652896 memo=43566065 rss=1267MB
  [36975s] nodes=46670848 memo=43583467 rss=1267MB
  [36990s] nodes=46688754 memo=43600880 rss=1267MB
  [37005s] nodes=46706804 memo=43618338 rss=1267MB
  [37020s] nodes=46724761 memo=43635683 rss=1267MB
  [37035s] nodes=46742526 memo=43652960 rss=1267MB
  [37050s] nodes=46760649 memo=43670561 rss=1267MB
  [37065s] nodes=46778225 memo=43687601 rss=1267MB
  [37080s] nodes=46796623 memo=43705456 rss=1267MB
  [37095s] nodes=46814801 memo=43723105 rss=1267MB
  [37110s] nodes=46832841 memo=43740594 rss=1267MB
  [37125s] nodes=46850807 memo=43757865 rss=1267MB
  [37140s] nodes=46868860 memo=43775264 rss=1267MB
  [37155s] nodes=46886881 memo=43792697 rss=1267MB
  [37170s] nodes=46904647 memo=43809686 rss=1267MB
  [37185s] nodes=46922236 memo=43826047 rss=1267MB
  [37200s] nodes=46939792 memo=43842421 rss=1267MB
  [37215s] nodes=46957968 memo=43859248 rss=1267MB
  [37230s] nodes=46975925 memo=43875927 rss=1267MB
  [37245s] nodes=46994034 memo=43892521 rss=1267MB
  [37260s] nodes=47011344 memo=43908854 rss=1267MB
  [37275s] nodes=47028862 memo=43925746 rss=1267MB
  [37290s] nodes=47046569 memo=43942811 rss=1267MB
  [37305s] nodes=47064412 memo=43960091 rss=1267MB
  [37320s] nodes=47082934 memo=43978082 rss=1267MB
  [37335s] nodes=47101595 memo=43996097 rss=1267MB
  [37350s] nodes=47119950 memo=44013819 rss=1267MB
  [37365s] nodes=47138001 memo=44031224 rss=1267MB
  [37380s] nodes=47156368 memo=44048939 rss=1267MB
  [37395s] nodes=47174375 memo=44066411 rss=1267MB
  [37410s] nodes=47192925 memo=44083759 rss=1267MB
  [37425s] nodes=47211164 memo=44101448 rss=1267MB
  [37440s] nodes=47229987 memo=44119577 rss=1267MB
  [37455s] nodes=47248440 memo=44137338 rss=1267MB
  [37470s] nodes=47267315 memo=44155562 rss=1267MB
  [37485s] nodes=47285287 memo=44172862 rss=1267MB
  [37500s] nodes=47303539 memo=44190359 rss=1267MB
  [37515s] nodes=47321634 memo=44207437 rss=1267MB
  [37530s] nodes=47339158 memo=44223823 rss=1267MB
  [37545s] nodes=47357020 memo=44240472 rss=1267MB
  [37560s] nodes=47374948 memo=44257205 rss=1267MB
  [37575s] nodes=47393190 memo=44274013 rss=1267MB
  [37590s] nodes=47411256 memo=44290806 rss=1267MB
  [37605s] nodes=47429217 memo=44307637 rss=1267MB
  [37620s] nodes=47446509 memo=44323708 rss=1267MB
  [37635s] nodes=47464694 memo=44340576 rss=1267MB
  [37650s] nodes=47482634 memo=44357275 rss=1267MB
  [37665s] nodes=47500701 memo=44374190 rss=1267MB
  [37680s] nodes=47519037 memo=44391232 rss=1267MB
  [37695s] nodes=47537770 memo=44408447 rss=1267MB
  [37710s] nodes=47555897 memo=44425268 rss=1267MB
  [37725s] nodes=47574228 memo=44442349 rss=1267MB
  [37740s] nodes=47592945 memo=44459717 rss=1267MB
  [37755s] nodes=47611018 memo=44476582 rss=1267MB
  [37770s] nodes=47629074 memo=44493457 rss=1267MB
  [37785s] nodes=47647071 memo=44510089 rss=1267MB
  [37800s] nodes=47664451 memo=44526104 rss=1267MB
  [37815s] nodes=47682523 memo=44542752 rss=1267MB
  [37830s] nodes=47699602 memo=44558694 rss=1267MB
  [37845s] nodes=47717208 memo=44575242 rss=1267MB
  [37860s] nodes=47734406 memo=44591152 rss=1267MB
  [37875s] nodes=47751898 memo=44607089 rss=1267MB
  [37890s] nodes=47770113 memo=44623184 rss=1267MB
  [37905s] nodes=47787537 memo=44638783 rss=1267MB
  [37920s] nodes=47804702 memo=44655210 rss=1267MB
  [37935s] nodes=47822320 memo=44672173 rss=1267MB
  [37950s] nodes=47839620 memo=44688921 rss=1267MB
  [37965s] nodes=47856618 memo=44705451 rss=1267MB
  [37980s] nodes=47874405 memo=44722747 rss=1267MB
  [37995s] nodes=47892035 memo=44739964 rss=1267MB
  [38010s] nodes=47908843 memo=44756258 rss=1267MB
  [38025s] nodes=47926313 memo=44773210 rss=1267MB
  [38040s] nodes=47944139 memo=44790539 rss=1267MB
  [38055s] nodes=47961709 memo=44807579 rss=1267MB
  [38070s] nodes=47979541 memo=44824827 rss=1267MB
  [38085s] nodes=47996738 memo=44841538 rss=1267MB
  [38100s] nodes=48013862 memo=44858178 rss=1267MB
  [38115s] nodes=48031276 memo=44875044 rss=1267MB
  [38130s] nodes=48048710 memo=44891845 rss=1267MB
  [38145s] nodes=48066121 memo=44908734 rss=1267MB
  [38160s] nodes=48083543 memo=44925665 rss=1267MB
  [38175s] nodes=48100719 memo=44942372 rss=1267MB
  [38190s] nodes=48118457 memo=44959090 rss=1267MB
  [38205s] nodes=48136388 memo=44975704 rss=1267MB
  [38220s] nodes=48154309 memo=44992600 rss=1267MB
  [38235s] nodes=48171999 memo=45009652 rss=1267MB
  [38250s] nodes=48189790 memo=45026863 rss=1267MB
  [38265s] nodes=48208347 memo=45044908 rss=1267MB
  [38280s] nodes=48226669 memo=45062612 rss=1267MB
  [38295s] nodes=48244723 memo=45080097 rss=1267MB
  [38310s] nodes=48262500 memo=45097346 rss=1267MB
  [38325s] nodes=48280081 memo=45114360 rss=1267MB
  [38340s] nodes=48297874 memo=45131501 rss=1267MB
  [38355s] nodes=48316461 memo=45149494 rss=1267MB
  [38370s] nodes=48334510 memo=45166707 rss=1267MB
  [38385s] nodes=48352070 memo=45183660 rss=1267MB
  [38400s] nodes=48370604 memo=45201546 rss=1267MB
  [38415s] nodes=48388531 memo=45218808 rss=1267MB
  [38430s] nodes=48406884 memo=45236558 rss=1267MB
  [38445s] nodes=48425133 memo=45254226 rss=1267MB
  [38460s] nodes=48443836 memo=45272376 rss=1267MB
  [38475s] nodes=48461802 memo=45289870 rss=1267MB
  [38490s] nodes=48480030 memo=45307876 rss=1267MB
  [38505s] nodes=48497779 memo=45325532 rss=1267MB
  [38520s] nodes=48515366 memo=45342626 rss=1267MB
  [38535s] nodes=48533259 memo=45360433 rss=1267MB
  [38550s] nodes=48551160 memo=45378328 rss=1267MB
  [38565s] nodes=48568759 memo=45395932 rss=1267MB
  [38580s] nodes=48586604 memo=45413773 rss=1267MB
  [38595s] nodes=48604813 memo=45431982 rss=1267MB
  [38610s] nodes=48622593 memo=45449762 rss=1267MB
  [38625s] nodes=48640318 memo=45467370 rss=1267MB
  [38640s] nodes=48658268 memo=45485325 rss=1267MB
  [38655s] nodes=48676525 memo=45503561 rss=1267MB
  [38670s] nodes=48694234 memo=45521287 rss=1267MB
  [38685s] nodes=48712172 memo=45539216 rss=1267MB
  [38700s] nodes=48730262 memo=45557305 rss=1267MB
  [38715s] nodes=48748613 memo=45575329 rss=1267MB
  [38730s] nodes=48767169 memo=45593556 rss=1267MB
  [38745s] nodes=48785100 memo=45611459 rss=1267MB
  [38760s] nodes=48802748 memo=45629110 rss=1267MB
  [38775s] nodes=48820992 memo=45647352 rss=1267MB
  [38790s] nodes=48838533 memo=45664893 rss=1267MB
  [38805s] nodes=48856495 memo=45682863 rss=1267MB
  [38820s] nodes=48874585 memo=45700916 rss=1267MB
  [38835s] nodes=48892022 memo=45718286 rss=1267MB
  [38850s] nodes=48909753 memo=45735972 rss=1267MB
  [38865s] nodes=48927816 memo=45754039 rss=1267MB
  [38880s] nodes=48946093 memo=45772181 rss=1267MB
  [38895s] nodes=48964147 memo=45790221 rss=1267MB
  [38910s] nodes=48982018 memo=45808063 rss=1267MB
  [38925s] nodes=48999643 memo=45825681 rss=1267MB
  [38940s] nodes=49017433 memo=45843451 rss=1267MB
  [38955s] nodes=49035043 memo=45861086 rss=1267MB
  [38970s] nodes=49052817 memo=45878829 rss=1267MB
  [38985s] nodes=49069808 memo=45895803 rss=1267MB
  [39000s] nodes=49087427 memo=45913428 rss=1267MB
  [39015s] nodes=49105219 memo=45931236 rss=1267MB
  [39030s] nodes=49122947 memo=45948951 rss=1267MB
  [39045s] nodes=49141693 memo=45967698 rss=1267MB
  [39060s] nodes=49159606 memo=45985302 rss=1267MB
  [39075s] nodes=49177538 memo=46002684 rss=1267MB
  [39090s] nodes=49195230 memo=46020376 rss=1267MB
  [39105s] nodes=49212781 memo=46037937 rss=1267MB
  [39120s] nodes=49230088 memo=46055245 rss=1267MB
  [39135s] nodes=49247265 memo=46072428 rss=1267MB
  [39150s] nodes=49264744 memo=46089888 rss=1267MB
  [39165s] nodes=49282277 memo=46107367 rss=1267MB
  [39180s] nodes=49300132 memo=46125188 rss=1267MB
  [39195s] nodes=49318415 memo=46143467 rss=1267MB
  [39210s] nodes=49335998 memo=46161055 rss=1267MB
  [39225s] nodes=49353963 memo=46179015 rss=1267MB
  [39240s] nodes=49372132 memo=46197182 rss=1267MB
  [39255s] nodes=49389654 memo=46214702 rss=1267MB
  [39270s] nodes=49407734 memo=46232807 rss=1267MB
  [39285s] nodes=49425300 memo=46250215 rss=1267MB
  [39300s] nodes=49443211 memo=46268100 rss=1267MB
  [39315s] nodes=49461118 memo=46285901 rss=1267MB
  [39330s] nodes=49478518 memo=46302585 rss=1267MB
  [39345s] nodes=49496582 memo=46320144 rss=1267MB
  [39360s] nodes=49514298 memo=46337853 rss=1267MB
  [39375s] nodes=49531760 memo=46355139 rss=1267MB
  [39390s] nodes=49550025 memo=46373254 rss=1267MB
  [39405s] nodes=49567512 memo=46390734 rss=1267MB
  [39420s] nodes=49585180 memo=46408400 rss=1267MB
  [39435s] nodes=49603131 memo=46425734 rss=1267MB
  [39450s] nodes=49620416 memo=46442958 rss=1267MB
  [39465s] nodes=49637568 memo=46459783 rss=1267MB
  [39480s] nodes=49655212 memo=46477374 rss=1267MB
  [39495s] nodes=49673287 memo=46495446 rss=1267MB
  [39510s] nodes=49690803 memo=46512563 rss=1267MB
  [39525s] nodes=49708900 memo=46530443 rss=1267MB
  [39540s] nodes=49726672 memo=46548018 rss=1267MB
  [39555s] nodes=49744531 memo=46565859 rss=1267MB
  [39570s] nodes=49762918 memo=46584211 rss=1267MB
  [39585s] nodes=49781302 memo=46602594 rss=1267MB
  [39600s] nodes=49799831 memo=46621129 rss=1267MB
  [39615s] nodes=49818652 memo=46639945 rss=1267MB
  [39630s] nodes=49837095 memo=46658354 rss=1267MB
  [39645s] nodes=49855751 memo=46677031 rss=1267MB
  [39660s] nodes=49874217 memo=46695486 rss=1283MB
  [39675s] nodes=49892844 memo=46714132 rss=1299MB
  [39690s] nodes=49910945 memo=46732218 rss=1323MB
  [39705s] nodes=49928811 memo=46750088 rss=1335MB
  [39720s] nodes=49946685 memo=46767980 rss=1379MB
  [39735s] nodes=49965375 memo=46786670 rss=1423MB
  [39750s] nodes=49983530 memo=46804690 rss=1424MB
  [39765s] nodes=50001451 memo=46822379 rss=1464MB
  [39780s] nodes=50019443 memo=46840368 rss=1520MB
  [39795s] nodes=50037892 memo=46858811 rss=1596MB
  [39810s] nodes=50056190 memo=46877103 rss=1672MB
  [39825s] nodes=50074877 memo=46895805 rss=1756MB
  [39840s] nodes=50093607 memo=46914527 rss=1852MB
  [39855s] nodes=50112241 memo=46933164 rss=1916MB
  [39870s] nodes=50131328 memo=46952248 rss=1917MB
  [39885s] nodes=50149633 memo=46970554 rss=1917MB
  [39900s] nodes=50168567 memo=46989420 rss=2001MB
  [39915s] nodes=50186669 memo=47007522 rss=2106MB
  [39930s] nodes=50204684 memo=47025530 rss=2194MB
  [39945s] nodes=50222265 memo=47043104 rss=2254MB
  [39960s] nodes=50240627 memo=47061475 rss=2326MB
  [39975s] nodes=50259179 memo=47079829 rss=2398MB
  [39990s] nodes=50277250 memo=47097673 rss=2404MB
  [40005s] nodes=50295591 memo=47115975 rss=2404MB
  [40020s] nodes=50314213 memo=47134595 rss=2404MB
  [40035s] nodes=50333197 memo=47153559 rss=2404MB
  [40050s] nodes=50351919 memo=47172128 rss=2404MB
  [40065s] nodes=50370464 memo=47190418 rss=2416MB
  [40080s] nodes=50388943 memo=47208904 rss=2464MB
  [40095s] nodes=50407957 memo=47227901 rss=2476MB
  [40110s] nodes=50426245 memo=47246174 rss=2476MB
  [40125s] nodes=50444830 memo=47264769 rss=2476MB
  [40140s] nodes=50462832 memo=47282771 rss=2480MB
  [40155s] nodes=50481269 memo=47301200 rss=2480MB
  [40170s] nodes=50500142 memo=47319647 rss=2480MB
  [40185s] nodes=50518061 memo=47337566 rss=2480MB
  [40200s] nodes=50536960 memo=47356463 rss=2480MB
  [40215s] nodes=50555084 memo=47374387 rss=2480MB
  [40230s] nodes=50573818 memo=47393074 rss=2480MB
  [40245s] nodes=50591926 memo=47411194 rss=2480MB
  [40260s] nodes=50610126 memo=47429364 rss=2480MB
  [40275s] nodes=50628032 memo=47447276 rss=2480MB
  [40290s] nodes=50645629 memo=47464851 rss=2480MB
  [40305s] nodes=50663580 memo=47482385 rss=2480MB
  [40320s] nodes=50681772 memo=47500586 rss=2480MB
  [40335s] nodes=50700085 memo=47518901 rss=2477MB
  [40350s] nodes=50717766 memo=47536550 rss=2477MB
  [40365s] nodes=50734832 memo=47553636 rss=2477MB
  [40380s] nodes=50752428 memo=47571229 rss=2477MB
  [40395s] nodes=50770048 memo=47588866 rss=2477MB
  [40410s] nodes=50787622 memo=47606423 rss=2477MB
  [40425s] nodes=50805490 memo=47624185 rss=2477MB
  [40440s] nodes=50823176 memo=47641888 rss=2477MB
  [40455s] nodes=50840833 memo=47659139 rss=2464MB
  [40470s] nodes=50858345 memo=47676055 rss=2464MB
  [40485s] nodes=50876676 memo=47693690 rss=2464MB
  [40500s] nodes=50894979 memo=47711305 rss=2464MB
  [40515s] nodes=50912630 memo=47728300 rss=2464MB
  [40530s] nodes=50930324 memo=47745726 rss=2464MB
  [40545s] nodes=50947748 memo=47763139 rss=2464MB
  [40560s] nodes=50965112 memo=47780505 rss=2464MB
  [40575s] nodes=50982523 memo=47797537 rss=2464MB
  [40590s] nodes=51000719 memo=47815666 rss=2464MB
  [40605s] nodes=51019081 memo=47833576 rss=2464MB
  [40620s] nodes=51036810 memo=47850845 rss=2464MB
  [40635s] nodes=51054636 memo=47868698 rss=2464MB
  [40650s] nodes=51073107 memo=47886475 rss=2464MB
  [40665s] nodes=51091013 memo=47903787 rss=2464MB
  [40680s] nodes=51108776 memo=47920976 rss=2464MB
  [40695s] nodes=51127304 memo=47938890 rss=2464MB
  [40710s] nodes=51144917 memo=47955800 rss=2464MB
  [40725s] nodes=51162570 memo=47972757 rss=2464MB
  [40740s] nodes=51180502 memo=47990354 rss=2464MB
  [40755s] nodes=51198330 memo=48007302 rss=2464MB
  [40770s] nodes=51216339 memo=48024234 rss=2464MB
  [40785s] nodes=51234130 memo=48041460 rss=2464MB
  [40800s] nodes=51251845 memo=48058499 rss=2464MB
  [40815s] nodes=51270006 memo=48075812 rss=2464MB
  [40830s] nodes=51288152 memo=48092321 rss=2464MB
  [40845s] nodes=51306743 memo=48109316 rss=2464MB
  [40860s] nodes=51324690 memo=48126343 rss=2464MB
  [40875s] nodes=51342491 memo=48143448 rss=2464MB
  [40890s] nodes=51359901 memo=48160833 rss=2464MB
  [40905s] nodes=51376942 memo=48177880 rss=2464MB
  [40920s] nodes=51394722 memo=48195651 rss=2464MB
  [40935s] nodes=51412735 memo=48213673 rss=2464MB
  [40950s] nodes=51430660 memo=48231599 rss=2464MB
  [40965s] nodes=51448582 memo=48249532 rss=2464MB
  [40980s] nodes=51466524 memo=48267472 rss=2464MB
  [40995s] nodes=51484237 memo=48285165 rss=2464MB
  [41010s] nodes=51501860 memo=48302764 rss=2464MB
  [41025s] nodes=51519967 memo=48320892 rss=2464MB
  [41040s] nodes=51538121 memo=48339047 rss=2464MB
  [41055s] nodes=51555730 memo=48356656 rss=2464MB
  [41070s] nodes=51573375 memo=48374284 rss=2464MB
  [41085s] nodes=51591204 memo=48392132 rss=2464MB
  [41100s] nodes=51608826 memo=48409740 rss=2464MB
  [41115s] nodes=51627481 memo=48428406 rss=2464MB
  [41130s] nodes=51646117 memo=48446598 rss=2464MB
  [41145s] nodes=51664804 memo=48465263 rss=2464MB
  [41160s] nodes=51683246 memo=48483596 rss=2464MB
  [41175s] nodes=51701445 memo=48501787 rss=2464MB
  [41190s] nodes=51720535 memo=48520765 rss=2464MB
  [41205s] nodes=51739519 memo=48539043 rss=2464MB
  [41220s] nodes=51757813 memo=48556686 rss=2464MB
  [41235s] nodes=51775847 memo=48574427 rss=2464MB
  [41250s] nodes=51794612 memo=48593186 rss=2464MB
  [41265s] nodes=51813165 memo=48611729 rss=2464MB
  [41280s] nodes=51832073 memo=48630645 rss=2464MB
  [41295s] nodes=51850864 memo=48649433 rss=2464MB
  [41310s] nodes=51869137 memo=48667688 rss=2464MB
  [41325s] nodes=51887164 memo=48685720 rss=2464MB
  [41340s] nodes=51905231 memo=48703774 rss=2464MB
  [41355s] nodes=51923847 memo=48722385 rss=2464MB
  [41370s] nodes=51942573 memo=48741114 rss=2464MB
  [41385s] nodes=51960686 memo=48759239 rss=2464MB
  [41400s] nodes=51978143 memo=48776695 rss=2464MB
  [41415s] nodes=51995716 memo=48794257 rss=2464MB
  [41430s] nodes=52012946 memo=48811460 rss=2464MB
  [41445s] nodes=52030204 memo=48828716 rss=2464MB
  [41460s] nodes=52048251 memo=48846457 rss=2464MB
  [41475s] nodes=52066030 memo=48863621 rss=2464MB
  [41490s] nodes=52083994 memo=48881335 rss=2464MB
  [41505s] nodes=52101744 memo=48899106 rss=2464MB
  [41520s] nodes=52119444 memo=48916788 rss=2464MB
  [41535s] nodes=52137532 memo=48934866 rss=2464MB
  [41550s] nodes=52155687 memo=48953022 rss=2464MB
  [41565s] nodes=52173540 memo=48970881 rss=2464MB
  [41580s] nodes=52191696 memo=48989028 rss=2464MB
  [41595s] nodes=52209149 memo=49006480 rss=2464MB
  [41610s] nodes=52226486 memo=49023835 rss=2464MB
  [41625s] nodes=52243934 memo=49041278 rss=2464MB
  [41640s] nodes=52262233 memo=49059567 rss=2464MB
  [41655s] nodes=52280319 memo=49077667 rss=2464MB
  [41670s] nodes=52297611 memo=49094754 rss=2464MB
  [41685s] nodes=52315680 memo=49112012 rss=2464MB
  [41700s] nodes=52334321 memo=49129878 rss=2464MB
  [41715s] nodes=52352466 memo=49147261 rss=2464MB
  [41730s] nodes=52370188 memo=49164282 rss=2464MB
  [41745s] nodes=52388516 memo=49181863 rss=2464MB
  [41760s] nodes=52405763 memo=49198028 rss=2464MB
  [41775s] nodes=52424366 memo=49215914 rss=2464MB
  [41790s] nodes=52443124 memo=49234690 rss=2464MB
  [41805s] nodes=52461441 memo=49252733 rss=2464MB
  [41820s] nodes=52479327 memo=49270574 rss=2464MB
  [41835s] nodes=52497753 memo=49289021 rss=2464MB
  [41850s] nodes=52515503 memo=49306762 rss=2464MB
  [41865s] nodes=52533191 memo=49324433 rss=2464MB
  [41880s] nodes=52550148 memo=49341383 rss=2464MB
  [41895s] nodes=52566924 memo=49358165 rss=2464MB
  [41910s] nodes=52584114 memo=49375357 rss=2464MB
  [41925s] nodes=52601355 memo=49392596 rss=2464MB
  [41940s] nodes=52619211 memo=49410437 rss=2464MB
  [41955s] nodes=52636986 memo=49427907 rss=2464MB
  [41970s] nodes=52654946 memo=49445767 rss=2464MB
  [41985s] nodes=52672225 memo=49462814 rss=2464MB
  [42000s] nodes=52690206 memo=49480437 rss=2464MB
  [42015s] nodes=52707808 memo=49498039 rss=2464MB
  [42030s] nodes=52725718 memo=49515897 rss=2464MB
  [42045s] nodes=52742931 memo=49533094 rss=2464MB
  [42060s] nodes=52760821 memo=49550982 rss=2464MB
  [42075s] nodes=52778580 memo=49568775 rss=2464MB
  [42090s] nodes=52797257 memo=49586893 rss=2464MB
  [42105s] nodes=52815204 memo=49604047 rss=2464MB
  [42120s] nodes=52833141 memo=49621606 rss=2464MB
  [42135s] nodes=52851363 memo=49639817 rss=2464MB
  [42150s] nodes=52869471 memo=49657939 rss=2464MB
  [42165s] nodes=52888301 memo=49676600 rss=2464MB
  [42180s] nodes=52905978 memo=49694283 rss=2464MB
  [42195s] nodes=52923739 memo=49712045 rss=2464MB
  [42210s] nodes=52942140 memo=49730440 rss=2464MB
  [42225s] nodes=52960021 memo=49748232 rss=2464MB
  [42240s] nodes=52978415 memo=49765929 rss=2464MB
  [42255s] nodes=52996356 memo=49783643 rss=2464MB
  [42270s] nodes=53014048 memo=49801328 rss=2464MB
  [42285s] nodes=53032749 memo=49820010 rss=2464MB
  [42300s] nodes=53051670 memo=49838555 rss=2464MB
  [42315s] nodes=53069627 memo=49855777 rss=2464MB
  [42330s] nodes=53087587 memo=49872977 rss=2464MB
  [42345s] nodes=53105642 memo=49890375 rss=2464MB
  [42360s] nodes=53123867 memo=49908587 rss=2464MB
  [42375s] nodes=53142360 memo=49927109 rss=2464MB
  [42390s] nodes=53160626 memo=49945356 rss=2464MB
  [42405s] nodes=53178383 memo=49963032 rss=2464MB
  [42420s] nodes=53196643 memo=49981222 rss=2464MB
  [42435s] nodes=53214266 memo=49998670 rss=2464MB
  [42450s] nodes=53232545 memo=50015925 rss=2464MB
  [42465s] nodes=53251271 memo=50034637 rss=2464MB
  [42480s] nodes=53269520 memo=50052863 rss=2464MB
  [42495s] nodes=53287886 memo=50071242 rss=2464MB
  [42510s] nodes=53305117 memo=50088466 rss=2464MB
  [42525s] nodes=53322314 memo=50105669 rss=2464MB
  [42540s] nodes=53340101 memo=50123445 rss=2464MB
  [42555s] nodes=53358139 memo=50141375 rss=2464MB
  [42570s] nodes=53375927 memo=50158989 rss=2464MB
  [42585s] nodes=53393611 memo=50176405 rss=2464MB
  [42600s] nodes=53411863 memo=50194580 rss=2464MB
  [42615s] nodes=53429381 memo=50211445 rss=2464MB
  [42630s] nodes=53447405 memo=50229460 rss=2464MB
  [42645s] nodes=53465306 memo=50247363 rss=2464MB
  [42660s] nodes=53483362 memo=50265429 rss=2464MB
  [42675s] nodes=53501126 memo=50283157 rss=2464MB
  [42690s] nodes=53518464 memo=50300492 rss=2464MB
  [42705s] nodes=53536524 memo=50317818 rss=2464MB
  [42720s] nodes=53554325 memo=50335147 rss=2464MB
  [42735s] nodes=53572376 memo=50353210 rss=2464MB
  [42750s] nodes=53591612 memo=50372429 rss=2464MB
  [42765s] nodes=53610099 memo=50390918 rss=2464MB
  [42780s] nodes=53628523 memo=50409329 rss=2464MB
  [42795s] nodes=53646380 memo=50427190 rss=2464MB
  [42810s] nodes=53663988 memo=50444801 rss=2464MB
  [42825s] nodes=53681369 memo=50462184 rss=2464MB
  [42840s] nodes=53698935 memo=50479447 rss=2464MB
  [42855s] nodes=53716234 memo=50496123 rss=2464MB
  [42870s] nodes=53733569 memo=50512203 rss=2464MB
  [42885s] nodes=53751426 memo=50529891 rss=2464MB
  [42900s] nodes=53768838 memo=50547297 rss=2464MB
  [42915s] nodes=53786537 memo=50564977 rss=2464MB
  [42930s] nodes=53804490 memo=50582911 rss=2464MB
  [42945s] nodes=53821980 memo=50600429 rss=2464MB
  [42960s] nodes=53839873 memo=50617830 rss=2464MB
  [42975s] nodes=53857752 memo=50635697 rss=2464MB
  [42990s] nodes=53875873 memo=50653837 rss=2464MB
  [43005s] nodes=53893442 memo=50671389 rss=2464MB
  [43020s] nodes=53910389 memo=50688332 rss=2464MB
  [43035s] nodes=53928725 memo=50706655 rss=2464MB
  [43050s] nodes=53946506 memo=50724455 rss=2464MB
  [43065s] nodes=53963924 memo=50741871 rss=2464MB
  [43080s] nodes=53981338 memo=50759282 rss=2464MB
  [43095s] nodes=53999299 memo=50777222 rss=2464MB
  [43110s] nodes=54017350 memo=50795252 rss=2464MB
  [43125s] nodes=54035316 memo=50813213 rss=2464MB
  [43140s] nodes=54052880 memo=50830134 rss=2464MB
  [43155s] nodes=54069789 memo=50846594 rss=2464MB
  [43170s] nodes=54086864 memo=50863671 rss=2464MB
  [43185s] nodes=54104124 memo=50880897 rss=2464MB
  [43200s] nodes=54121205 memo=50897970 rss=2464MB
  [43215s] nodes=54138384 memo=50915141 rss=2464MB
  [43230s] nodes=54155852 memo=50932147 rss=2464MB
  [43245s] nodes=54173431 memo=50948913 rss=2464MB
  [43260s] nodes=54191174 memo=50965962 rss=2464MB
  [43275s] nodes=54208789 memo=50982884 rss=2464MB
  [43290s] nodes=54226653 memo=51000460 rss=2464MB
  [43305s] nodes=54244216 memo=51017608 rss=2464MB
  [43320s] nodes=54261687 memo=51034455 rss=2464MB
  [43335s] nodes=54279361 memo=51051424 rss=2464MB
  [43350s] nodes=54297134 memo=51069092 rss=2464MB
  [43365s] nodes=54314969 memo=51086561 rss=2464MB
  [43380s] nodes=54332739 memo=51104318 rss=2464MB
  [43395s] nodes=54350513 memo=51122109 rss=2464MB
  [43410s] nodes=54367963 memo=51139567 rss=2464MB
  [43425s] nodes=54385729 memo=51157323 rss=2464MB
  [43440s] nodes=54403049 memo=51174619 rss=2464MB
  [43455s] nodes=54420189 memo=51191780 rss=2464MB
  [43470s] nodes=54437293 memo=51208834 rss=2464MB
  [43485s] nodes=54454574 memo=51226123 rss=2464MB
  [43500s] nodes=54471655 memo=51243181 rss=2464MB
  [43515s] nodes=54488605 memo=51260133 rss=2464MB
  [43530s] nodes=54505460 memo=51276951 rss=2464MB
  [43545s] nodes=54522936 memo=51294417 rss=2464MB
  [43560s] nodes=54539645 memo=51310750 rss=2464MB
  [43575s] nodes=54555665 memo=51326047 rss=2464MB
  [43590s] nodes=54572170 memo=51341699 rss=2464MB
  [43605s] nodes=54588575 memo=51357480 rss=2464MB
  [43620s] nodes=54606103 memo=51374919 rss=2464MB
  [43635s] nodes=54622991 memo=51391247 rss=2464MB
  [43650s] nodes=54640322 memo=51407955 rss=2464MB
  [43665s] nodes=54657585 memo=51423906 rss=2464MB
  [43680s] nodes=54674425 memo=51439383 rss=2464MB
  [43695s] nodes=54691440 memo=51455084 rss=2464MB
  [43710s] nodes=54708250 memo=51470826 rss=2464MB
  [43725s] nodes=54725587 memo=51487626 rss=2464MB
  [43740s] nodes=54742762 memo=51504284 rss=2464MB
  [43755s] nodes=54759451 memo=51520523 rss=2464MB
  [43770s] nodes=54776430 memo=51536990 rss=2464MB
  [43785s] nodes=54794105 memo=51554049 rss=2464MB
  [43800s] nodes=54811389 memo=51570677 rss=2464MB
  [43815s] nodes=54828690 memo=51587495 rss=2464MB
  [43830s] nodes=54845416 memo=51603614 rss=2464MB
  [43845s] nodes=54862453 memo=51619446 rss=2464MB
  [43860s] nodes=54879743 memo=51635363 rss=2464MB
  [43875s] nodes=54897468 memo=51651597 rss=2464MB
  [43890s] nodes=54914538 memo=51667845 rss=2464MB
  [43905s] nodes=54931097 memo=51683772 rss=2464MB
  [43920s] nodes=54947961 memo=51699696 rss=2464MB
  [43935s] nodes=54964746 memo=51715322 rss=2464MB
  [43950s] nodes=54981297 memo=51731453 rss=2464MB
  [43965s] nodes=54997810 memo=51747490 rss=2464MB
  [43980s] nodes=55014108 memo=51763310 rss=2464MB
  [43995s] nodes=55030636 memo=51778869 rss=2464MB
  [44010s] nodes=55047493 memo=51794214 rss=2464MB
  [44025s] nodes=55064342 memo=51809861 rss=2464MB
  [44040s] nodes=55081335 memo=51825530 rss=2464MB
  [44055s] nodes=55098056 memo=51841052 rss=2464MB
  [44070s] nodes=55114670 memo=51856743 rss=2464MB
  [44085s] nodes=55131541 memo=51873095 rss=2464MB
  [44100s] nodes=55148518 memo=51889555 rss=2464MB
  [44115s] nodes=55165378 memo=51905888 rss=2464MB
  [44130s] nodes=55182147 memo=51922194 rss=2464MB
  [44145s] nodes=55198237 memo=51937303 rss=2464MB
  [44160s] nodes=55215035 memo=51953021 rss=2464MB
  [44175s] nodes=55231565 memo=51968736 rss=2464MB
  [44190s] nodes=55247920 memo=51983921 rss=2464MB
  [44205s] nodes=55264820 memo=51999654 rss=2464MB
  [44220s] nodes=55280953 memo=52015235 rss=2464MB
  [44235s] nodes=55297529 memo=52031291 rss=2464MB
  [44250s] nodes=55314266 memo=52047516 rss=2464MB
  [44265s] nodes=55331525 memo=52064151 rss=2464MB
  [44280s] nodes=55348698 memo=52080830 rss=2464MB
  [44295s] nodes=55365514 memo=52097077 rss=2464MB
  [44310s] nodes=55381909 memo=52112571 rss=2464MB
  [44325s] nodes=55398156 memo=52127665 rss=2464MB
  [44340s] nodes=55414508 memo=52143074 rss=2464MB
  [44355s] nodes=55431175 memo=52158730 rss=2464MB
  [44370s] nodes=55447865 memo=52174365 rss=2464MB
  [44385s] nodes=55465123 memo=52190588 rss=2464MB
  [44400s] nodes=55481572 memo=52205908 rss=2464MB
  [44415s] nodes=55498929 memo=52222125 rss=2464MB
  [44430s] nodes=55515804 memo=52238166 rss=2464MB
  [44445s] nodes=55532185 memo=52254141 rss=2464MB
  [44460s] nodes=55548584 memo=52270092 rss=2464MB
  [44475s] nodes=55565325 memo=52286418 rss=2464MB
  [44490s] nodes=55582085 memo=52302709 rss=2464MB
  [44505s] nodes=55598809 memo=52318947 rss=2464MB
  [44520s] nodes=55615396 memo=52335147 rss=2464MB
  [44535s] nodes=55631287 memo=52350604 rss=2464MB
  [44550s] nodes=55648359 memo=52367194 rss=2464MB
  [44565s] nodes=55665192 memo=52383177 rss=2464MB
  [44580s] nodes=55682554 memo=52399837 rss=2464MB
  [44595s] nodes=55699521 memo=52416251 rss=2464MB
  [44610s] nodes=55716107 memo=52431999 rss=2464MB
  [44625s] nodes=55732938 memo=52447554 rss=2464MB
  [44640s] nodes=55750134 memo=52464156 rss=2464MB
  [44655s] nodes=55766379 memo=52479871 rss=2464MB
  [44670s] nodes=55781907 memo=52494901 rss=2464MB
  [44685s] nodes=55798172 memo=52510492 rss=2464MB
  [44700s] nodes=55814383 memo=52526160 rss=2464MB
  [44715s] nodes=55831174 memo=52542216 rss=2464MB
  [44730s] nodes=55846836 memo=52557134 rss=2464MB
  [44745s] nodes=55862122 memo=52571929 rss=2464MB
  [44760s] nodes=55878862 memo=52587559 rss=2464MB
  [44775s] nodes=55895037 memo=52602893 rss=2464MB
  [44790s] nodes=55910612 memo=52617040 rss=2464MB
  [44805s] nodes=55927508 memo=52632043 rss=2464MB
  [44820s] nodes=55944952 memo=52648414 rss=2464MB
  [44835s] nodes=55961969 memo=52664786 rss=2464MB
  [44850s] nodes=55978374 memo=52680339 rss=2464MB
  [44865s] nodes=55993956 memo=52694385 rss=2464MB
  [44880s] nodes=56010144 memo=52709189 rss=2464MB
  [44895s] nodes=56025738 memo=52724137 rss=2464MB
  [44910s] nodes=56042228 memo=52739992 rss=2464MB
  [44925s] nodes=56059078 memo=52756274 rss=2464MB
  [44940s] nodes=56076618 memo=52773082 rss=2464MB
  [44955s] nodes=56093297 memo=52788992 rss=2464MB
  [44970s] nodes=56110761 memo=52804629 rss=2464MB
  [44985s] nodes=56126712 memo=52819123 rss=2464MB
  [45000s] nodes=56142719 memo=52833913 rss=2464MB
  [45015s] nodes=56159032 memo=52849229 rss=2464MB
  [45030s] nodes=56174546 memo=52864177 rss=2464MB
  [45045s] nodes=56191345 memo=52880158 rss=2464MB
  [45060s] nodes=56206793 memo=52894236 rss=2464MB
  [45075s] nodes=56223270 memo=52909415 rss=2464MB
  [45090s] nodes=56240114 memo=52925731 rss=2464MB
  [45105s] nodes=56256800 memo=52942000 rss=2464MB
  [45120s] nodes=56273054 memo=52957747 rss=2464MB
  [45135s] nodes=56289891 memo=52974036 rss=2464MB
  [45150s] nodes=56307378 memo=52990818 rss=2464MB
  [45165s] nodes=56324602 memo=53006812 rss=2464MB
  [45180s] nodes=56341767 memo=53022486 rss=2464MB
  [45195s] nodes=56358735 memo=53038018 rss=2464MB
  [45210s] nodes=56375607 memo=53053850 rss=2464MB
  [45225s] nodes=56392714 memo=53069301 rss=2464MB
  [45240s] nodes=56408754 memo=53083935 rss=2464MB
  [45255s] nodes=56425297 memo=53099071 rss=2464MB
  [45270s] nodes=56441432 memo=53114508 rss=2464MB
  [45285s] nodes=56458018 memo=53130333 rss=2464MB
  [45300s] nodes=56475033 memo=53146764 rss=2464MB
  [45315s] nodes=56492650 memo=53163674 rss=2464MB
  [45330s] nodes=56509635 memo=53180045 rss=2464MB
  [45345s] nodes=56526332 memo=53195993 rss=2464MB
  [45360s] nodes=56543267 memo=53212103 rss=2464MB
  [45375s] nodes=56559375 memo=53227282 rss=2464MB
  [45390s] nodes=56576091 memo=53242842 rss=2464MB
  [45405s] nodes=56593400 memo=53258753 rss=2464MB
  [45420s] nodes=56609686 memo=53273844 rss=2464MB
  [45435s] nodes=56626147 memo=53289078 rss=2464MB
  [45450s] nodes=56643107 memo=53304868 rss=2464MB
  [45465s] nodes=56659430 memo=53320061 rss=2464MB
  [45480s] nodes=56675974 memo=53335451 rss=2464MB
  [45495s] nodes=56693247 memo=53351580 rss=2464MB
  [45510s] nodes=56710884 memo=53367817 rss=2464MB
  [45525s] nodes=56728636 memo=53384068 rss=2464MB
  [45540s] nodes=56744705 memo=53398883 rss=2464MB
  [45555s] nodes=56761501 memo=53414156 rss=2464MB
  [45570s] nodes=56778003 memo=53429472 rss=2464MB
  [45585s] nodes=56794615 memo=53444721 rss=2464MB
  [45600s] nodes=56810829 memo=53459294 rss=2464MB
  [45615s] nodes=56827588 memo=53474905 rss=2464MB
  [45630s] nodes=56843912 memo=53490628 rss=2464MB
  [45645s] nodes=56860027 memo=53506072 rss=2464MB
  [45660s] nodes=56876995 memo=53522259 rss=2464MB
  [45675s] nodes=56893025 memo=53537745 rss=2464MB
  [45690s] nodes=56909642 memo=53553646 rss=2464MB
  [45705s] nodes=56927278 memo=53569791 rss=2464MB
  [45720s] nodes=56944775 memo=53586153 rss=2464MB
  [45735s] nodes=56962461 memo=53602259 rss=2464MB
  [45750s] nodes=56978641 memo=53617233 rss=2464MB
  [45765s] nodes=56995898 memo=53633237 rss=2464MB
  [45780s] nodes=57013167 memo=53648559 rss=2464MB
  [45795s] nodes=57031132 memo=53664914 rss=2464MB
  [45810s] nodes=57048574 memo=53681159 rss=2464MB
  [45825s] nodes=57064669 memo=53695921 rss=2464MB
  [45840s] nodes=57081110 memo=53710451 rss=2464MB
  [45855s] nodes=57096982 memo=53724791 rss=2464MB
  [45870s] nodes=57112518 memo=53739043 rss=2464MB
  [45885s] nodes=57129631 memo=53754891 rss=2464MB
  [45900s] nodes=57146390 memo=53769655 rss=2464MB
  [45915s] nodes=57162297 memo=53783518 rss=2464MB
  [45930s] nodes=57178587 memo=53797434 rss=2464MB
  [45945s] nodes=57195059 memo=53812625 rss=2464MB
  [45960s] nodes=57211957 memo=53828438 rss=2464MB
  [45975s] nodes=57227995 memo=53842779 rss=2464MB
  [45990s] nodes=57244654 memo=53858215 rss=2464MB
  [46005s] nodes=57261287 memo=53873068 rss=2464MB
  [46020s] nodes=57277817 memo=53887573 rss=2464MB
  [46035s] nodes=57294498 memo=53902036 rss=2464MB
  [46050s] nodes=57310893 memo=53916946 rss=2464MB
  [46065s] nodes=57327709 memo=53931941 rss=2464MB
  [46080s] nodes=57345177 memo=53947760 rss=2464MB
  [46095s] nodes=57362023 memo=53964002 rss=2464MB
  [46110s] nodes=57379391 memo=53980838 rss=2464MB
  [46125s] nodes=57396633 memo=53997493 rss=2464MB
  [46140s] nodes=57413146 memo=54013343 rss=2464MB
  [46155s] nodes=57429907 memo=54029588 rss=2464MB
  [46170s] nodes=57446237 memo=54045319 rss=2464MB
  [46185s] nodes=57462930 memo=54061407 rss=2464MB
  [46200s] nodes=57479940 memo=54077855 rss=2464MB
  [46215s] nodes=57496781 memo=54094066 rss=2464MB
  [46230s] nodes=57513753 memo=54110431 rss=2464MB
  [46245s] nodes=57530945 memo=54126270 rss=2464MB
  [46260s] nodes=57548134 memo=54142051 rss=2464MB
  [46275s] nodes=57565286 memo=54157541 rss=2464MB
  [46290s] nodes=57581852 memo=54173041 rss=2464MB
  [46305s] nodes=57598763 memo=54188909 rss=2464MB
  [46320s] nodes=57615311 memo=54204623 rss=2464MB
  [46335s] nodes=57632674 memo=54221514 rss=2464MB
  [46350s] nodes=57649418 memo=54237683 rss=2464MB
  [46365s] nodes=57666079 memo=54253270 rss=2464MB
  [46380s] nodes=57682475 memo=54269049 rss=2464MB
  [46395s] nodes=57699391 memo=54285030 rss=2464MB
  [46410s] nodes=57716437 memo=54300448 rss=2464MB
  [46425s] nodes=57733760 memo=54315474 rss=2464MB
  [46440s] nodes=57750570 memo=54329493 rss=2464MB
  [46455s] nodes=57767278 memo=54343975 rss=2464MB
  [46470s] nodes=57783892 memo=54358797 rss=2464MB
  [46485s] nodes=57800576 memo=54374519 rss=2464MB
  [46500s] nodes=57817251 memo=54389345 rss=2464MB
  [46515s] nodes=57834770 memo=54405164 rss=2464MB
  [46530s] nodes=57851429 memo=54420514 rss=2464MB
  [46545s] nodes=57868549 memo=54436238 rss=2464MB
  [46560s] nodes=57885406 memo=54451364 rss=2464MB
  [46575s] nodes=57902684 memo=54467333 rss=2464MB
  [46590s] nodes=57919552 memo=54483107 rss=2464MB
  [46605s] nodes=57936491 memo=54499011 rss=2464MB
  [46620s] nodes=57953499 memo=54514877 rss=2464MB
  [46635s] nodes=57970776 memo=54531194 rss=2464MB
  [46650s] nodes=57987593 memo=54547456 rss=2464MB
  [46665s] nodes=58004338 memo=54563601 rss=2464MB
  [46680s] nodes=58020881 memo=54578917 rss=2464MB
  [46695s] nodes=58037481 memo=54594475 rss=2464MB
  [46710s] nodes=58054737 memo=54611101 rss=2464MB
  [46725s] nodes=58071251 memo=54627125 rss=2464MB
  [46740s] nodes=58087752 memo=54642976 rss=2464MB
  [46755s] nodes=58104924 memo=54659548 rss=2464MB
  [46770s] nodes=58122045 memo=54676134 rss=2464MB
  [46785s] nodes=58139393 memo=54692988 rss=2464MB
  [46800s] nodes=58156544 memo=54709606 rss=2464MB
  [46815s] nodes=58172787 memo=54725338 rss=2464MB
  [46830s] nodes=58189031 memo=54740484 rss=2464MB
  [46845s] nodes=58205567 memo=54755951 rss=2464MB
  [46860s] nodes=58221865 memo=54771241 rss=2464MB
  [46875s] nodes=58238311 memo=54787299 rss=2464MB
  [46890s] nodes=58255075 memo=54803688 rss=2464MB
  [46905s] nodes=58271523 memo=54819664 rss=2464MB
  [46920s] nodes=58288475 memo=54836244 rss=2464MB
  [46935s] nodes=58305251 memo=54852171 rss=2464MB
  [46950s] nodes=58322341 memo=54867956 rss=2464MB
  [46965s] nodes=58338623 memo=54882767 rss=2464MB
  [46980s] nodes=58355146 memo=54897691 rss=2464MB
  [46995s] nodes=58371429 memo=54913464 rss=2464MB
  [47010s] nodes=58387099 memo=54928688 rss=2464MB
  [47025s] nodes=58403243 memo=54943738 rss=2464MB
  [47040s] nodes=58419564 memo=54958905 rss=2464MB
  [47055s] nodes=58435944 memo=54974051 rss=2464MB
  [47070s] nodes=58452985 memo=54990596 rss=2464MB
  [47085s] nodes=58469842 memo=55006959 rss=2464MB
  [47100s] nodes=58486483 memo=55023076 rss=2464MB
  [47115s] nodes=58502971 memo=55038398 rss=2464MB
  [47130s] nodes=58519380 memo=55053709 rss=2464MB
  [47145s] nodes=58536377 memo=55069627 rss=2464MB
  [47160s] nodes=58552788 memo=55084961 rss=2464MB
  [47175s] nodes=58569210 memo=55100385 rss=2464MB
  [47190s] nodes=58585398 memo=55115270 rss=2464MB
  [47205s] nodes=58601251 memo=55129860 rss=2464MB
  [47220s] nodes=58618281 memo=55145575 rss=2464MB
  [47235s] nodes=58635418 memo=55161302 rss=2464MB
  [47250s] nodes=58652660 memo=55177546 rss=2464MB
  [47265s] nodes=58669530 memo=55193907 rss=2464MB
  [47280s] nodes=58686346 memo=55210046 rss=2464MB
  [47295s] nodes=58702631 memo=55225326 rss=2464MB
  [47310s] nodes=58719420 memo=55241439 rss=2464MB
  [47325s] nodes=58736912 memo=55257475 rss=2464MB
  [47340s] nodes=58752458 memo=55272339 rss=2464MB
  [47355s] nodes=58767849 memo=55287120 rss=2464MB
  [47370s] nodes=58784159 memo=55302660 rss=2464MB
  [47385s] nodes=58798547 memo=55316455 rss=2464MB
  [47400s] nodes=58813829 memo=55330893 rss=2464MB
  [47415s] nodes=58827862 memo=55343893 rss=2464MB
  [47430s] nodes=58841950 memo=55357404 rss=2464MB
  [47445s] nodes=58855579 memo=55369984 rss=2464MB
  [47460s] nodes=58869409 memo=55382990 rss=2464MB
  [47475s] nodes=58883785 memo=55396517 rss=2464MB
  [47490s] nodes=58900794 memo=55412411 rss=2464MB
  [47505s] nodes=58918497 memo=55428595 rss=2464MB
  [47520s] nodes=58936213 memo=55445428 rss=2464MB
  [47535s] nodes=58953198 memo=55461710 rss=2464MB
  [47550s] nodes=58970289 memo=55477061 rss=2464MB
  [47565s] nodes=58987507 memo=55492641 rss=2464MB
  [47580s] nodes=59005584 memo=55509150 rss=2464MB
  [47595s] nodes=59023705 memo=55525586 rss=2464MB
  [47610s] nodes=59041210 memo=55541324 rss=2464MB
  [47625s] nodes=59057668 memo=55555516 rss=2464MB
  [47640s] nodes=59074206 memo=55570060 rss=2464MB
  [47655s] nodes=59090738 memo=55584271 rss=2464MB
  [47670s] nodes=59106377 memo=55597804 rss=2464MB
  [47685s] nodes=59122296 memo=55611842 rss=2464MB
  [47700s] nodes=59139038 memo=55626468 rss=2464MB
  [47715s] nodes=59154992 memo=55640231 rss=2464MB
  [47730s] nodes=59169892 memo=55653704 rss=2464MB
  [47745s] nodes=59186288 memo=55668707 rss=2464MB
  [47760s] nodes=59200392 memo=55681130 rss=2464MB
  [47775s] nodes=59214858 memo=55693775 rss=2464MB
  [47790s] nodes=59230256 memo=55707123 rss=2464MB
  [47805s] nodes=59245478 memo=55721230 rss=2464MB
  [47820s] nodes=59260185 memo=55735046 rss=2464MB
  [47835s] nodes=59275117 memo=55749476 rss=2464MB
  [47850s] nodes=59289217 memo=55763091 rss=2464MB
  [47865s] nodes=59304468 memo=55777788 rss=2464MB
  [47880s] nodes=59320598 memo=55793021 rss=2464MB
  [47895s] nodes=59335756 memo=55807541 rss=2464MB
  [47910s] nodes=59350839 memo=55821811 rss=2464MB
  [47925s] nodes=59366924 memo=55837111 rss=2464MB
  [47940s] nodes=59382032 memo=55851619 rss=2464MB
  [47955s] nodes=59398066 memo=55865744 rss=2464MB
  [47970s] nodes=59413941 memo=55879166 rss=2464MB
  [47985s] nodes=59429423 memo=55892209 rss=2464MB
  [48000s] nodes=59444670 memo=55903969 rss=2464MB
  [48015s] nodes=59460751 memo=55915810 rss=2464MB
  [48030s] nodes=59476625 memo=55929299 rss=2464MB
  [48045s] nodes=59492891 memo=55944110 rss=2464MB
  [48060s] nodes=59508478 memo=55958332 rss=2464MB
  [48075s] nodes=59523107 memo=55971877 rss=2464MB
  [48090s] nodes=59537671 memo=55985526 rss=2464MB
  [48105s] nodes=59548886 memo=55995858 rss=2464MB
  [48120s] nodes=59564267 memo=56009870 rss=2464MB
  [48135s] nodes=59580722 memo=56024837 rss=2464MB
  [48150s] nodes=59596384 memo=56038570 rss=2464MB
  [48165s] nodes=59611971 memo=56052139 rss=2464MB
  [48180s] nodes=59628227 memo=56066119 rss=2464MB
  [48195s] nodes=59645027 memo=56081446 rss=2464MB
  [48210s] nodes=59661364 memo=56096537 rss=2464MB
  [48225s] nodes=59677193 memo=56111165 rss=2464MB
  [48240s] nodes=59692530 memo=56126048 rss=2464MB
  [48255s] nodes=59707918 memo=56140895 rss=2464MB
  [48270s] nodes=59722462 memo=56154727 rss=2464MB
  [48285s] nodes=59738607 memo=56169165 rss=2464MB
  [48300s] nodes=59754095 memo=56182932 rss=2464MB
  [48315s] nodes=59769105 memo=56196204 rss=2464MB
  [48330s] nodes=59784503 memo=56209869 rss=2464MB
  [48345s] nodes=59799975 memo=56224081 rss=2464MB
  [48360s] nodes=59815513 memo=56238585 rss=2464MB
  [48375s] nodes=59831649 memo=56252999 rss=2464MB
  [48390s] nodes=59847791 memo=56267920 rss=2464MB
  [48405s] nodes=59864340 memo=56283850 rss=2464MB
  [48420s] nodes=59880147 memo=56298636 rss=2464MB
  [48435s] nodes=59895847 memo=56313309 rss=2464MB
  [48450s] nodes=59911739 memo=56328145 rss=2464MB
  [48465s] nodes=59926195 memo=56342019 rss=2464MB
  [48480s] nodes=59941281 memo=56356275 rss=2464MB
  [48495s] nodes=59955485 memo=56369787 rss=2464MB
  [48510s] nodes=59970113 memo=56383282 rss=2464MB
  [48525s] nodes=59984391 memo=56396689 rss=2464MB
  [48540s] nodes=59999388 memo=56410704 rss=2464MB
  [48555s] nodes=60015275 memo=56425335 rss=2464MB
  [48570s] nodes=60030262 memo=56439247 rss=2464MB
  [48585s] nodes=60045057 memo=56453261 rss=2464MB
  [48600s] nodes=60060963 memo=56468480 rss=2464MB
  [48615s] nodes=60076846 memo=56483745 rss=2464MB
  [48630s] nodes=60092786 memo=56498322 rss=2464MB
  [48645s] nodes=60108009 memo=56512708 rss=2464MB
  [48660s] nodes=60123356 memo=56526606 rss=2464MB
  [48675s] nodes=60138056 memo=56539953 rss=2464MB
  [48690s] nodes=60153915 memo=56554595 rss=2464MB
  [48705s] nodes=60168631 memo=56568131 rss=2464MB
  [48720s] nodes=60183412 memo=56581630 rss=2464MB
  [48735s] nodes=60198422 memo=56595608 rss=2464MB
  [48750s] nodes=60213350 memo=56609688 rss=2464MB
  [48765s] nodes=60228547 memo=56623066 rss=2464MB
  [48780s] nodes=60243460 memo=56636049 rss=2464MB
  [48795s] nodes=60258570 memo=56648834 rss=2464MB
  [48810s] nodes=60273040 memo=56661795 rss=2464MB
  [48825s] nodes=60287490 memo=56674503 rss=2464MB
  [48840s] nodes=60300799 memo=56685970 rss=2464MB
  [48855s] nodes=60314226 memo=56697288 rss=2464MB
  [48870s] nodes=60326909 memo=56707705 rss=2464MB
  [48885s] nodes=60340356 memo=56720026 rss=2464MB
  [48900s] nodes=60353497 memo=56731823 rss=2464MB
  [48915s] nodes=60366382 memo=56742538 rss=2464MB
  [48930s] nodes=60380764 memo=56755469 rss=2464MB
  [48945s] nodes=60393427 memo=56767050 rss=2464MB
  [48960s] nodes=60407349 memo=56779455 rss=2464MB
  [48975s] nodes=60421215 memo=56791357 rss=2464MB
  [48990s] nodes=60435605 memo=56803298 rss=2464MB
  [49005s] nodes=60450136 memo=56815116 rss=2464MB
  [49020s] nodes=60463809 memo=56825860 rss=2464MB
  [49035s] nodes=60479517 memo=56838777 rss=2464MB
  [49050s] nodes=60496019 memo=56852869 rss=2464MB
  [49065s] nodes=60514095 memo=56869612 rss=2464MB
  [49080s] nodes=60530846 memo=56885748 rss=2464MB
  [49095s] nodes=60548295 memo=56901956 rss=2464MB
  [49110s] nodes=60566020 memo=56917862 rss=2464MB
  [49125s] nodes=60582646 memo=56933245 rss=2464MB
  [49140s] nodes=60599096 memo=56948439 rss=2464MB
  [49155s] nodes=60615495 memo=56963178 rss=2464MB
  [49170s] nodes=60631072 memo=56977062 rss=2464MB
  [49185s] nodes=60646981 memo=56991489 rss=2464MB
  [49200s] nodes=60664059 memo=57006708 rss=2464MB
  [49215s] nodes=60681002 memo=57021843 rss=2464MB
  [49230s] nodes=60697049 memo=57036755 rss=2464MB
  [49245s] nodes=60713110 memo=57051452 rss=2464MB
  [49260s] nodes=60729089 memo=57066284 rss=2464MB
  [49275s] nodes=60744919 memo=57081389 rss=2464MB
  [49290s] nodes=60761047 memo=57096714 rss=2464MB
  [49305s] nodes=60777455 memo=57112541 rss=2464MB
  [49320s] nodes=60793678 memo=57128259 rss=2464MB
  [49335s] nodes=60810313 memo=57144209 rss=2464MB
  [49350s] nodes=60826788 memo=57160128 rss=2464MB
  [49365s] nodes=60843024 memo=57175870 rss=2464MB
  [49380s] nodes=60859755 memo=57191982 rss=2464MB
  [49395s] nodes=60876405 memo=57207456 rss=2464MB
  [49410s] nodes=60892525 memo=57222508 rss=2464MB
  [49425s] nodes=60908743 memo=57237205 rss=2464MB
  [49440s] nodes=60924613 memo=57250475 rss=2464MB
  [49455s] nodes=60941182 memo=57264752 rss=2464MB
  [49470s] nodes=60955940 memo=57278303 rss=2464MB
  [49485s] nodes=60971672 memo=57293204 rss=2464MB
  [49500s] nodes=60988810 memo=57308592 rss=2464MB
  [49515s] nodes=61005889 memo=57324054 rss=2464MB
  [49530s] nodes=61021947 memo=57339552 rss=2464MB
  [49545s] nodes=61037988 memo=57354938 rss=2464MB
  [49560s] nodes=61054236 memo=57370306 rss=2464MB
  [49575s] nodes=61069512 memo=57383981 rss=2464MB
  [49590s] nodes=61084650 memo=57397587 rss=2464MB
  [49605s] nodes=61099417 memo=57410300 rss=2464MB
  [49620s] nodes=61113498 memo=57422866 rss=2464MB
  [49635s] nodes=61128563 memo=57436185 rss=2464MB
  [49650s] nodes=61142669 memo=57449574 rss=2464MB
  [49665s] nodes=61156015 memo=57461451 rss=2464MB
  [49680s] nodes=61169189 memo=57472695 rss=2464MB
  [49695s] nodes=61184101 memo=57486210 rss=2464MB
  [49710s] nodes=61198781 memo=57499253 rss=2464MB
  [49725s] nodes=61214569 memo=57513696 rss=2464MB
  [49740s] nodes=61229597 memo=57527190 rss=2464MB
  [49755s] nodes=61245366 memo=57541503 rss=2464MB
  [49770s] nodes=61260192 memo=57555130 rss=2464MB
  [49785s] nodes=61274668 memo=57568375 rss=2464MB
  [49800s] nodes=61288155 memo=57580387 rss=2464MB
  [49815s] nodes=61301083 memo=57592315 rss=2464MB
  [49830s] nodes=61314698 memo=57605274 rss=2464MB
  [49845s] nodes=61327939 memo=57617829 rss=2464MB
  [49860s] nodes=61341197 memo=57630028 rss=2464MB
  [49875s] nodes=61355938 memo=57643677 rss=2464MB
  [49890s] nodes=61370338 memo=57656880 rss=2464MB
  [49905s] nodes=61383936 memo=57668930 rss=2464MB
  [49920s] nodes=61397548 memo=57681252 rss=2464MB
  [49935s] nodes=61412033 memo=57694622 rss=2464MB
  [49950s] nodes=61428453 memo=57709438 rss=2464MB
  [49965s] nodes=61444452 memo=57723477 rss=2464MB
  [49980s] nodes=61460009 memo=57736961 rss=2464MB
  [49995s] nodes=61475220 memo=57750183 rss=2464MB
  [50010s] nodes=61489756 memo=57762891 rss=2464MB
  [50025s] nodes=61502663 memo=57774997 rss=2464MB
  [50040s] nodes=61518608 memo=57790318 rss=2464MB
  [50055s] nodes=61534221 memo=57805340 rss=2464MB
  [50070s] nodes=61549138 memo=57819574 rss=2464MB
  [50085s] nodes=61564299 memo=57833773 rss=2464MB
  [50100s] nodes=61578959 memo=57847321 rss=2464MB
  [50115s] nodes=61593304 memo=57860967 rss=2464MB
  [50130s] nodes=61607600 memo=57874457 rss=2464MB
  [50145s] nodes=61619244 memo=57885572 rss=2464MB
  [50160s] nodes=61632662 memo=57898338 rss=2464MB
  [50175s] nodes=61645213 memo=57910209 rss=2464MB
  [50190s] nodes=61658182 memo=57922590 rss=2464MB
  [50205s] nodes=61671270 memo=57935188 rss=2464MB
  [50220s] nodes=61685223 memo=57948428 rss=2464MB
  [50235s] nodes=61697690 memo=57960306 rss=2464MB
  [50250s] nodes=61709918 memo=57971723 rss=2464MB
  [50265s] nodes=61724271 memo=57984890 rss=2464MB
  [50280s] nodes=61738363 memo=57996581 rss=2464MB
  [50295s] nodes=61753610 memo=58009269 rss=2464MB
  [50310s] nodes=61767357 memo=58021389 rss=2464MB
  [50325s] nodes=61780837 memo=58033153 rss=2464MB
  [50340s] nodes=61793062 memo=58043952 rss=2464MB
  [50355s] nodes=61805040 memo=58054367 rss=2464MB
  [50370s] nodes=61818651 memo=58066281 rss=2464MB
  [50385s] nodes=61833672 memo=58078990 rss=2464MB
  [50400s] nodes=61848617 memo=58092624 rss=2464MB
  [50415s] nodes=61863246 memo=58105412 rss=2464MB
  [50430s] nodes=61877619 memo=58118314 rss=2464MB
  [50445s] nodes=61891533 memo=58131656 rss=2464MB
  [50460s] nodes=61905200 memo=58144740 rss=2464MB
  [50475s] nodes=61918388 memo=58157446 rss=2464MB
  [50490s] nodes=61932276 memo=58170074 rss=2464MB
  [50505s] nodes=61946076 memo=58182589 rss=2464MB
  [50520s] nodes=61959046 memo=58194281 rss=2464MB
  [50535s] nodes=61971408 memo=58204992 rss=2464MB
  [50550s] nodes=61983526 memo=58215127 rss=2464MB
  [50565s] nodes=61996279 memo=58225988 rss=2464MB
  [50580s] nodes=62008186 memo=58235931 rss=2464MB
  [50595s] nodes=62020729 memo=58246262 rss=2464MB
  [50610s] nodes=62032114 memo=58255747 rss=2464MB
  [50625s] nodes=62044465 memo=58266100 rss=2464MB
  [50640s] nodes=62056507 memo=58276343 rss=2464MB
  [50655s] nodes=62067838 memo=58285984 rss=2464MB
  [50670s] nodes=62078645 memo=58295041 rss=2464MB
  [50685s] nodes=62089967 memo=58304375 rss=2464MB
  [50700s] nodes=62101687 memo=58313974 rss=2464MB
  [50715s] nodes=62113708 memo=58324011 rss=2464MB
  [50730s] nodes=62125346 memo=58333746 rss=2464MB
  [50745s] nodes=62137168 memo=58343366 rss=2464MB
  [50760s] nodes=62149950 memo=58353865 rss=2464MB
  [50775s] nodes=62162256 memo=58364028 rss=2464MB
  [50790s] nodes=62173737 memo=58373436 rss=2464MB
  [50805s] nodes=62184732 memo=58382668 rss=2464MB
  [50820s] nodes=62196313 memo=58392977 rss=2464MB
  [50835s] nodes=62208656 memo=58404123 rss=2464MB
  [50850s] nodes=62222035 memo=58416098 rss=2464MB
  [50865s] nodes=62234026 memo=58426288 rss=2464MB
  [50880s] nodes=62246264 memo=58437067 rss=2464MB
  [50895s] nodes=62261538 memo=58450268 rss=2464MB
  [50910s] nodes=62276361 memo=58463317 rss=2464MB
  [50925s] nodes=62292107 memo=58477817 rss=2464MB
  [50940s] nodes=62307362 memo=58491785 rss=2464MB
  [50955s] nodes=62322763 memo=58505940 rss=2464MB
  [50970s] nodes=62338468 memo=58520233 rss=2464MB
  [50985s] nodes=62354053 memo=58534587 rss=2464MB
  [51000s] nodes=62369104 memo=58548095 rss=2464MB
  [51015s] nodes=62383642 memo=58561434 rss=2464MB
  [51030s] nodes=62398413 memo=58575607 rss=2464MB
  [51045s] nodes=62412882 memo=58589578 rss=2464MB
  [51060s] nodes=62426834 memo=58603122 rss=2464MB
  [51075s] nodes=62441202 memo=58617044 rss=2464MB
  [51090s] nodes=62456329 memo=58631113 rss=2464MB
  [51105s] nodes=62472034 memo=58645830 rss=2464MB
  [51120s] nodes=62487046 memo=58659638 rss=2464MB
  [51135s] nodes=62500898 memo=58672062 rss=2464MB
  [51150s] nodes=62514656 memo=58684253 rss=2464MB
  [51165s] nodes=62528107 memo=58696510 rss=2464MB
  [51180s] nodes=62542944 memo=58710312 rss=2464MB
  [51195s] nodes=62557761 memo=58723878 rss=2464MB
  [51210s] nodes=62573326 memo=58737548 rss=2464MB
  [51225s] nodes=62588623 memo=58751611 rss=2464MB
  [51240s] nodes=62603769 memo=58765668 rss=2464MB
  [51255s] nodes=62618208 memo=58779125 rss=2464MB
  [51270s] nodes=62633258 memo=58792724 rss=2464MB
  [51285s] nodes=62648028 memo=58805838 rss=2464MB
  [51300s] nodes=62662162 memo=58818215 rss=2464MB
  [51315s] nodes=62676483 memo=58830631 rss=2464MB
  [51330s] nodes=62691359 memo=58843729 rss=2464MB
  [51345s] nodes=62705832 memo=58856753 rss=2464MB
  [51360s] nodes=62720884 memo=58870625 rss=2464MB
  [51375s] nodes=62736164 memo=58884293 rss=2464MB
  [51390s] nodes=62750834 memo=58896885 rss=2464MB
  [51405s] nodes=62765492 memo=58909316 rss=2464MB
  [51420s] nodes=62780081 memo=58921859 rss=2464MB
  [51435s] nodes=62794165 memo=58934312 rss=2464MB
  [51450s] nodes=62810140 memo=58949995 rss=2464MB
  [51465s] nodes=62826692 memo=58966370 rss=2464MB
  [51480s] nodes=62842988 memo=58982389 rss=2464MB
  [51495s] nodes=62858494 memo=58997357 rss=2464MB
  [51510s] nodes=62873460 memo=59012183 rss=2464MB
  [51525s] nodes=62888623 memo=59027243 rss=2464MB
  [51540s] nodes=62905591 memo=59043816 rss=2464MB
  [51555s] nodes=62921361 memo=59059059 rss=2464MB
  [51570s] nodes=62938111 memo=59075651 rss=2464MB
  [51585s] nodes=62954914 memo=59092450 rss=2464MB
  [51600s] nodes=62971710 memo=59109273 rss=2464MB
  [51615s] nodes=62988485 memo=59125972 rss=2464MB
  [51630s] nodes=63004559 memo=59142009 rss=2464MB
  [51645s] nodes=63020386 memo=59157837 rss=2464MB
  [51660s] nodes=63036319 memo=59173715 rss=2464MB
  [51675s] nodes=63052251 memo=59189630 rss=2464MB
  [51690s] nodes=63067522 memo=59204562 rss=2464MB
  [51705s] nodes=63082814 memo=59219608 rss=2464MB
  [51720s] nodes=63098229 memo=59234683 rss=2464MB
  [51735s] nodes=63113755 memo=59250219 rss=2464MB
  [51750s] nodes=63129002 memo=59265467 rss=2464MB
  [51765s] nodes=63143433 memo=59279898 rss=2464MB
  [51780s] nodes=63158803 memo=59295254 rss=2464MB
  [51795s] nodes=63174405 memo=59310588 rss=2464MB
  [51810s] nodes=63189334 memo=59325529 rss=2464MB
  [51825s] nodes=63204871 memo=59341008 rss=2464MB
  [51840s] nodes=63220170 memo=59356045 rss=2464MB
  [51855s] nodes=63234428 memo=59369999 rss=2464MB
  [51870s] nodes=63249201 memo=59384408 rss=2464MB
  [51885s] nodes=63264836 memo=59399960 rss=2464MB
  [51900s] nodes=63279988 memo=59414601 rss=2464MB
  [51915s] nodes=63295630 memo=59429700 rss=2464MB
  [51930s] nodes=63310906 memo=59444370 rss=2464MB
  [51945s] nodes=63326616 memo=59459556 rss=2464MB
  [51960s] nodes=63341709 memo=59474112 rss=2464MB
  [51975s] nodes=63357131 memo=59489065 rss=2464MB
  [51990s] nodes=63373032 memo=59504462 rss=2464MB
  [52005s] nodes=63388596 memo=59519523 rss=2464MB
  [52020s] nodes=63405374 memo=59535592 rss=2464MB
  [52035s] nodes=63421065 memo=59550723 rss=2464MB
  [52050s] nodes=63437434 memo=59566631 rss=2464MB
  [52065s] nodes=63453597 memo=59582779 rss=2464MB
  [52080s] nodes=63469325 memo=59598513 rss=2464MB
  [52095s] nodes=63485101 memo=59614287 rss=2464MB
  [52110s] nodes=63500786 memo=59629964 rss=2464MB
  [52125s] nodes=63516969 memo=59646167 rss=2464MB
  [52140s] nodes=63532896 memo=59661865 rss=2464MB
  [52155s] nodes=63548207 memo=59676631 rss=2464MB
  [52170s] nodes=63563281 memo=59691183 rss=2464MB
  [52185s] nodes=63578242 memo=59705605 rss=2464MB
  [52200s] nodes=63593597 memo=59720346 rss=2464MB
  [52215s] nodes=63609343 memo=59735364 rss=2464MB
  [52230s] nodes=63624749 memo=59750174 rss=2464MB
  [52245s] nodes=63640079 memo=59764519 rss=2464MB
  [52260s] nodes=63654100 memo=59777904 rss=2464MB
  [52275s] nodes=63668907 memo=59792141 rss=2464MB
  [52290s] nodes=63683610 memo=59806180 rss=2464MB
  [52305s] nodes=63698822 memo=59820701 rss=2464MB
  [52320s] nodes=63713682 memo=59835061 rss=2464MB
  [52335s] nodes=63728597 memo=59849486 rss=2464MB
  [52350s] nodes=63743292 memo=59863660 rss=2464MB
  [52365s] nodes=63758049 memo=59877929 rss=2464MB
  [52380s] nodes=63772439 memo=59891895 rss=2464MB
  [52395s] nodes=63787280 memo=59906300 rss=2464MB
  [52410s] nodes=63802272 memo=59920847 rss=2464MB
  [52425s] nodes=63816034 memo=59934170 rss=2464MB
  [52440s] nodes=63830384 memo=59947955 rss=2464MB
  [52455s] nodes=63844626 memo=59961502 rss=2464MB
  [52470s] nodes=63859634 memo=59975843 rss=2464MB
  [52485s] nodes=63874390 memo=59989770 rss=2464MB
  [52500s] nodes=63888683 memo=60003253 rss=2464MB
  [52515s] nodes=63903618 memo=60016947 rss=2464MB
  [52530s] nodes=63919111 memo=60031241 rss=2464MB
  [52545s] nodes=63934184 memo=60045197 rss=2464MB
  [52560s] nodes=63949086 memo=60059086 rss=2464MB
  [52575s] nodes=63964003 memo=60072992 rss=2464MB
  [52590s] nodes=63979247 memo=60087092 rss=2464MB
  [52605s] nodes=63994078 memo=60100936 rss=2464MB
  [52620s] nodes=64009259 memo=60114998 rss=2464MB
  [52635s] nodes=64023951 memo=60128647 rss=2464MB
  [52650s] nodes=64038577 memo=60142189 rss=2464MB
  [52665s] nodes=64053600 memo=60156085 rss=2464MB
  [52680s] nodes=64068682 memo=60169945 rss=2464MB
  [52695s] nodes=64083767 memo=60183910 rss=2464MB
  [52710s] nodes=64098548 memo=60197670 rss=2464MB
  [52725s] nodes=64113876 memo=60211422 rss=2464MB
  [52740s] nodes=64128661 memo=60225163 rss=2464MB
  [52755s] nodes=64143879 memo=60239259 rss=2464MB
  [52770s] nodes=64158167 memo=60252551 rss=2464MB
  [52785s] nodes=64172166 memo=60265473 rss=2464MB
  [52800s] nodes=64186296 memo=60278063 rss=2464MB
  [52815s] nodes=64200713 memo=60291048 rss=2464MB
  [52830s] nodes=64214699 memo=60303591 rss=2464MB
  [52845s] nodes=64228535 memo=60316029 rss=2464MB
  [52860s] nodes=64242207 memo=60328770 rss=2464MB
  [52875s] nodes=64255911 memo=60341704 rss=2464MB
  [52890s] nodes=64269629 memo=60354701 rss=2464MB
  [52905s] nodes=64283782 memo=60368430 rss=2464MB
  [52920s] nodes=64298518 memo=60382737 rss=2464MB
  [52935s] nodes=64312781 memo=60396551 rss=2464MB
  [52950s] nodes=64328243 memo=60411353 rss=2464MB
  [52965s] nodes=64342884 memo=60425452 rss=2464MB
  [52980s] nodes=64356960 memo=60439109 rss=2464MB
  [52995s] nodes=64371029 memo=60452779 rss=2464MB
  [53010s] nodes=64385589 memo=60466908 rss=2464MB
  [53025s] nodes=64399905 memo=60480894 rss=2464MB
  [53040s] nodes=64414431 memo=60494826 rss=2464MB
  [53055s] nodes=64429741 memo=60509694 rss=2464MB
  [53070s] nodes=64444203 memo=60523640 rss=2464MB
  [53085s] nodes=64458747 memo=60537626 rss=2464MB
  [53100s] nodes=64473479 memo=60551826 rss=2464MB
  [53115s] nodes=64486983 memo=60564804 rss=2464MB
  [53130s] nodes=64502169 memo=60579428 rss=2464MB
  [53145s] nodes=64516344 memo=60592638 rss=2464MB
  [53160s] nodes=64530858 memo=60605945 rss=2464MB
  [53175s] nodes=64545265 memo=60619206 rss=2464MB
  [53190s] nodes=64561185 memo=60633911 rss=2464MB
  [53205s] nodes=64576313 memo=60647926 rss=2464MB
  [53220s] nodes=64591298 memo=60661097 rss=2464MB
  [53235s] nodes=64606973 memo=60674896 rss=2464MB
  [53250s] nodes=64622604 memo=60688824 rss=2464MB
  [53265s] nodes=64638099 memo=60703218 rss=2464MB
  [53280s] nodes=64653679 memo=60717697 rss=2464MB
  [53295s] nodes=64668643 memo=60731557 rss=2464MB
  [53310s] nodes=64684038 memo=60745934 rss=2464MB
  [53325s] nodes=64699648 memo=60760329 rss=2464MB
  [53340s] nodes=64715094 memo=60774122 rss=2464MB
  [53355s] nodes=64729400 memo=60787501 rss=2464MB
  [53370s] nodes=64743820 memo=60801157 rss=2464MB
  [53385s] nodes=64758437 memo=60815111 rss=2464MB
  [53400s] nodes=64773766 memo=60829687 rss=2464MB
  [53415s] nodes=64789227 memo=60844267 rss=2464MB
  [53430s] nodes=64804164 memo=60858366 rss=2464MB
  [53445s] nodes=64819041 memo=60872448 rss=2464MB
  [53460s] nodes=64833808 memo=60886706 rss=2464MB
  [53475s] nodes=64848030 memo=60900431 rss=2464MB
  [53490s] nodes=64862870 memo=60914668 rss=2464MB
  [53505s] nodes=64877006 memo=60928323 rss=2464MB
  [53520s] nodes=64890852 memo=60941682 rss=2464MB
  [53535s] nodes=64904563 memo=60954902 rss=2464MB
  [53550s] nodes=64919820 memo=60969674 rss=2464MB
  [53565s] nodes=64935131 memo=60984468 rss=2464MB
  [53580s] nodes=64949775 memo=60998640 rss=2464MB
  [53595s] nodes=64965005 memo=61013323 rss=2464MB
  [53610s] nodes=64979683 memo=61027502 rss=2464MB
  [53625s] nodes=64994086 memo=61041436 rss=2464MB
  [53640s] nodes=65008394 memo=61055274 rss=2464MB
  [53655s] nodes=65023282 memo=61069552 rss=2464MB
  [53670s] nodes=65038041 memo=61083818 rss=2464MB
  [53685s] nodes=65052459 memo=61097744 rss=2464MB
  [53700s] nodes=65067010 memo=61111796 rss=2464MB
  [53715s] nodes=65081280 memo=61125582 rss=2464MB
  [53730s] nodes=65096120 memo=61139956 rss=2464MB
  [53745s] nodes=65110854 memo=61154039 rss=2464MB
  [53760s] nodes=65125695 memo=61168303 rss=2464MB
  [53775s] nodes=65140053 memo=61182076 rss=2464MB
  [53790s] nodes=65154067 memo=61195520 rss=2464MB
  [53805s] nodes=65168925 memo=61209767 rss=2464MB
  [53820s] nodes=65182961 memo=61223162 rss=2464MB
  [53835s] nodes=65196786 memo=61236406 rss=2464MB
  [53850s] nodes=65211041 memo=61250118 rss=2464MB
  [53865s] nodes=65225578 memo=61263989 rss=2464MB
  [53880s] nodes=65240021 memo=61277674 rss=2464MB
  [53895s] nodes=65253675 memo=61290459 rss=2464MB
  [53910s] nodes=65267560 memo=61303321 rss=2464MB
  [53925s] nodes=65281456 memo=61316647 rss=2464MB
  [53940s] nodes=65295046 memo=61329550 rss=2464MB
  [53955s] nodes=65308861 memo=61342804 rss=2464MB
  [53970s] nodes=65322641 memo=61356067 rss=2464MB
  [53985s] nodes=65336773 memo=61369669 rss=2464MB
  [54000s] nodes=65350822 memo=61383173 rss=2464MB
  [54015s] nodes=65364824 memo=61396673 rss=2464MB
  [54030s] nodes=65378340 memo=61409710 rss=2464MB
  [54045s] nodes=65391044 memo=61421957 rss=2464MB
  [54060s] nodes=65404310 memo=61434635 rss=2464MB
  [54075s] nodes=65417903 memo=61447522 rss=2464MB
  [54090s] nodes=65432461 memo=61461069 rss=2464MB
  [54105s] nodes=65446467 memo=61474403 rss=2464MB
  [54120s] nodes=65459547 memo=61486941 rss=2464MB
  [54135s] nodes=65473202 memo=61499955 rss=2464MB
  [54150s] nodes=65486477 memo=61512549 rss=2464MB
  [54165s] nodes=65498620 memo=61524281 rss=2464MB
  [54180s] nodes=65511032 memo=61536251 rss=2464MB
  [54195s] nodes=65522881 memo=61547637 rss=2464MB
  [54210s] nodes=65536149 memo=61559833 rss=2464MB
  [54225s] nodes=65550390 memo=61572810 rss=2464MB
  [54240s] nodes=65564590 memo=61585884 rss=2464MB
  [54255s] nodes=65578861 memo=61599115 rss=2464MB
  [54270s] nodes=65593420 memo=61612688 rss=2464MB
  [54285s] nodes=65607843 memo=61625975 rss=2464MB
  [54300s] nodes=65622287 memo=61639325 rss=2464MB
  [54315s] nodes=65637119 memo=61652723 rss=2464MB
  [54330s] nodes=65651384 memo=61665618 rss=2464MB
  [54345s] nodes=65666154 memo=61679424 rss=2464MB
  [54360s] nodes=65680627 memo=61692773 rss=2464MB
  [54375s] nodes=65695327 memo=61706237 rss=2464MB
  [54390s] nodes=65710275 memo=61720103 rss=2464MB
  [54405s] nodes=65724747 memo=61733511 rss=2464MB
  [54420s] nodes=65739709 memo=61747352 rss=2464MB
  [54435s] nodes=65754307 memo=61760302 rss=2464MB
  [54450s] nodes=65769017 memo=61773473 rss=2464MB
  [54465s] nodes=65783911 memo=61786834 rss=2464MB
  [54480s] nodes=65798462 memo=61799960 rss=2464MB
  [54495s] nodes=65813284 memo=61813340 rss=2464MB
  [54510s] nodes=65827339 memo=61826036 rss=2464MB
  [54525s] nodes=65841989 memo=61839137 rss=2464MB
  [54540s] nodes=65856484 memo=61852544 rss=2464MB
  [54555s] nodes=65871343 memo=61866473 rss=2464MB
  [54570s] nodes=65885907 memo=61880374 rss=2464MB
  [54585s] nodes=65900495 memo=61894508 rss=2464MB
  [54600s] nodes=65914504 memo=61907785 rss=2464MB
  [54615s] nodes=65929071 memo=61921637 rss=2464MB
  [54630s] nodes=65942476 memo=61934570 rss=2464MB
  [54645s] nodes=65956027 memo=61947255 rss=2464MB
  [54660s] nodes=65969436 memo=61959254 rss=2464MB
  [54675s] nodes=65982087 memo=61971204 rss=2464MB
  [54690s] nodes=65996735 memo=61985154 rss=2464MB
  [54705s] nodes=66011085 memo=61998922 rss=2464MB
  [54720s] nodes=66024913 memo=62012003 rss=2464MB
  [54735s] nodes=66039505 memo=62025629 rss=2464MB
  [54750s] nodes=66054162 memo=62039406 rss=2464MB
  [54765s] nodes=66068399 memo=62052904 rss=2464MB
  [54780s] nodes=66082854 memo=62066730 rss=2464MB
  [54795s] nodes=66096971 memo=62080378 rss=2464MB
  [54810s] nodes=66110922 memo=62093864 rss=2464MB
  [54825s] nodes=66125433 memo=62107922 rss=2464MB
  [54840s] nodes=66139513 memo=62121543 rss=2464MB
  [54855s] nodes=66153156 memo=62134749 rss=2464MB
  [54870s] nodes=66166928 memo=62148021 rss=2464MB
  [54885s] nodes=66180884 memo=62161171 rss=2464MB
  [54900s] nodes=66194257 memo=62173511 rss=2464MB
  [54915s] nodes=66208637 memo=62186672 rss=2464MB
  [54930s] nodes=66222262 memo=62198948 rss=2464MB
  [54945s] nodes=66236010 memo=62211645 rss=2464MB
  [54960s] nodes=66251039 memo=62225487 rss=2464MB
  [54975s] nodes=66265799 memo=62239074 rss=2464MB
  [54990s] nodes=66279759 memo=62251767 rss=2464MB
  [55005s] nodes=66293400 memo=62264517 rss=2464MB
  [55020s] nodes=66306396 memo=62276756 rss=2464MB
  [55035s] nodes=66319287 memo=62288685 rss=2464MB
  [55050s] nodes=66332571 memo=62301178 rss=2464MB
  [55065s] nodes=66345549 memo=62313369 rss=2464MB
  [55080s] nodes=66359271 memo=62326353 rss=2464MB
  [55095s] nodes=66372834 memo=62339445 rss=2464MB
  [55110s] nodes=66386333 memo=62352114 rss=2464MB
  [55125s] nodes=66399803 memo=62364792 rss=2464MB
  [55140s] nodes=66412856 memo=62376935 rss=2464MB
  [55155s] nodes=66426389 memo=62389751 rss=2464MB
  [55170s] nodes=66440207 memo=62402645 rss=2464MB
  [55185s] nodes=66453782 memo=62414956 rss=2464MB
  [55200s] nodes=66467687 memo=62427731 rss=2464MB
  [55215s] nodes=66480950 memo=62439986 rss=2464MB
  [55230s] nodes=66494730 memo=62452654 rss=2464MB
  [55245s] nodes=66508767 memo=62465616 rss=2464MB
  [55260s] nodes=66522561 memo=62478104 rss=2464MB
  [55275s] nodes=66536564 memo=62490962 rss=2464MB
  [55290s] nodes=66551160 memo=62503968 rss=2464MB
  [55305s] nodes=66564796 memo=62516660 rss=2464MB
  [55320s] nodes=66578753 memo=62529701 rss=2464MB
  [55335s] nodes=66592145 memo=62542373 rss=2464MB
  [55350s] nodes=66605650 memo=62555354 rss=2464MB
  [55365s] nodes=66620068 memo=62569295 rss=2464MB
  [55380s] nodes=66634691 memo=62583328 rss=2464MB
  [55395s] nodes=66648541 memo=62596608 rss=2464MB
  [55410s] nodes=66662270 memo=62609684 rss=2464MB
  [55425s] nodes=66675943 memo=62622773 rss=2464MB
  [55440s] nodes=66689137 memo=62635456 rss=2464MB
  [55455s] nodes=66701572 memo=62647425 rss=2464MB
  [55470s] nodes=66714148 memo=62659531 rss=2464MB
  [55485s] nodes=66727540 memo=62672280 rss=2464MB
  [55500s] nodes=66741273 memo=62685294 rss=2464MB
  [55515s] nodes=66755094 memo=62698618 rss=2464MB
  [55530s] nodes=66768543 memo=62711565 rss=2464MB
  [55545s] nodes=66783016 memo=62725538 rss=2464MB
  [55560s] nodes=66796812 memo=62738665 rss=2464MB
  [55575s] nodes=66810418 memo=62751603 rss=2464MB
  [55590s] nodes=66824551 memo=62765017 rss=2464MB
  [55605s] nodes=66838826 memo=62778619 rss=2464MB
  [55620s] nodes=66853086 memo=62792346 rss=2464MB
  [55635s] nodes=66866688 memo=62805411 rss=2464MB
  [55650s] nodes=66880038 memo=62818233 rss=2464MB
  [55665s] nodes=66894213 memo=62831881 rss=2464MB
  [55680s] nodes=66908677 memo=62845429 rss=2464MB
  [55695s] nodes=66923049 memo=62858807 rss=2464MB
  [55710s] nodes=66937097 memo=62871820 rss=2464MB
  [55725s] nodes=66951442 memo=62885251 rss=2464MB
  [55740s] nodes=66964353 memo=62897201 rss=2464MB
  [55755s] nodes=66976784 memo=62908775 rss=2464MB
  [55770s] nodes=66990099 memo=62921259 rss=2464MB
  [55785s] nodes=67002863 memo=62933245 rss=2464MB
  [55800s] nodes=67016504 memo=62946009 rss=2464MB
  [55815s] nodes=67030319 memo=62958605 rss=2464MB
  [55830s] nodes=67043973 memo=62970926 rss=2464MB
  [55845s] nodes=67058025 memo=62984357 rss=2464MB
  [55860s] nodes=67073342 memo=62999115 rss=2464MB
  [55875s] nodes=67088937 memo=63014008 rss=2464MB
  [55890s] nodes=67103779 memo=63028223 rss=2464MB
  [55905s] nodes=67117951 memo=63041767 rss=2464MB
  [55920s] nodes=67132802 memo=63056017 rss=2464MB
  [55935s] nodes=67147052 memo=63069652 rss=2464MB
  [55950s] nodes=67161383 memo=63083382 rss=2464MB
  [55965s] nodes=67174756 memo=63096203 rss=2464MB
  [55980s] nodes=67188603 memo=63109346 rss=2464MB
  [55995s] nodes=67202228 memo=63122233 rss=2464MB
  [56010s] nodes=67215770 memo=63135170 rss=2464MB
  [56025s] nodes=67229386 memo=63148238 rss=2464MB
  [56040s] nodes=67242245 memo=63160519 rss=2464MB
  [56055s] nodes=67256561 memo=63174348 rss=2464MB
  [56070s] nodes=67269056 memo=63186446 rss=2464MB
  [56085s] nodes=67281712 memo=63198742 rss=2464MB
  [56100s] nodes=67295661 memo=63212066 rss=2464MB
  [56115s] nodes=67309626 memo=63225419 rss=2464MB
  [56130s] nodes=67323498 memo=63238711 rss=2464MB
  [56145s] nodes=67336997 memo=63251549 rss=2464MB
  [56160s] nodes=67351435 memo=63265476 rss=2464MB
  [56175s] nodes=67365937 memo=63279407 rss=2464MB
  [56190s] nodes=67380531 memo=63293516 rss=2464MB
  [56205s] nodes=67394799 memo=63307296 rss=2464MB
  [56220s] nodes=67408956 memo=63321009 rss=2464MB
  [56235s] nodes=67422940 memo=63333974 rss=2464MB
  [56250s] nodes=67436982 memo=63347015 rss=2464MB
  [56265s] nodes=67451144 memo=63360269 rss=2464MB
  [56280s] nodes=67465341 memo=63373383 rss=2464MB
  [56295s] nodes=67479610 memo=63386528 rss=2464MB
  [56310s] nodes=67493493 memo=63399437 rss=2464MB
  [56325s] nodes=67507243 memo=63412293 rss=2464MB
  [56340s] nodes=67521305 memo=63425765 rss=2464MB
  [56355s] nodes=67535115 memo=63439032 rss=2464MB
  [56370s] nodes=67548883 memo=63452258 rss=2464MB
  [56385s] nodes=67562417 memo=63465345 rss=2464MB
  [56400s] nodes=67576758 memo=63479070 rss=2464MB
  [56415s] nodes=67590572 memo=63492301 rss=2464MB
  [56430s] nodes=67604489 memo=63505816 rss=2464MB
  [56445s] nodes=67618217 memo=63519093 rss=2464MB
  [56460s] nodes=67632118 memo=63532467 rss=2464MB
  [56475s] nodes=67645499 memo=63545196 rss=2464MB
  [56490s] nodes=67658923 memo=63558076 rss=2464MB
  [56505s] nodes=67671964 memo=63570544 rss=2464MB
  [56520s] nodes=67684823 memo=63582662 rss=2464MB
  [56535s] nodes=67697068 memo=63594499 rss=2464MB
  [56550s] nodes=67708876 memo=63605502 rss=2464MB
  [56565s] nodes=67719596 memo=63615293 rss=2464MB
  [56580s] nodes=67731473 memo=63626390 rss=2464MB
  [56595s] nodes=67744098 memo=63638317 rss=2464MB
  [56610s] nodes=67756626 memo=63650246 rss=2464MB
  [56625s] nodes=67768979 memo=63661968 rss=2464MB
  [56640s] nodes=67782859 memo=63675010 rss=2464MB
  [56655s] nodes=67795237 memo=63686841 rss=2464MB
  [56670s] nodes=67808159 memo=63699100 rss=2464MB
  [56685s] nodes=67821753 memo=63712100 rss=2464MB
  [56700s] nodes=67833786 memo=63723500 rss=2464MB
  [56715s] nodes=67845525 memo=63734747 rss=2464MB
  [56730s] nodes=67857531 memo=63746197 rss=2464MB
  [56745s] nodes=67868332 memo=63756671 rss=2464MB
  [56760s] nodes=67879373 memo=63767295 rss=2464MB
  [56775s] nodes=67891479 memo=63778761 rss=2464MB
  [56790s] nodes=67905334 memo=63792024 rss=2464MB
  [56805s] nodes=67920438 memo=63806266 rss=2464MB
  [56820s] nodes=67934816 memo=63819767 rss=2464MB
  [56835s] nodes=67948684 memo=63832715 rss=2464MB
  [56850s] nodes=67963433 memo=63846475 rss=2464MB
  [56865s] nodes=67977314 memo=63859393 rss=2464MB
  [56880s] nodes=67990996 memo=63872206 rss=2464MB
  [56895s] nodes=68005184 memo=63885498 rss=2464MB
  [56910s] nodes=68019461 memo=63898907 rss=2464MB
  [56925s] nodes=68033372 memo=63912391 rss=2464MB
  [56940s] nodes=68046760 memo=63925188 rss=2464MB
  [56955s] nodes=68060907 memo=63938845 rss=2464MB
  [56970s] nodes=68074541 memo=63951913 rss=2464MB
  [56985s] nodes=68088558 memo=63965362 rss=2464MB
  [57000s] nodes=68102064 memo=63977918 rss=2464MB
  [57015s] nodes=68115713 memo=63990539 rss=2464MB
  [57030s] nodes=68129840 memo=64003700 rss=2464MB
  [57045s] nodes=68143477 memo=64016313 rss=2464MB
  [57060s] nodes=68157453 memo=64029182 rss=2464MB
  [57075s] nodes=68171526 memo=64042646 rss=2464MB
  [57090s] nodes=68185394 memo=64055793 rss=2464MB
  [57105s] nodes=68198191 memo=64068086 rss=2464MB
  [57120s] nodes=68211178 memo=64080506 rss=2464MB
  [57135s] nodes=68225181 memo=64093943 rss=2464MB
  [57150s] nodes=68239449 memo=64107729 rss=2464MB
  [57165s] nodes=68253708 memo=64121149 rss=2464MB
  [57180s] nodes=68268058 memo=64134473 rss=2464MB
  [57195s] nodes=68282113 memo=64147540 rss=2464MB
  [57210s] nodes=68296826 memo=64161220 rss=2464MB
  [57225s] nodes=68311592 memo=64174565 rss=2464MB
  [57240s] nodes=68325994 memo=64188062 rss=2464MB
  [57255s] nodes=68340726 memo=64201634 rss=2464MB
  [57270s] nodes=68354747 memo=64214546 rss=2464MB
  [57285s] nodes=68368950 memo=64227410 rss=2464MB
  [57300s] nodes=68383035 memo=64240648 rss=2464MB
  [57315s] nodes=68397489 memo=64254102 rss=2464MB
  [57330s] nodes=68412853 memo=64268463 rss=2464MB
  [57345s] nodes=68427681 memo=64282292 rss=2464MB
  [57360s] nodes=68442421 memo=64295938 rss=2464MB
  [57375s] nodes=68456173 memo=64308756 rss=2464MB
  [57390s] nodes=68470810 memo=64322364 rss=2464MB
  [57405s] nodes=68483815 memo=64334449 rss=2464MB
  [57420s] nodes=68497307 memo=64346890 rss=2464MB
  [57435s] nodes=68512584 memo=64361364 rss=2464MB
  [57450s] nodes=68526713 memo=64375008 rss=2464MB
  [57465s] nodes=68540474 memo=64388010 rss=2464MB
  [57480s] nodes=68554221 memo=64401107 rss=2464MB
  [57495s] nodes=68568284 memo=64414587 rss=2464MB
  [57510s] nodes=68581744 memo=64427455 rss=2464MB
  [57525s] nodes=68595038 memo=64440236 rss=2464MB
  [57540s] nodes=68608418 memo=64453047 rss=2464MB
  [57555s] nodes=68621775 memo=64465566 rss=2464MB
  [57570s] nodes=68634762 memo=64477506 rss=2464MB
  [57585s] nodes=68648546 memo=64490223 rss=2464MB
  [57600s] nodes=68662485 memo=64503029 rss=2464MB
  [57615s] nodes=68676646 memo=64516596 rss=2464MB
  [57630s] nodes=68689197 memo=64528557 rss=2464MB
  [57645s] nodes=68702264 memo=64541093 rss=2464MB
  [57660s] nodes=68716491 memo=64555273 rss=2464MB
  [57675s] nodes=68730332 memo=64569111 rss=2464MB
  [57690s] nodes=68743956 memo=64582720 rss=2464MB
  [57705s] nodes=68756848 memo=64595618 rss=2464MB
  [57720s] nodes=68770399 memo=64609173 rss=2464MB
  [57735s] nodes=68784046 memo=64622819 rss=2464MB
  [57750s] nodes=68796632 memo=64635219 rss=2464MB
  [57765s] nodes=68808582 memo=64647055 rss=2464MB
  [57780s] nodes=68820103 memo=64658594 rss=2464MB
  [57795s] nodes=68832384 memo=64670862 rss=2464MB
  [57810s] nodes=68844599 memo=64683055 rss=2464MB
  [57825s] nodes=68857804 memo=64696249 rss=2464MB
  [57840s] nodes=68870551 memo=64709028 rss=2464MB
  [57855s] nodes=68884079 memo=64722529 rss=2464MB
  [57870s] nodes=68897399 memo=64735815 rss=2464MB
  [57885s] nodes=68910769 memo=64749224 rss=2464MB
  [57900s] nodes=68923911 memo=64762350 rss=2464MB
  [57915s] nodes=68936857 memo=64775290 rss=2464MB
  [57930s] nodes=68951543 memo=64789957 rss=2464MB
  [57945s] nodes=68966344 memo=64804786 rss=2464MB
  [57960s] nodes=68980783 memo=64819197 rss=2464MB
  [57975s] nodes=68995460 memo=64833877 rss=2464MB
  [57990s] nodes=69010173 memo=64847987 rss=2464MB
  [58005s] nodes=69023683 memo=64860760 rss=2464MB
  [58020s] nodes=69037490 memo=64873911 rss=2464MB
  [58035s] nodes=69051083 memo=64886950 rss=2464MB
  [58050s] nodes=69065579 memo=64900776 rss=2464MB
  [58065s] nodes=69079765 memo=64914284 rss=2464MB
  [58080s] nodes=69094866 memo=64928732 rss=2464MB
  [58095s] nodes=69109548 memo=64942811 rss=2464MB
  [58110s] nodes=69124152 memo=64956743 rss=2464MB
  [58125s] nodes=69138908 memo=64970918 rss=2464MB
  [58140s] nodes=69153420 memo=64984945 rss=2464MB
  [58155s] nodes=69168077 memo=64998536 rss=2464MB
  [58170s] nodes=69183062 memo=65012600 rss=2464MB
  [58185s] nodes=69197989 memo=65026888 rss=2464MB
  [58200s] nodes=69213519 memo=65041790 rss=2464MB
  [58215s] nodes=69228431 memo=65056096 rss=2464MB
  [58230s] nodes=69243328 memo=65070594 rss=2464MB
  [58245s] nodes=69258587 memo=65085300 rss=2464MB
  [58260s] nodes=69273217 memo=65099430 rss=2464MB
  [58275s] nodes=69287851 memo=65113098 rss=2464MB
  [58290s] nodes=69302624 memo=65126818 rss=2464MB
  [58305s] nodes=69317311 memo=65140535 rss=2464MB
  [58320s] nodes=69331941 memo=65154265 rss=2464MB
  [58335s] nodes=69346613 memo=65168502 rss=2464MB
  [58350s] nodes=69361142 memo=65182394 rss=2464MB
  [58365s] nodes=69375706 memo=65196869 rss=2464MB
  [58380s] nodes=69390764 memo=65211945 rss=2464MB
  [58395s] nodes=69405483 memo=65226634 rss=2464MB
  [58410s] nodes=69420187 memo=65241330 rss=2464MB
  [58425s] nodes=69434695 memo=65255856 rss=2464MB
  [58440s] nodes=69449028 memo=65270190 rss=2464MB
  [58455s] nodes=69463332 memo=65284500 rss=2464MB
  [58470s] nodes=69478088 memo=65299283 rss=2464MB
  [58485s] nodes=69492865 memo=65314033 rss=2464MB
  [58500s] nodes=69507434 memo=65328268 rss=2464MB
  [58515s] nodes=69520640 memo=65341147 rss=2464MB
  [58530s] nodes=69533889 memo=65354365 rss=2464MB
  [58545s] nodes=69546295 memo=65366797 rss=2464MB
  [58560s] nodes=69559531 memo=65380012 rss=2464MB
  [58575s] nodes=69573831 memo=65394300 rss=2464MB
  [58590s] nodes=69587359 memo=65407738 rss=2464MB
  [58605s] nodes=69601040 memo=65420769 rss=2464MB
  [58620s] nodes=69615529 memo=65434890 rss=2464MB
  [58635s] nodes=69629627 memo=65448999 rss=2464MB
  [58650s] nodes=69643693 memo=65463020 rss=2464MB
  [58665s] nodes=69657503 memo=65476374 rss=2464MB
  [58680s] nodes=69672166 memo=65490495 rss=2464MB
  [58695s] nodes=69686827 memo=65504668 rss=2464MB
  [58710s] nodes=69700680 memo=65518516 rss=2464MB
  [58725s] nodes=69714827 memo=65532657 rss=2464MB
  [58740s] nodes=69728994 memo=65546811 rss=2464MB
  [58755s] nodes=69742778 memo=65560289 rss=2464MB
  [58770s] nodes=69756822 memo=65574361 rss=2464MB
  [58785s] nodes=69770154 memo=65587686 rss=2464MB
  [58800s] nodes=69784259 memo=65601811 rss=2464MB
  [58815s] nodes=69798206 memo=65615725 rss=2464MB
  [58830s] nodes=69813378 memo=65630904 rss=2464MB
  [58845s] nodes=69828145 memo=65645456 rss=2464MB
  [58860s] nodes=69842325 memo=65659640 rss=2464MB
  [58875s] nodes=69856822 memo=65674137 rss=2464MB
  [58890s] nodes=69870901 memo=65688098 rss=2464MB
  [58905s] nodes=69886197 memo=65703071 rss=2464MB
  [58920s] nodes=69900916 memo=65717597 rss=2464MB
  [58935s] nodes=69915566 memo=65732215 rss=2464MB
  [58950s] nodes=69929381 memo=65746035 rss=2464MB
  [58965s] nodes=69943790 memo=65760461 rss=2464MB
  [58980s] nodes=69958021 memo=65774703 rss=2464MB
  [58995s] nodes=69972176 memo=65788851 rss=2464MB
  [59010s] nodes=69986780 memo=65803432 rss=2464MB
  [59025s] nodes=70001116 memo=65817786 rss=2464MB
  [59040s] nodes=70015573 memo=65832216 rss=2464MB
  [59055s] nodes=70030294 memo=65846968 rss=2464MB
  [59070s] nodes=70044230 memo=65860890 rss=2464MB
  [59085s] nodes=70058375 memo=65875043 rss=2464MB
  [59100s] nodes=70072597 memo=65889249 rss=2464MB
  [59115s] nodes=70086462 memo=65903143 rss=2464MB
  [59130s] nodes=70100402 memo=65917061 rss=2464MB
  [59145s] nodes=70114394 memo=65931085 rss=2464MB
  [59160s] nodes=70128094 memo=65944778 rss=2464MB
  [59175s] nodes=70142410 memo=65959093 rss=2464MB
  [59190s] nodes=70156530 memo=65972874 rss=2464MB
  [59205s] nodes=70170687 memo=65986716 rss=2464MB
  [59220s] nodes=70184754 memo=66000780 rss=2464MB
  [59235s] nodes=70198247 memo=66014275 rss=2464MB
  [59250s] nodes=70211239 memo=66027281 rss=2464MB
  [59265s] nodes=70224760 memo=66040649 rss=2464MB
  [59280s] nodes=70238630 memo=66054524 rss=2464MB
  [59295s] nodes=70251334 memo=66067252 rss=2464MB
  [59310s] nodes=70264203 memo=66080084 rss=2464MB
  [59325s] nodes=70277998 memo=66093774 rss=2464MB
  [59340s] nodes=70291768 memo=66107557 rss=2464MB
  [59355s] nodes=70304916 memo=66120702 rss=2464MB
  [59370s] nodes=70318129 memo=66133913 rss=2464MB
  [59385s] nodes=70332164 memo=66147957 rss=2464MB
  [59400s] nodes=70345345 memo=66161152 rss=2464MB
  [59415s] nodes=70357413 memo=66173236 rss=2464MB
  [59430s] nodes=70368266 memo=66184047 rss=2464MB
  [59445s] nodes=70380950 memo=66196259 rss=2464MB
  [59460s] nodes=70393326 memo=66207805 rss=2464MB
  [59475s] nodes=70405335 memo=66218917 rss=2464MB
  [59490s] nodes=70416835 memo=66230308 rss=2464MB
  [59505s] nodes=70430478 memo=66243513 rss=2464MB
  [59520s] nodes=70444945 memo=66257087 rss=2464MB
  [59535s] nodes=70459055 memo=66269948 rss=2464MB
  [59550s] nodes=70473280 memo=66283019 rss=2464MB
  [59565s] nodes=70486810 memo=66295482 rss=2464MB
  [59580s] nodes=70500834 memo=66308275 rss=2464MB
  [59595s] nodes=70514194 memo=66320420 rss=2464MB
  [59610s] nodes=70527695 memo=66333240 rss=2464MB
  [59625s] nodes=70541770 memo=66346810 rss=2464MB
  [59640s] nodes=70556565 memo=66361166 rss=2464MB
  [59655s] nodes=70570766 memo=66375306 rss=2464MB
  [59670s] nodes=70585251 memo=66389200 rss=2464MB
  [59685s] nodes=70599710 memo=66402604 rss=2464MB
  [59700s] nodes=70614315 memo=66415858 rss=2464MB
  [59715s] nodes=70628362 memo=66428674 rss=2464MB
  [59730s] nodes=70642443 memo=66442131 rss=2464MB
  [59745s] nodes=70656893 memo=66456064 rss=2464MB
  [59760s] nodes=70671406 memo=66470174 rss=2464MB
  [59775s] nodes=70686298 memo=66484989 rss=2464MB
  [59790s] nodes=70701135 memo=66499807 rss=2464MB
  [59805s] nodes=70715698 memo=66514399 rss=2464MB
  [59820s] nodes=70730263 memo=66528724 rss=2464MB
  [59835s] nodes=70744692 memo=66542753 rss=2464MB
  [59850s] nodes=70759103 memo=66557174 rss=2464MB
  [59865s] nodes=70772835 memo=66570881 rss=2464MB
  [59880s] nodes=70786343 memo=66583911 rss=2464MB
  [59895s] nodes=70799425 memo=66596712 rss=2464MB
  [59910s] nodes=70814080 memo=66611364 rss=2464MB
  [59925s] nodes=70828158 memo=66625463 rss=2464MB
  [59940s] nodes=70842871 memo=66639665 rss=2464MB
  [59955s] nodes=70857466 memo=66653679 rss=2464MB
  [59970s] nodes=70872171 memo=66667593 rss=2464MB
  [59985s] nodes=70886930 memo=66681675 rss=2464MB
  [60000s] nodes=70902500 memo=66696586 rss=2464MB
  [60015s] nodes=70916991 memo=66710082 rss=2464MB
  [60030s] nodes=70931398 memo=66723653 rss=2464MB
  [60045s] nodes=70945596 memo=66737214 rss=2464MB
  [60060s] nodes=70958174 memo=66749251 rss=2464MB
  [60075s] nodes=70970916 memo=66761470 rss=2464MB
  [60090s] nodes=70983657 memo=66773638 rss=2464MB
  [60105s] nodes=70997704 memo=66787036 rss=2464MB
  [60120s] nodes=71011353 memo=66800115 rss=2464MB
  [60135s] nodes=71026875 memo=66814253 rss=2464MB
  [60150s] nodes=71041830 memo=66827915 rss=2464MB
  [60165s] nodes=71056529 memo=66841394 rss=2464MB
  [60180s] nodes=71070603 memo=66853481 rss=2464MB
  [60195s] nodes=71085131 memo=66866545 rss=2464MB
  [60210s] nodes=71099383 memo=66879272 rss=2464MB
  [60225s] nodes=71113492 memo=66892256 rss=2464MB
  [60240s] nodes=71127993 memo=66905419 rss=2464MB
  [60255s] nodes=71142482 memo=66919495 rss=2464MB
  [60270s] nodes=71156824 memo=66933857 rss=2464MB
  [60285s] nodes=71170325 memo=66947345 rss=2464MB
  [60300s] nodes=71184421 memo=66961459 rss=2464MB
  [60315s] nodes=71198484 memo=66975502 rss=2464MB
  [60330s] nodes=71212714 memo=66989742 rss=2464MB
  [60345s] nodes=71226440 memo=67003457 rss=2464MB
  [60360s] nodes=71240144 memo=67017176 rss=2464MB
  [60375s] nodes=71253333 memo=67030376 rss=2464MB
  [60390s] nodes=71266879 memo=67043897 rss=2464MB
  [60405s] nodes=71280158 memo=67056818 rss=2464MB
  [60420s] nodes=71294134 memo=67070789 rss=2464MB
  [60435s] nodes=71307406 memo=67084081 rss=2464MB
  [60450s] nodes=71320914 memo=67097421 rss=2464MB
  [60465s] nodes=71332490 memo=67109037 rss=2464MB
  [60480s] nodes=71345620 memo=67122143 rss=2464MB
  [60495s] nodes=71358213 memo=67134331 rss=2464MB
  [60510s] nodes=71371318 memo=67146718 rss=2464MB
  [60525s] nodes=71386413 memo=67161423 rss=2464MB
  [60540s] nodes=71400665 memo=67175682 rss=2464MB
  [60555s] nodes=71414964 memo=67189757 rss=2464MB
  [60570s] nodes=71429294 memo=67203984 rss=2464MB
  [60585s] nodes=71443073 memo=67217316 rss=2464MB
  [60600s] nodes=71455808 memo=67230045 rss=2464MB
  [60615s] nodes=71467172 memo=67241363 rss=2464MB
  [60630s] nodes=71480305 memo=67253926 rss=2464MB
  [60645s] nodes=71493546 memo=67266654 rss=2464MB
  [60660s] nodes=71505630 memo=67278216 rss=2464MB
  [60675s] nodes=71517703 memo=67290122 rss=2464MB
  [60690s] nodes=71529788 memo=67302204 rss=2464MB
  [60705s] nodes=71542894 memo=67315323 rss=2464MB
  [60720s] nodes=71557878 memo=67330139 rss=2464MB
  [60735s] nodes=71572646 memo=67344884 rss=2464MB
  [60750s] nodes=71586725 memo=67359004 rss=2464MB
  [60765s] nodes=71601188 memo=67373010 rss=2464MB
  [60780s] nodes=71615371 memo=67386659 rss=2464MB
  [60795s] nodes=71629541 memo=67399720 rss=2464MB
  [60810s] nodes=71644304 memo=67412694 rss=2464MB
  [60825s] nodes=71658727 memo=67425338 rss=2464MB
  [60840s] nodes=71672870 memo=67438164 rss=2464MB
  [60855s] nodes=71687058 memo=67451613 rss=2464MB
  [60870s] nodes=71700402 memo=67464265 rss=2464MB
  [60885s] nodes=71714889 memo=67477529 rss=2464MB
  [60900s] nodes=71728719 memo=67490195 rss=2464MB
  [60915s] nodes=71743138 memo=67503734 rss=2464MB
  [60930s] nodes=71757615 memo=67517734 rss=2464MB
  [60945s] nodes=71772538 memo=67531530 rss=2464MB
  [60960s] nodes=71787576 memo=67545289 rss=2464MB
  [60975s] nodes=71801692 memo=67558416 rss=2464MB
  [60990s] nodes=71816322 memo=67572231 rss=2464MB
  [61005s] nodes=71831828 memo=67587019 rss=2464MB
  [61020s] nodes=71847287 memo=67601166 rss=2464MB
  [61035s] nodes=71862319 memo=67615471 rss=2464MB
  [61050s] nodes=71878199 memo=67630724 rss=2464MB
  [61065s] nodes=71892988 memo=67645012 rss=2464MB
  [61080s] nodes=71908053 memo=67659527 rss=2464MB
  [61095s] nodes=71922997 memo=67673919 rss=2464MB
  [61110s] nodes=71937230 memo=67687643 rss=2464MB
  [61125s] nodes=71951928 memo=67701802 rss=2464MB
  [61140s] nodes=71966318 memo=67715658 rss=2464MB
  [61155s] nodes=71980759 memo=67729625 rss=2464MB
  [61170s] nodes=71995228 memo=67743457 rss=2464MB
  [61185s] nodes=72009463 memo=67757093 rss=2464MB
  [61200s] nodes=72023360 memo=67770379 rss=2464MB
  [61215s] nodes=72037461 memo=67783879 rss=2464MB
  [61230s] nodes=72052407 memo=67798222 rss=2464MB
  [61245s] nodes=72066577 memo=67811748 rss=2464MB
  [61260s] nodes=72080105 memo=67824543 rss=2464MB
  [61275s] nodes=72094070 memo=67837870 rss=2464MB
  [61290s] nodes=72107375 memo=67850680 rss=2464MB
  [61305s] nodes=72121702 memo=67864457 rss=2464MB
  [61320s] nodes=72136410 memo=67878430 rss=2464MB
  [61335s] nodes=72150764 memo=67892056 rss=2464MB
  [61350s] nodes=72165047 memo=67905709 rss=2464MB
  [61365s] nodes=72179756 memo=67919526 rss=2464MB
  [61380s] nodes=72193893 memo=67932819 rss=2464MB
  [61395s] nodes=72208537 memo=67946416 rss=2464MB
  [61410s] nodes=72223160 memo=67960210 rss=2464MB
  [61425s] nodes=72238037 memo=67974605 rss=2464MB
  [61440s] nodes=72251813 memo=67987975 rss=2464MB
  [61455s] nodes=72266101 memo=68001859 rss=2464MB
  [61470s] nodes=72280583 memo=68015907 rss=2464MB
  [61485s] nodes=72295320 memo=68030247 rss=2464MB
  [61500s] nodes=72309243 memo=68043783 rss=2464MB
  [61515s] nodes=72321536 memo=68055934 rss=2464MB
  [61530s] nodes=72336283 memo=68070632 rss=2464MB
  [61545s] nodes=72350537 memo=68084617 rss=2464MB
  [61560s] nodes=72364543 memo=68098625 rss=2464MB
  [61575s] nodes=72377994 memo=68112078 rss=2464MB
  [61590s] nodes=72391404 memo=68125490 rss=2464MB
  [61605s] nodes=72404883 memo=68138973 rss=2464MB
  [61620s] nodes=72418135 memo=68152207 rss=2464MB
  [61635s] nodes=72431672 memo=68165482 rss=2464MB
  [61650s] nodes=72445124 memo=68178611 rss=2464MB
  [61665s] nodes=72458885 memo=68192397 rss=2464MB
  [61680s] nodes=72473524 memo=68207006 rss=2464MB
  [61695s] nodes=72487563 memo=68220817 rss=2464MB
  [61710s] nodes=72502108 memo=68234952 rss=2464MB
  [61725s] nodes=72516476 memo=68248818 rss=2464MB
  [61740s] nodes=72530624 memo=68262422 rss=2464MB
  [61755s] nodes=72544611 memo=68276086 rss=2464MB
  [61770s] nodes=72558846 memo=68290100 rss=2464MB
  [61785s] nodes=72572956 memo=68303756 rss=2464MB
  [61800s] nodes=72586762 memo=68317054 rss=2464MB
  [61815s] nodes=72600227 memo=68330066 rss=2464MB
  [61830s] nodes=72613453 memo=68342845 rss=2464MB
  [61845s] nodes=72626084 memo=68355145 rss=2464MB
  [61860s] nodes=72638571 memo=68367223 rss=2464MB
  [61875s] nodes=72650427 memo=68378688 rss=2464MB
  [61890s] nodes=72661073 memo=68388943 rss=2464MB
  [61905s] nodes=72671898 memo=68399296 rss=2464MB
  [61920s] nodes=72683149 memo=68409946 rss=2464MB
  [61935s] nodes=72695129 memo=68421253 rss=2464MB
  [61950s] nodes=72706521 memo=68431851 rss=2464MB
  [61965s] nodes=72717284 memo=68441487 rss=2464MB
  [61980s] nodes=72728890 memo=68451486 rss=2464MB
  [61995s] nodes=72740578 memo=68461582 rss=2464MB
  [62010s] nodes=72750950 memo=68470596 rss=2464MB
  [62025s] nodes=72762149 memo=68480019 rss=2464MB
  [62040s] nodes=72773754 memo=68490010 rss=2464MB
  [62055s] nodes=72783578 memo=68498720 rss=2464MB
  [62070s] nodes=72796545 memo=68511035 rss=2464MB
  [62085s] nodes=72809200 memo=68523633 rss=2464MB
  [62100s] nodes=72821583 memo=68535620 rss=2464MB
  [62115s] nodes=72834583 memo=68548649 rss=2464MB
  [62130s] nodes=72848594 memo=68562624 rss=2464MB
  [62145s] nodes=72861606 memo=68575623 rss=2464MB
  [62160s] nodes=72875084 memo=68589118 rss=2464MB
  [62175s] nodes=72888567 memo=68602608 rss=2464MB
  [62190s] nodes=72901759 memo=68615806 rss=2464MB
  [62205s] nodes=72914901 memo=68628915 rss=2464MB
  [62220s] nodes=72928203 memo=68642243 rss=2464MB
  [62235s] nodes=72941597 memo=68655632 rss=2464MB
  [62250s] nodes=72955517 memo=68669567 rss=2464MB
  [62265s] nodes=72968928 memo=68682971 rss=2464MB
  [62280s] nodes=72983132 memo=68697045 rss=2464MB
  [62295s] nodes=72997313 memo=68711054 rss=2464MB
  [62310s] nodes=73011351 memo=68725104 rss=2464MB
  [62325s] nodes=73025246 memo=68738995 rss=2464MB
  [62340s] nodes=73039690 memo=68753413 rss=2464MB
  [62355s] nodes=73053302 memo=68767020 rss=2464MB
  [62370s] nodes=73066748 memo=68780471 rss=2464MB
  [62385s] nodes=73080289 memo=68793992 rss=2464MB
  [62400s] nodes=73093207 memo=68806912 rss=2464MB
  [62415s] nodes=73105867 memo=68819541 rss=2461MB
  [62430s] nodes=73119344 memo=68833029 rss=2461MB
  [62445s] nodes=73132859 memo=68846554 rss=2461MB
  [62460s] nodes=73146587 memo=68860253 rss=2461MB
  [62475s] nodes=73160518 memo=68874200 rss=2461MB
  [62490s] nodes=73173737 memo=68887415 rss=2461MB
  [62505s] nodes=73187476 memo=68901154 rss=2461MB
  [62520s] nodes=73200962 memo=68914648 rss=2461MB
  [62535s] nodes=73214301 memo=68928004 rss=2461MB
  [62550s] nodes=73227955 memo=68941609 rss=2461MB
  [62565s] nodes=73241997 memo=68955417 rss=2461MB
  [62580s] nodes=73255115 memo=68968466 rss=2461MB
  [62595s] nodes=73267551 memo=68980903 rss=2461MB
  [62610s] nodes=73280423 memo=68993767 rss=2461MB
  [62625s] nodes=73294180 memo=69007535 rss=2461MB
  [62640s] nodes=73307624 memo=69020952 rss=2461MB
  [62655s] nodes=73321343 memo=69034716 rss=2461MB
  [62670s] nodes=73334268 memo=69047643 rss=2461MB
  [62685s] nodes=73346089 memo=69059464 rss=2461MB
  [62700s] nodes=73358562 memo=69071719 rss=2461MB
  [62715s] nodes=73370768 memo=69083694 rss=2461MB
  [62730s] nodes=73382418 memo=69095326 rss=2461MB
  [62745s] nodes=73394481 memo=69107371 rss=2461MB
  [62760s] nodes=73406877 memo=69119781 rss=2461MB
  [62775s] nodes=73418682 memo=69131589 rss=2461MB
  [62790s] nodes=73430561 memo=69143482 rss=2461MB
  [62805s] nodes=73442447 memo=69155360 rss=2461MB
  [62820s] nodes=73454547 memo=69167466 rss=2461MB
  [62835s] nodes=73467081 memo=69179451 rss=2461MB
  [62850s] nodes=73479071 memo=69191117 rss=2461MB
  [62865s] nodes=73490665 memo=69202679 rss=2461MB
  [62880s] nodes=73503660 memo=69215185 rss=2461MB
  [62895s] nodes=73516077 memo=69227064 rss=2461MB
  [62910s] nodes=73528784 memo=69239234 rss=2461MB
  [62925s] nodes=73540399 memo=69250417 rss=2461MB
  [62940s] nodes=73552460 memo=69261918 rss=2461MB
  [62955s] nodes=73565886 memo=69274760 rss=2461MB
  [62970s] nodes=73577554 memo=69285970 rss=2461MB
  [62985s] nodes=73590195 memo=69297708 rss=2461MB
  [63000s] nodes=73604061 memo=69310191 rss=2461MB
  [63015s] nodes=73616850 memo=69321966 rss=2461MB
  [63030s] nodes=73628188 memo=69332376 rss=2461MB
  [63045s] nodes=73639253 memo=69342177 rss=2461MB
  [63060s] nodes=73650623 memo=69352512 rss=2461MB
  [63075s] nodes=73663033 memo=69363783 rss=2461MB
  [63090s] nodes=73674872 memo=69374521 rss=2461MB
  [63105s] nodes=73686044 memo=69384545 rss=2461MB
  [63120s] nodes=73697972 memo=69395451 rss=2461MB
  [63135s] nodes=73710823 memo=69407175 rss=2461MB
  [63150s] nodes=73723254 memo=69418535 rss=2461MB
  [63165s] nodes=73736780 memo=69430680 rss=2461MB
  [63180s] nodes=73750567 memo=69442751 rss=2461MB
  [63195s] nodes=73762805 memo=69453607 rss=2461MB
  [63210s] nodes=73775930 memo=69465585 rss=2461MB
  [63225s] nodes=73788568 memo=69477185 rss=2461MB
  [63240s] nodes=73800531 memo=69488219 rss=2461MB
  [63255s] nodes=73813166 memo=69499967 rss=2461MB
  [63270s] nodes=73826744 memo=69512459 rss=2461MB
  [63285s] nodes=73839730 memo=69524430 rss=2461MB
  [63300s] nodes=73852948 memo=69536539 rss=2461MB
  [63315s] nodes=73865937 memo=69548687 rss=2461MB
  [63330s] nodes=73879470 memo=69561847 rss=2461MB
  [63345s] nodes=73892512 memo=69574887 rss=2461MB
  [63360s] nodes=73905742 memo=69588125 rss=2461MB
  [63375s] nodes=73918791 memo=69601162 rss=2461MB
  [63390s] nodes=73932169 memo=69614544 rss=2461MB
  [63405s] nodes=73945547 memo=69627542 rss=2461MB
  [63420s] nodes=73958437 memo=69639912 rss=2461MB
  [63435s] nodes=73971000 memo=69651973 rss=2461MB
  [63450s] nodes=73983675 memo=69663768 rss=2461MB
  [63465s] nodes=73997129 memo=69676172 rss=2461MB
  [63480s] nodes=74010562 memo=69688542 rss=2461MB
  [63495s] nodes=74024325 memo=69701737 rss=2461MB
  [63510s] nodes=74037418 memo=69713892 rss=2461MB
  [63525s] nodes=74050497 memo=69726610 rss=2461MB
  [63540s] nodes=74064294 memo=69740398 rss=2461MB
  [63555s] nodes=74077742 memo=69753348 rss=2461MB
  [63570s] nodes=74091310 memo=69766292 rss=2461MB
  [63585s] nodes=74104562 memo=69779081 rss=2461MB
  [63600s] nodes=74117584 memo=69792064 rss=2461MB
  [63615s] nodes=74130730 memo=69805201 rss=2461MB
  [63630s] nodes=74144158 memo=69818643 rss=2461MB
  [63645s] nodes=74156873 memo=69831316 rss=2461MB
  [63660s] nodes=74170130 memo=69844508 rss=2461MB
  [63675s] nodes=74182945 memo=69856798 rss=2461MB
  [63690s] nodes=74196042 memo=69869382 rss=2461MB
  [63705s] nodes=74209080 memo=69881976 rss=2461MB
  [63720s] nodes=74221724 memo=69894167 rss=2461MB
  [63735s] nodes=74234596 memo=69906516 rss=2461MB
  [63750s] nodes=74247547 memo=69918897 rss=2461MB
  [63765s] nodes=74260619 memo=69930912 rss=2461MB
  [63780s] nodes=74273548 memo=69942843 rss=2461MB
  [63795s] nodes=74286071 memo=69954281 rss=2461MB
  [63810s] nodes=74299719 memo=69966858 rss=2461MB
  [63825s] nodes=74312684 memo=69979260 rss=2461MB
  [63840s] nodes=74325676 memo=69992251 rss=2461MB
  [63855s] nodes=74339864 memo=70006441 rss=2461MB
  [63870s] nodes=74353877 memo=70020014 rss=2461MB
  [63885s] nodes=74368012 memo=70033710 rss=2461MB
  [63900s] nodes=74381807 memo=70047009 rss=2461MB
  [63915s] nodes=74396128 memo=70060952 rss=2461MB
  [63930s] nodes=74409110 memo=70072810 rss=2461MB
  [63945s] nodes=74422569 memo=70085109 rss=2461MB
  [63960s] nodes=74436660 memo=70098050 rss=2461MB
  [63975s] nodes=74450434 memo=70110806 rss=2461MB
  [63990s] nodes=74463749 memo=70123041 rss=2461MB
  [64005s] nodes=74477502 memo=70135509 rss=2461MB
  [64020s] nodes=74491055 memo=70148114 rss=2461MB
  [64035s] nodes=74504380 memo=70160833 rss=2461MB
  [64050s] nodes=74517796 memo=70173265 rss=2461MB
  [64065s] nodes=74530909 memo=70185359 rss=2461MB
  [64080s] nodes=74543409 memo=70196854 rss=2461MB
  [64095s] nodes=74556756 memo=70209137 rss=2461MB
  [64110s] nodes=74569829 memo=70220963 rss=2461MB
  [64125s] nodes=74581575 memo=70231749 rss=2461MB
  [64140s] nodes=74593975 memo=70243583 rss=2461MB
  [64155s] nodes=74606463 memo=70255551 rss=2461MB
  [64170s] nodes=74618860 memo=70267329 rss=2461MB
  [64185s] nodes=74631935 memo=70279479 rss=2461MB
  [64200s] nodes=74644262 memo=70290442 rss=2461MB
  [64215s] nodes=74656025 memo=70301060 rss=2461MB
  [64230s] nodes=74668374 memo=70312274 rss=2461MB
  [64245s] nodes=74679163 memo=70321929 rss=2461MB
  [64260s] nodes=74690596 memo=70331999 rss=2461MB
  [64275s] nodes=74704705 memo=70345211 rss=2461MB
  [64290s] nodes=74717829 memo=70357738 rss=2461MB
  [64305s] nodes=74730568 memo=70370018 rss=2461MB
  [64320s] nodes=74741957 memo=70380836 rss=2461MB
  [64335s] nodes=74753565 memo=70391927 rss=2461MB
  [64350s] nodes=74766210 memo=70404029 rss=2461MB
  [64365s] nodes=74779137 memo=70416234 rss=2461MB
  [64380s] nodes=74791275 memo=70427918 rss=2461MB
  [64395s] nodes=74803439 memo=70439470 rss=2461MB
  [64410s] nodes=74815869 memo=70451270 rss=2461MB
  [64425s] nodes=74827807 memo=70462468 rss=2461MB
  [64440s] nodes=74839502 memo=70473116 rss=2461MB
  [64455s] nodes=74850963 memo=70483687 rss=2461MB
  [64470s] nodes=74862367 memo=70494391 rss=2461MB
  [64485s] nodes=74873834 memo=70505259 rss=2461MB
  [64500s] nodes=74885146 memo=70515969 rss=2461MB
  [64515s] nodes=74896284 memo=70526458 rss=2461MB
  [64530s] nodes=74907657 memo=70537297 rss=2461MB
  [64545s] nodes=74919563 memo=70548159 rss=2461MB
  [64560s] nodes=74931229 memo=70559217 rss=2461MB
  [64575s] nodes=74944188 memo=70571580 rss=2461MB
  [64590s] nodes=74956680 memo=70583410 rss=2461MB
  [64605s] nodes=74968687 memo=70594122 rss=2461MB
  [64620s] nodes=74981806 memo=70605774 rss=2461MB
  [64635s] nodes=74994835 memo=70617479 rss=2461MB
  [64650s] nodes=75006882 memo=70628755 rss=2461MB
  [64665s] nodes=75017561 memo=70638655 rss=2461MB
  [64680s] nodes=75029293 memo=70649569 rss=2461MB
  [64695s] nodes=75042998 memo=70662621 rss=2461MB
  [64710s] nodes=75055483 memo=70674574 rss=2461MB
  [64725s] nodes=75067584 memo=70686110 rss=2461MB
  [64740s] nodes=75078813 memo=70696733 rss=2461MB
  [64755s] nodes=75090737 memo=70707957 rss=2461MB
  [64770s] nodes=75103263 memo=70719773 rss=2461MB
  [64785s] nodes=75116058 memo=70731952 rss=2461MB
  [64800s] nodes=75129218 memo=70744446 rss=2461MB
  [64815s] nodes=75143152 memo=70757732 rss=2461MB
  [64830s] nodes=75155454 memo=70769116 rss=2461MB
  [64845s] nodes=75167652 memo=70780118 rss=2461MB
  [64860s] nodes=75179867 memo=70790989 rss=2461MB
  [64875s] nodes=75193988 memo=70803186 rss=2461MB
  [64890s] nodes=75208045 memo=70814991 rss=2461MB
  [64905s] nodes=75221798 memo=70826937 rss=2461MB
  [64920s] nodes=75236166 memo=70840231 rss=2461MB
  [64935s] nodes=75249135 memo=70852115 rss=2461MB
  [64950s] nodes=75262519 memo=70864533 rss=2461MB
  [64965s] nodes=75276428 memo=70877206 rss=2461MB
  [64980s] nodes=75290439 memo=70890096 rss=2461MB
  [64995s] nodes=75303967 memo=70903007 rss=2461MB
  [65010s] nodes=75317464 memo=70916002 rss=2461MB
  [65025s] nodes=75329896 memo=70927991 rss=2461MB
  [65040s] nodes=75341439 memo=70939015 rss=2461MB
  [65055s] nodes=75355160 memo=70952051 rss=2461MB
  [65070s] nodes=75368919 memo=70965302 rss=2461MB
  [65085s] nodes=75382908 memo=70978649 rss=2461MB
  [65100s] nodes=75396409 memo=70991690 rss=2461MB
  [65115s] nodes=75410150 memo=71004277 rss=2461MB
  [65130s] nodes=75422910 memo=71015056 rss=2461MB
  [65145s] nodes=75435529 memo=71025839 rss=2461MB
  [65160s] nodes=75448749 memo=71037307 rss=2461MB
  [65175s] nodes=75461836 memo=71048505 rss=2461MB
  [65190s] nodes=75475129 memo=71060436 rss=2461MB
  [65205s] nodes=75487695 memo=71072080 rss=2461MB
  [65220s] nodes=75500463 memo=71083999 rss=2461MB
  [65235s] nodes=75513246 memo=71095584 rss=2461MB
  [65250s] nodes=75526111 memo=71107256 rss=2461MB
  [65265s] nodes=75539369 memo=71119325 rss=2461MB
  [65280s] nodes=75551422 memo=71130437 rss=2461MB
  [65295s] nodes=75562845 memo=71140839 rss=2461MB
  [65310s] nodes=75573862 memo=71150933 rss=2461MB
  [65325s] nodes=75586165 memo=71162304 rss=2461MB
  [65340s] nodes=75597654 memo=71172831 rss=2461MB
  [65355s] nodes=75609481 memo=71183210 rss=2461MB
  [65370s] nodes=75621958 memo=71194560 rss=2461MB
  [65385s] nodes=75632917 memo=71204738 rss=2461MB
  [65400s] nodes=75644448 memo=71215414 rss=2461MB
  [65415s] nodes=75656753 memo=71226608 rss=2461MB
  [65430s] nodes=75669392 memo=71238426 rss=2461MB
  [65445s] nodes=75681094 memo=71249281 rss=2461MB
  [65460s] nodes=75693480 memo=71260483 rss=2461MB
  [65475s] nodes=75705389 memo=71271238 rss=2461MB
  [65490s] nodes=75716838 memo=71281208 rss=2461MB
  [65505s] nodes=75729264 memo=71291925 rss=2461MB
  [65520s] nodes=75740961 memo=71302208 rss=2461MB
  [65535s] nodes=75753199 memo=71313295 rss=2461MB
  [65550s] nodes=75765588 memo=71324887 rss=2461MB
  [65565s] nodes=75778180 memo=71336617 rss=2461MB
  [65580s] nodes=75790239 memo=71347381 rss=2461MB
  [65595s] nodes=75801979 memo=71358303 rss=2461MB
  [65610s] nodes=75813721 memo=71369250 rss=2461MB
  [65625s] nodes=75825268 memo=71379986 rss=2461MB
  [65640s] nodes=75836479 memo=71390476 rss=2461MB
  [65655s] nodes=75847922 memo=71401234 rss=2461MB
  [65670s] nodes=75860313 memo=71412835 rss=2461MB
  [65685s] nodes=75872619 memo=71424201 rss=2461MB
  [65700s] nodes=75884585 memo=71434862 rss=2461MB
  [65715s] nodes=75895889 memo=71445028 rss=2461MB
  [65730s] nodes=75906532 memo=71454630 rss=2461MB
  [65745s] nodes=75917660 memo=71464629 rss=2461MB
  [65760s] nodes=75928422 memo=71474295 rss=2461MB
  [65775s] nodes=75938496 memo=71483394 rss=2461MB
  [65790s] nodes=75949991 memo=71494017 rss=2461MB
  [65805s] nodes=75961555 memo=71504826 rss=2461MB
  [65820s] nodes=75972993 memo=71515567 rss=2461MB
  [65835s] nodes=75984536 memo=71526489 rss=2461MB
  [65850s] nodes=75995323 memo=71536622 rss=2461MB
  [65865s] nodes=76006083 memo=71546679 rss=2461MB
  [65880s] nodes=76017312 memo=71557076 rss=2461MB
  [65895s] nodes=76027814 memo=71566493 rss=2461MB
  [65910s] nodes=76037383 memo=71574913 rss=2461MB
  [65925s] nodes=76047846 memo=71584178 rss=2461MB
  [65940s] nodes=76058745 memo=71593593 rss=2461MB
  [65955s] nodes=76069340 memo=71602443 rss=2461MB
  [65970s] nodes=76079818 memo=71610525 rss=2461MB
  [65985s] nodes=76090966 memo=71619959 rss=2461MB
  [66000s] nodes=76102552 memo=71630067 rss=2461MB
  [66015s] nodes=76114949 memo=71640927 rss=2461MB
  [66030s] nodes=76127095 memo=71651783 rss=2461MB
  [66045s] nodes=76140059 memo=71663802 rss=2461MB
  [66060s] nodes=76153544 memo=71676183 rss=2461MB
  [66075s] nodes=76166289 memo=71688026 rss=2461MB
  [66090s] nodes=76179343 memo=71700116 rss=2461MB
  [66105s] nodes=76193034 memo=71712314 rss=2461MB
  [66120s] nodes=76206412 memo=71724235 rss=2461MB
  [66135s] nodes=76220080 memo=71736846 rss=2461MB
  [66150s] nodes=76233684 memo=71749388 rss=2461MB
  [66165s] nodes=76246990 memo=71761150 rss=2461MB
  [66180s] nodes=76260448 memo=71772955 rss=2461MB
  [66195s] nodes=76273545 memo=71784395 rss=2461MB
  [66210s] nodes=76286359 memo=71795778 rss=2461MB
  [66225s] nodes=76299098 memo=71807158 rss=2461MB
  [66240s] nodes=76312044 memo=71818582 rss=2461MB
  [66255s] nodes=76325648 memo=71830354 rss=2461MB
  [66270s] nodes=76337897 memo=71841212 rss=2461MB
  [66285s] nodes=76350420 memo=71852347 rss=2461MB
  [66300s] nodes=76363096 memo=71863556 rss=2461MB
  [66315s] nodes=76375408 memo=71874602 rss=2461MB
  [66330s] nodes=76388400 memo=71886518 rss=2461MB
  [66345s] nodes=76400841 memo=71897808 rss=2461MB
  [66360s] nodes=76414020 memo=71909791 rss=2461MB
  [66375s] nodes=76426968 memo=71921695 rss=2461MB
  [66390s] nodes=76438251 memo=71932232 rss=2461MB
  [66405s] nodes=76450309 memo=71943396 rss=2461MB
  [66420s] nodes=76463162 memo=71955337 rss=2461MB
  [66435s] nodes=76475091 memo=71966392 rss=2461MB
  [66450s] nodes=76486770 memo=71977101 rss=2461MB
  [66465s] nodes=76498737 memo=71988226 rss=2461MB
  [66480s] nodes=76511403 memo=72000274 rss=2461MB
  [66495s] nodes=76524352 memo=72012558 rss=2461MB
  [66510s] nodes=76536572 memo=72024385 rss=2461MB
  [66525s] nodes=76548251 memo=72035639 rss=2461MB
  [66540s] nodes=76559695 memo=72046680 rss=2461MB
  [66555s] nodes=76571494 memo=72058058 rss=2461MB
  [66570s] nodes=76582678 memo=72068831 rss=2461MB
  [66585s] nodes=76593385 memo=72079073 rss=2461MB
  [66600s] nodes=76604939 memo=72090052 rss=2461MB
  [66615s] nodes=76617019 memo=72101640 rss=2461MB
  [66630s] nodes=76629104 memo=72113263 rss=2461MB
  [66645s] nodes=76640607 memo=72124371 rss=2461MB
  [66660s] nodes=76652993 memo=72136291 rss=2461MB
  [66675s] nodes=76665721 memo=72148578 rss=2461MB
  [66690s] nodes=76677913 memo=72160350 rss=2461MB
  [66705s] nodes=76691365 memo=72173410 rss=2461MB
  [66720s] nodes=76704633 memo=72186255 rss=2461MB
  [66735s] nodes=76717668 memo=72199170 rss=2461MB
  [66750s] nodes=76729994 memo=72211518 rss=2461MB
  [66765s] nodes=76741239 memo=72222656 rss=2461MB
  [66780s] nodes=76753305 memo=72233703 rss=2461MB
  [66795s] nodes=76762323 memo=72242211 rss=2461MB
  [66810s] nodes=76773228 memo=72252661 rss=2461MB
  [66825s] nodes=76784135 memo=72262964 rss=2461MB
  [66840s] nodes=76796757 memo=72275569 rss=2461MB
  [66855s] nodes=76810054 memo=72288899 rss=2461MB
  [66870s] nodes=76823710 memo=72302535 rss=2461MB
  [66885s] nodes=76837088 memo=72315910 rss=2461MB
  [66900s] nodes=76850369 memo=72329203 rss=2461MB
  [66915s] nodes=76863817 memo=72342649 rss=2461MB
  [66930s] nodes=76877123 memo=72355941 rss=2461MB
  [66945s] nodes=76890682 memo=72368777 rss=2461MB
  [66960s] nodes=76903473 memo=72380851 rss=2461MB
  [66975s] nodes=76917144 memo=72393680 rss=2461MB
  [66990s] nodes=76929851 memo=72405634 rss=2461MB
  [67005s] nodes=76942689 memo=72417792 rss=2461MB
  [67020s] nodes=76955261 memo=72429706 rss=2461MB
  [67035s] nodes=76968619 memo=72442682 rss=2461MB
  [67050s] nodes=76981704 memo=72455726 rss=2461MB
  [67065s] nodes=76995044 memo=72468664 rss=2461MB
  [67080s] nodes=77008321 memo=72481718 rss=2461MB
  [67095s] nodes=77020043 memo=72493271 rss=2461MB
  [67110s] nodes=77032893 memo=72505807 rss=2461MB
  [67125s] nodes=77045944 memo=72518846 rss=2461MB
  [67140s] nodes=77059092 memo=72532000 rss=2461MB
  [67155s] nodes=77071539 memo=72544449 rss=2461MB
  [67170s] nodes=77084269 memo=72557172 rss=2461MB
  [67185s] nodes=77097287 memo=72570197 rss=2461MB
  [67200s] nodes=77110119 memo=72582966 rss=2461MB
  [67215s] nodes=77122840 memo=72595480 rss=2461MB
  [67230s] nodes=77136014 memo=72608619 rss=2461MB
  [67245s] nodes=77148536 memo=72621003 rss=2461MB
  [67260s] nodes=77160860 memo=72633345 rss=2461MB
  [67275s] nodes=77173544 memo=72646009 rss=2461MB
  [67290s] nodes=77185779 memo=72658268 rss=2461MB
  [67305s] nodes=77197768 memo=72670256 rss=2461MB
  [67320s] nodes=77210037 memo=72682511 rss=2461MB
  [67335s] nodes=77223290 memo=72695305 rss=2461MB
  [67350s] nodes=77236912 memo=72708465 rss=2461MB
  [67365s] nodes=77249865 memo=72720960 rss=2461MB
  [67380s] nodes=77262672 memo=72733272 rss=2461MB
  [67395s] nodes=77275038 memo=72744745 rss=2461MB
  [67410s] nodes=77286731 memo=72755578 rss=2461MB
  [67425s] nodes=77299489 memo=72767432 rss=2461MB
  [67440s] nodes=77312620 memo=72779934 rss=2461MB
  [67455s] nodes=77325199 memo=72792179 rss=2461MB
  [67470s] nodes=77338261 memo=72804758 rss=2461MB
  [67485s] nodes=77351088 memo=72817144 rss=2461MB
  [67500s] nodes=77364310 memo=72829883 rss=2461MB
  [67515s] nodes=77377263 memo=72842384 rss=2461MB
  [67530s] nodes=77389990 memo=72854688 rss=2461MB
  [67545s] nodes=77402998 memo=72866769 rss=2461MB
  [67560s] nodes=77416553 memo=72879846 rss=2461MB
  [67575s] nodes=77429687 memo=72892524 rss=2461MB
  [67590s] nodes=77442511 memo=72904897 rss=2461MB
  [67605s] nodes=77455254 memo=72917149 rss=2461MB
  [67620s] nodes=77468243 memo=72929642 rss=2461MB
  [67635s] nodes=77481078 memo=72941985 rss=2461MB
  [67650s] nodes=77494377 memo=72954820 rss=2461MB
  [67665s] nodes=77507897 memo=72967890 rss=2461MB
  [67680s] nodes=77521322 memo=72980824 rss=2461MB
  [67695s] nodes=77535668 memo=72994649 rss=2461MB
  [67710s] nodes=77549990 memo=73008397 rss=2461MB
  [67725s] nodes=77564231 memo=73022033 rss=2461MB
  [67740s] nodes=77578713 memo=73035398 rss=2461MB
  [67755s] nodes=77592238 memo=73048113 rss=2461MB
  [67770s] nodes=77606669 memo=73062014 rss=2461MB
  [67785s] nodes=77620976 memo=73075714 rss=2461MB
  [67800s] nodes=77634768 memo=73089040 rss=2461MB
  [67815s] nodes=77648650 memo=73102449 rss=2461MB
  [67830s] nodes=77661628 memo=73115029 rss=2461MB
  [67845s] nodes=77674774 memo=73127651 rss=2461MB
  [67860s] nodes=77688249 memo=73140548 rss=2461MB
  [67875s] nodes=77702453 memo=73154474 rss=2461MB
  [67890s] nodes=77716046 memo=73168069 rss=2461MB
  [67905s] nodes=77728940 memo=73180963 rss=2461MB
  [67920s] nodes=77741563 memo=73193602 rss=2461MB
  [67935s] nodes=77754287 memo=73206305 rss=2461MB
  [67950s] nodes=77767194 memo=73219217 rss=2461MB
  [67965s] nodes=77780182 memo=73232189 rss=2461MB
  [67980s] nodes=77792663 memo=73244677 rss=2461MB
  [67995s] nodes=77805233 memo=73257254 rss=2461MB
  [68010s] nodes=77817971 memo=73270004 rss=2461MB
  [68025s] nodes=77831171 memo=73283207 rss=2461MB
  [68040s] nodes=77844586 memo=73296604 rss=2461MB
  [68055s] nodes=77857853 memo=73309910 rss=2461MB
  [68070s] nodes=77870746 memo=73322504 rss=2461MB
  [68085s] nodes=77883924 memo=73335185 rss=2461MB
  [68100s] nodes=77897503 memo=73348122 rss=2461MB
  [68115s] nodes=77910444 memo=73360438 rss=2461MB
  [68130s] nodes=77922901 memo=73372298 rss=2461MB
  [68145s] nodes=77936523 memo=73385351 rss=2461MB
  [68160s] nodes=77950119 memo=73398420 rss=2461MB
  [68175s] nodes=77964055 memo=73411857 rss=2461MB
  [68190s] nodes=77977679 memo=73425048 rss=2461MB
  [68205s] nodes=77991039 memo=73437938 rss=2461MB
  [68220s] nodes=78004290 memo=73450673 rss=2461MB
  [68235s] nodes=78017380 memo=73463237 rss=2461MB
  [68250s] nodes=78029958 memo=73475267 rss=2461MB
  [68265s] nodes=78043077 memo=73487897 rss=2461MB
  [68280s] nodes=78055549 memo=73499985 rss=2461MB
  [68295s] nodes=78068407 memo=73512408 rss=2461MB
  [68310s] nodes=78081270 memo=73524661 rss=2461MB
  [68325s] nodes=78093716 memo=73536669 rss=2461MB
  [68340s] nodes=78106323 memo=73548837 rss=2461MB
  [68355s] nodes=78119170 memo=73561204 rss=2461MB
  [68370s] nodes=78131301 memo=73572848 rss=2461MB
  [68385s] nodes=78143329 memo=73584435 rss=2461MB
  [68400s] nodes=78155770 memo=73596511 rss=2461MB
  [68415s] nodes=78167868 memo=73608063 rss=2461MB
  [68430s] nodes=78179994 memo=73619725 rss=2461MB
  [68445s] nodes=78192487 memo=73631712 rss=2461MB
  [68460s] nodes=78204759 memo=73643059 rss=2461MB
  [68475s] nodes=78217558 memo=73655486 rss=2461MB
  [68490s] nodes=78230215 memo=73667708 rss=2461MB
  [68505s] nodes=78242704 memo=73679142 rss=2461MB
  [68520s] nodes=78254996 memo=73690396 rss=2461MB
  [68535s] nodes=78266266 memo=73700731 rss=2461MB
  [68550s] nodes=78278933 memo=73712357 rss=2461MB
  [68565s] nodes=78292152 memo=73724517 rss=2461MB
  [68580s] nodes=78305507 memo=73737390 rss=2461MB
  [68595s] nodes=78318267 memo=73749596 rss=2461MB
  [68610s] nodes=78331160 memo=73761700 rss=2461MB
  [68625s] nodes=78344511 memo=73774433 rss=2461MB
  [68640s] nodes=78357915 memo=73787304 rss=2461MB
  [68655s] nodes=78371192 memo=73800041 rss=2461MB
  [68670s] nodes=78384589 memo=73812598 rss=2461MB
  [68685s] nodes=78397159 memo=73823897 rss=2461MB
  [68700s] nodes=78407912 memo=73833638 rss=2461MB
  [68715s] nodes=78420234 memo=73845035 rss=2461MB
  [68730s] nodes=78433331 memo=73857844 rss=2461MB
  [68745s] nodes=78446076 memo=73870016 rss=2461MB
  [68760s] nodes=78456884 memo=73880034 rss=2461MB
  [68775s] nodes=78468903 memo=73891229 rss=2461MB
  [68790s] nodes=78482307 memo=73903896 rss=2461MB
  [68805s] nodes=78495501 memo=73916394 rss=2461MB
  [68820s] nodes=78508583 memo=73929076 rss=2461MB
  [68835s] nodes=78520932 memo=73940767 rss=2461MB
  [68850s] nodes=78532933 memo=73952329 rss=2461MB
  [68865s] nodes=78545524 memo=73964423 rss=2461MB
  [68880s] nodes=78557774 memo=73975939 rss=2461MB
  [68895s] nodes=78571011 memo=73988841 rss=2461MB
  [68910s] nodes=78584207 memo=74001483 rss=2461MB
  [68925s] nodes=78597221 memo=74014491 rss=2461MB
  [68940s] nodes=78610662 memo=74027927 rss=2461MB
  [68955s] nodes=78623911 memo=74041169 rss=2461MB
  [68970s] nodes=78637482 memo=74054741 rss=2461MB
  [68985s] nodes=78650766 memo=74067871 rss=2461MB
  [69000s] nodes=78663386 memo=74079993 rss=2461MB
  [69015s] nodes=78675287 memo=74091016 rss=2461MB
  [69030s] nodes=78687801 memo=74102711 rss=2461MB
  [69045s] nodes=78700621 memo=74114637 rss=2461MB
  [69060s] nodes=78713528 memo=74126569 rss=2461MB
  [69075s] nodes=78726778 memo=74138907 rss=2461MB
  [69090s] nodes=78739969 memo=74151198 rss=2461MB
  [69105s] nodes=78753501 memo=74163698 rss=2461MB
  [69120s] nodes=78766573 memo=74175947 rss=2461MB
  [69135s] nodes=78779426 memo=74187997 rss=2461MB
  [69150s] nodes=78792643 memo=74200762 rss=2461MB
  [69165s] nodes=78805750 memo=74213437 rss=2461MB
  [69180s] nodes=78818184 memo=74225398 rss=2461MB
  [69195s] nodes=78830291 memo=74236971 rss=2461MB
  [69210s] nodes=78842336 memo=74248700 rss=2461MB
  [69225s] nodes=78854265 memo=74260610 rss=2461MB
  [69240s] nodes=78866895 memo=74273227 rss=2461MB
  [69255s] nodes=78879339 memo=74285506 rss=2461MB
  [69270s] nodes=78891665 memo=74297399 rss=2461MB
  [69285s] nodes=78903784 memo=74309159 rss=2461MB
  [69300s] nodes=78916498 memo=74321117 rss=2461MB
  [69315s] nodes=78930004 memo=74334062 rss=2461MB
  [69330s] nodes=78942558 memo=74346048 rss=2461MB
  [69345s] nodes=78954651 memo=74357629 rss=2461MB
  [69360s] nodes=78966719 memo=74369522 rss=2461MB
  [69375s] nodes=78978867 memo=74381661 rss=2461MB
  [69390s] nodes=78991278 memo=74394051 rss=2461MB
  [69405s] nodes=79005212 memo=74407963 rss=2461MB
  [69420s] nodes=79017767 memo=74420497 rss=2461MB
  [69435s] nodes=79030208 memo=74432735 rss=2461MB
  [69450s] nodes=79042901 memo=74445046 rss=2461MB
  [69465s] nodes=79056012 memo=74458041 rss=2461MB
  [69480s] nodes=79069220 memo=74470608 rss=2461MB
  [69495s] nodes=79082365 memo=74483119 rss=2461MB
  [69510s] nodes=79095763 memo=74495897 rss=2461MB
  [69525s] nodes=79109986 memo=74509494 rss=2461MB
  [69540s] nodes=79123632 memo=74522524 rss=2461MB
  [69555s] nodes=79136566 memo=74534377 rss=2461MB
  [69570s] nodes=79148296 memo=74545044 rss=2461MB
  [69585s] nodes=79159824 memo=74555541 rss=2461MB
  [69600s] nodes=79171382 memo=74565989 rss=2461MB
  [69615s] nodes=79182496 memo=74576243 rss=2461MB
  [69630s] nodes=79194168 memo=74586878 rss=2461MB
  [69645s] nodes=79207264 memo=74598434 rss=2461MB
  [69660s] nodes=79219563 memo=74609336 rss=2461MB
  [69675s] nodes=79231102 memo=74620020 rss=2461MB
  [69690s] nodes=79242976 memo=74631283 rss=2461MB
  [69705s] nodes=79255980 memo=74643875 rss=2461MB
  [69720s] nodes=79269664 memo=74657050 rss=2461MB
  [69735s] nodes=79283144 memo=74670103 rss=2461MB
  [69750s] nodes=79296351 memo=74682872 rss=2461MB
  [69765s] nodes=79309100 memo=74695157 rss=2461MB
  [69780s] nodes=79321108 memo=74707065 rss=2461MB
  [69795s] nodes=79333087 memo=74719023 rss=2461MB
  [69810s] nodes=79345676 memo=74731619 rss=2461MB
  [69825s] nodes=79358294 memo=74743917 rss=2461MB
  [69840s] nodes=79371080 memo=74756220 rss=2461MB
  [69855s] nodes=79384251 memo=74768857 rss=2461MB
  [69870s] nodes=79397759 memo=74781765 rss=2461MB
  [69885s] nodes=79408362 memo=74791576 rss=2461MB
  [69900s] nodes=79420170 memo=74802342 rss=2461MB
  [69915s] nodes=79432634 memo=74813844 rss=2461MB
  [69930s] nodes=79445883 memo=74826565 rss=2461MB
  [69945s] nodes=79459721 memo=74840396 rss=2461MB
  [69960s] nodes=79473287 memo=74853613 rss=2461MB
  [69975s] nodes=79486625 memo=74866476 rss=2461MB
  [69990s] nodes=79500520 memo=74879973 rss=2461MB
  [70005s] nodes=79514942 memo=74893748 rss=2461MB
  [70020s] nodes=79526757 memo=74905105 rss=2461MB
  [70035s] nodes=79538611 memo=74916499 rss=2461MB
  [70050s] nodes=79550314 memo=74927674 rss=2461MB
  [70065s] nodes=79562504 memo=74939348 rss=2461MB
  [70080s] nodes=79574499 memo=74950862 rss=2461MB
  [70095s] nodes=79586090 memo=74961906 rss=2461MB
  [70110s] nodes=79598783 memo=74973791 rss=2461MB
  [70125s] nodes=79610528 memo=74984392 rss=2461MB
  [70140s] nodes=79622367 memo=74995080 rss=2461MB
  [70155s] nodes=79634102 memo=75006391 rss=2461MB
  [70170s] nodes=79645343 memo=75016938 rss=2461MB
  [70185s] nodes=79655581 memo=75026379 rss=2461MB
  [70200s] nodes=79666493 memo=75036650 rss=2461MB
  [70215s] nodes=79676970 memo=75046760 rss=2461MB
  [70230s] nodes=79687277 memo=75056686 rss=2461MB
  [70245s] nodes=79697813 memo=75067241 rss=2461MB
  [70260s] nodes=79708140 memo=75077563 rss=2461MB
  [70275s] nodes=79719331 memo=75088768 rss=2461MB
  [70290s] nodes=79730693 memo=75099804 rss=2461MB
  [70305s] nodes=79742670 memo=75111642 rss=2461MB
  [70320s] nodes=79755346 memo=75123817 rss=2461MB
  [70335s] nodes=79767972 memo=75136007 rss=2461MB
  [70350s] nodes=79781266 memo=75148739 rss=2461MB
  [70365s] nodes=79793693 memo=75160568 rss=2461MB
  [70380s] nodes=79805195 memo=75171619 rss=2461MB
  [70395s] nodes=79816631 memo=75182269 rss=2461MB
  [70410s] nodes=79828536 memo=75193079 rss=2461MB
  [70425s] nodes=79840155 memo=75203750 rss=2461MB
  [70440s] nodes=79852243 memo=75215485 rss=2461MB
  [70455s] nodes=79863881 memo=75227124 rss=2461MB
  [70470s] nodes=79876079 memo=75238873 rss=2461MB
  [70485s] nodes=79887910 memo=75250142 rss=2461MB
  [70500s] nodes=79899671 memo=75261356 rss=2461MB
  [70515s] nodes=79910928 memo=75271943 rss=2461MB
  [70530s] nodes=79922417 memo=75282523 rss=2461MB
  [70545s] nodes=79933843 memo=75293096 rss=2461MB
  [70560s] nodes=79945829 memo=75303989 rss=2461MB
  [70575s] nodes=79957981 memo=75315086 rss=2461MB
  [70590s] nodes=79969527 memo=75325694 rss=2461MB
  [70605s] nodes=79981260 memo=75336355 rss=2461MB
  [70620s] nodes=79993862 memo=75347850 rss=2461MB
  [70635s] nodes=80006614 memo=75360152 rss=2461MB
  [70650s] nodes=80017579 memo=75370785 rss=2461MB
  [70665s] nodes=80028519 memo=75381348 rss=2461MB
  [70680s] nodes=80039309 memo=75391792 rss=2461MB
  [70695s] nodes=80050123 memo=75402252 rss=2461MB
  [70710s] nodes=80062155 memo=75413935 rss=2461MB
  [70725s] nodes=80074534 memo=75425951 rss=2461MB
  [70740s] nodes=80087137 memo=75438237 rss=2461MB
  [70755s] nodes=80099740 memo=75450470 rss=2461MB
  [70770s] nodes=80111837 memo=75462164 rss=2461MB
  [70785s] nodes=80124095 memo=75473972 rss=2461MB
  [70800s] nodes=80136001 memo=75485311 rss=2461MB
  [70815s] nodes=80147464 memo=75496283 rss=2461MB
  [70830s] nodes=80159272 memo=75507695 rss=2461MB
  [70845s] nodes=80170975 memo=75518985 rss=2461MB
  [70860s] nodes=80183500 memo=75530987 rss=2461MB
  [70875s] nodes=80195746 memo=75542730 rss=2461MB
  [70890s] nodes=80208007 memo=75554515 rss=2461MB
  [70905s] nodes=80221513 memo=75567130 rss=2461MB
  [70920s] nodes=80235392 memo=75579803 rss=2461MB
  [70935s] nodes=80247970 memo=75591541 rss=2461MB
  [70950s] nodes=80260410 memo=75602920 rss=2461MB
  [70965s] nodes=80273864 memo=75614970 rss=2461MB
  [70980s] nodes=80288234 memo=75627254 rss=2461MB
  [70995s] nodes=80302512 memo=75639645 rss=2461MB
  [71010s] nodes=80315579 memo=75651777 rss=2461MB
  [71025s] nodes=80328173 memo=75663360 rss=2461MB
  [71040s] nodes=80341859 memo=75675849 rss=2461MB
  [71055s] nodes=80355949 memo=75688673 rss=2461MB
  [71070s] nodes=80369259 memo=75700695 rss=2461MB
  [71085s] nodes=80383056 memo=75713181 rss=2461MB
  [71100s] nodes=80396482 memo=75725366 rss=2461MB
  [71115s] nodes=80408515 memo=75736049 rss=2461MB
  [71130s] nodes=80420180 memo=75746408 rss=2461MB
  [71145s] nodes=80432212 memo=75757142 rss=2461MB
  [71160s] nodes=80443583 memo=75767405 rss=2461MB
  [71175s] nodes=80454908 memo=75777378 rss=2461MB
  [71190s] nodes=80465142 memo=75786335 rss=2461MB
  [71205s] nodes=80476121 memo=75796032 rss=2461MB
  [71220s] nodes=80489091 memo=75807368 rss=2461MB
  [71235s] nodes=80500760 memo=75817854 rss=2461MB
  [71250s] nodes=80512718 memo=75828396 rss=2461MB
  [71265s] nodes=80526211 memo=75840691 rss=2461MB
  [71280s] nodes=80539814 memo=75852325 rss=2461MB
  [71295s] nodes=80553249 memo=75865143 rss=2461MB
  [71310s] nodes=80566261 memo=75877852 rss=2461MB
  [71325s] nodes=80578806 memo=75890405 rss=2461MB
  [71340s] nodes=80591391 memo=75902976 rss=2461MB
  [71355s] nodes=80604457 memo=75915960 rss=2461MB
  [71370s] nodes=80617207 memo=75928725 rss=2461MB
  [71385s] nodes=80628985 memo=75940494 rss=2461MB
  [71400s] nodes=80640822 memo=75952346 rss=2461MB
  [71415s] nodes=80652798 memo=75964307 rss=2461MB
  [71430s] nodes=80664463 memo=75975978 rss=2461MB
  [71445s] nodes=80676083 memo=75987402 rss=2461MB
  [71460s] nodes=80688321 memo=75999194 rss=2461MB
  [71475s] nodes=80700436 memo=76010788 rss=2461MB
  [71490s] nodes=80712568 memo=76022350 rss=2461MB
  [71505s] nodes=80722857 memo=76032177 rss=2461MB
  [71520s] nodes=80734718 memo=76043381 rss=2461MB
  [71535s] nodes=80747101 memo=76055128 rss=2461MB
  [71550s] nodes=80759648 memo=76066893 rss=2461MB
  [71565s] nodes=80773709 memo=76080540 rss=2461MB
  [71580s] nodes=80787934 memo=76094206 rss=2461MB
  [71595s] nodes=80801680 memo=76107727 rss=2461MB
  [71610s] nodes=80815035 memo=76121110 rss=2461MB
  [71625s] nodes=80827867 memo=76133953 rss=2461MB
  [71640s] nodes=80839897 memo=76145422 rss=2461MB
  [71655s] nodes=80852338 memo=76157045 rss=2461MB
  [71670s] nodes=80864587 memo=76168876 rss=2461MB
  [71685s] nodes=80876315 memo=76180013 rss=2461MB
  [71700s] nodes=80887797 memo=76190897 rss=2461MB
  [71715s] nodes=80899179 memo=76202126 rss=2461MB
  [71730s] nodes=80911083 memo=76213959 rss=2461MB
  [71745s] nodes=80922130 memo=76224935 rss=2461MB
  [71760s] nodes=80932782 memo=76235124 rss=2461MB
  [71775s] nodes=80944405 memo=76246289 rss=2461MB
  [71790s] nodes=80956164 memo=76257585 rss=2461MB
  [71805s] nodes=80967872 memo=76268643 rss=2461MB
  [71820s] nodes=80979871 memo=76279896 rss=2461MB
  [71835s] nodes=80991738 memo=76291649 rss=2461MB
  [71850s] nodes=81003183 memo=76302596 rss=2461MB
  [71865s] nodes=81013945 memo=76312291 rss=2461MB
  [71880s] nodes=81024908 memo=76322146 rss=2461MB
  [71895s] nodes=81035393 memo=76331730 rss=2461MB
  [71910s] nodes=81046567 memo=76342121 rss=2461MB
  [71925s] nodes=81057690 memo=76352360 rss=2461MB
  [71940s] nodes=81069295 memo=76363083 rss=2461MB
  [71955s] nodes=81081742 memo=76374580 rss=2461MB
  [71970s] nodes=81094563 memo=76386169 rss=2461MB
  [71985s] nodes=81105955 memo=76396208 rss=2461MB
  [72000s] nodes=81117952 memo=76407079 rss=2461MB
  [72015s] nodes=81129868 memo=76417950 rss=2461MB
  [72030s] nodes=81142351 memo=76429697 rss=2461MB
  [72045s] nodes=81153849 memo=76440712 rss=2461MB
  [72060s] nodes=81166690 memo=76452346 rss=2461MB
  [72075s] nodes=81180129 memo=76464987 rss=2461MB
  [72090s] nodes=81192833 memo=76476223 rss=2461MB
  [72105s] nodes=81205941 memo=76486726 rss=2461MB
  [72120s] nodes=81219252 memo=76497918 rss=2461MB
  [72135s] nodes=81232225 memo=76509145 rss=2461MB
  [72150s] nodes=81245169 memo=76520009 rss=2461MB
  [72165s] nodes=81258767 memo=76532299 rss=2461MB
  [72180s] nodes=81271657 memo=76543936 rss=2461MB
  [72195s] nodes=81285260 memo=76556377 rss=2461MB
  [72210s] nodes=81298797 memo=76568473 rss=2461MB
  [72225s] nodes=81313167 memo=76581980 rss=2461MB
  [72240s] nodes=81326437 memo=76595234 rss=2461MB
  [72255s] nodes=81339694 memo=76608391 rss=2461MB
  [72270s] nodes=81353096 memo=76621207 rss=2461MB
  [72285s] nodes=81366201 memo=76633042 rss=2461MB
  [72300s] nodes=81379045 memo=76644282 rss=2461MB
  [72315s] nodes=81392210 memo=76655509 rss=2461MB
  [72330s] nodes=81405138 memo=76666469 rss=2461MB
  [72345s] nodes=81418014 memo=76677322 rss=2461MB
  [72360s] nodes=81430528 memo=76687535 rss=2461MB
  [72375s] nodes=81443991 memo=76699863 rss=2461MB
  [72390s] nodes=81457960 memo=76712923 rss=2461MB
  [72405s] nodes=81471680 memo=76725427 rss=2461MB
  [72420s] nodes=81485288 memo=76737392 rss=2461MB
  [72435s] nodes=81499411 memo=76750172 rss=2461MB
  [72450s] nodes=81514006 memo=76763399 rss=2461MB
  [72465s] nodes=81528117 memo=76775544 rss=2461MB
  [72480s] nodes=81542024 memo=76787867 rss=2461MB
  [72495s] nodes=81555786 memo=76800427 rss=2461MB
  [72510s] nodes=81569295 memo=76812877 rss=2461MB
  [72525s] nodes=81581885 memo=76824926 rss=2461MB
  [72540s] nodes=81594330 memo=76836514 rss=2461MB
  [72555s] nodes=81606852 memo=76848000 rss=2461MB
  [72570s] nodes=81619834 memo=76860507 rss=2461MB
  [72585s] nodes=81632822 memo=76872992 rss=2461MB
  [72600s] nodes=81644844 memo=76884218 rss=2461MB
  [72615s] nodes=81657397 memo=76895696 rss=2461MB
  [72630s] nodes=81669960 memo=76907068 rss=2461MB
  [72645s] nodes=81681846 memo=76917842 rss=2461MB
  [72660s] nodes=81694242 memo=76929210 rss=2461MB
  [72675s] nodes=81707648 memo=76941790 rss=2461MB
  [72690s] nodes=81720859 memo=76954135 rss=2461MB
  [72705s] nodes=81733704 memo=76966085 rss=2461MB
  [72720s] nodes=81747128 memo=76978202 rss=2461MB
  [72735s] nodes=81761026 memo=76990410 rss=2461MB
  [72750s] nodes=81774018 memo=77001495 rss=2461MB
  [72765s] nodes=81787049 memo=77012176 rss=2461MB
  [72780s] nodes=81800277 memo=77023030 rss=2461MB
  [72795s] nodes=81813225 memo=77033945 rss=2461MB
  [72810s] nodes=81826375 memo=77045003 rss=2461MB
  [72825s] nodes=81839477 memo=77056925 rss=2461MB
  [72840s] nodes=81852873 memo=77069756 rss=2461MB
  [72855s] nodes=81865792 memo=77081713 rss=2461MB
  [72870s] nodes=81878666 memo=77093073 rss=2461MB
  [72885s] nodes=81891331 memo=77104033 rss=2461MB
  [72900s] nodes=81904568 memo=77115097 rss=2461MB
  [72915s] nodes=81916861 memo=77126095 rss=2461MB
  [72930s] nodes=81928295 memo=77136455 rss=2461MB
  [72945s] nodes=81939352 memo=77146312 rss=2461MB
  [72960s] nodes=81951044 memo=77156886 rss=2461MB
  [72975s] nodes=81963977 memo=77168384 rss=2461MB
  [72990s] nodes=81977324 memo=77180547 rss=2461MB
  [73005s] nodes=81990156 memo=77192086 rss=2461MB
  [73020s] nodes=82003931 memo=77204221 rss=2461MB
  [73035s] nodes=82017753 memo=77215096 rss=2461MB
  [73050s] nodes=82030907 memo=77225120 rss=2461MB
  [73065s] nodes=82044205 memo=77235342 rss=2461MB
  [73080s] nodes=82057523 memo=77245591 rss=2461MB
  [73095s] nodes=82070725 memo=77255769 rss=2461MB
  [73110s] nodes=82084633 memo=77266237 rss=2461MB
  [73125s] nodes=82096594 memo=77275057 rss=2461MB
  [73140s] nodes=82107686 memo=77283129 rss=2461MB
  [73155s] nodes=82118187 memo=77290874 rss=2461MB
  [73170s] nodes=82128692 memo=77298744 rss=2461MB
  [73185s] nodes=82139967 memo=77308125 rss=2461MB
  [73200s] nodes=82152786 memo=77318680 rss=2461MB
  [73215s] nodes=82165214 memo=77328926 rss=2461MB
  [73230s] nodes=82177867 memo=77339324 rss=2461MB
  [73245s] nodes=82190225 memo=77349489 rss=2461MB
  [73260s] nodes=82203234 memo=77359716 rss=2461MB
  [73275s] nodes=82216076 memo=77369102 rss=2461MB
  [73290s] nodes=82228689 memo=77379117 rss=2461MB
  [73305s] nodes=82240749 memo=77389252 rss=2461MB
  [73320s] nodes=82252648 memo=77399234 rss=2461MB
  [73335s] nodes=82263659 memo=77407465 rss=2461MB
  [73350s] nodes=82275761 memo=77417337 rss=2461MB
  [73365s] nodes=82286922 memo=77428519 rss=2461MB
  [73380s] nodes=82296804 memo=77438179 rss=2461MB
  [73395s] nodes=82308373 memo=77449035 rss=2461MB
  [73410s] nodes=82320589 memo=77460707 rss=2461MB
  [73425s] nodes=82331545 memo=77471206 rss=2461MB
  [73440s] nodes=82341682 memo=77480468 rss=2461MB
  [73455s] nodes=82352975 memo=77490976 rss=2461MB
  [73470s] nodes=82364698 memo=77502145 rss=2461MB
  [73485s] nodes=82374137 memo=77511024 rss=2461MB
  [73500s] nodes=82386752 memo=77522489 rss=2461MB
  [73515s] nodes=82398976 memo=77533102 rss=2461MB
  [73530s] nodes=82411980 memo=77544441 rss=2461MB
  [73545s] nodes=82424609 memo=77555569 rss=2461MB
  [73560s] nodes=82437519 memo=77567547 rss=2461MB
  [73575s] nodes=82450607 memo=77579191 rss=2461MB
  [73590s] nodes=82462529 memo=77589573 rss=2461MB
  [73605s] nodes=82474322 memo=77599550 rss=2461MB
  [73620s] nodes=82487170 memo=77609272 rss=2461MB
  [73635s] nodes=82499579 memo=77618567 rss=2461MB
  [73650s] nodes=82512000 memo=77628555 rss=2461MB
  [73665s] nodes=82524393 memo=77638742 rss=2461MB
  [73680s] nodes=82537069 memo=77649069 rss=2461MB
  [73695s] nodes=82550954 memo=77660317 rss=2461MB
  [73710s] nodes=82564872 memo=77672607 rss=2461MB
  [73725s] nodes=82578464 memo=77685080 rss=2461MB
  [73740s] nodes=82592216 memo=77697638 rss=2461MB
  [73755s] nodes=82605678 memo=77709181 rss=2461MB
  [73770s] nodes=82617910 memo=77719653 rss=2461MB
  [73785s] nodes=82630768 memo=77730582 rss=2461MB
  [73800s] nodes=82643607 memo=77740804 rss=2461MB
  [73815s] nodes=82653549 memo=77748280 rss=2461MB
  [73830s] nodes=82662068 memo=77754791 rss=2461MB
  [73845s] nodes=82673537 memo=77764610 rss=2461MB
  [73860s] nodes=82686813 memo=77775840 rss=2461MB
  [73875s] nodes=82699283 memo=77786369 rss=2461MB
  [73890s] nodes=82712059 memo=77797309 rss=2461MB
  [73905s] nodes=82721665 memo=77806036 rss=2461MB
  [73920s] nodes=82729158 memo=77812982 rss=2461MB
  [73935s] nodes=82737746 memo=77821282 rss=2461MB
  [73950s] nodes=82747233 memo=77830324 rss=2461MB
  [73965s] nodes=82756203 memo=77837633 rss=2461MB
  [73980s] nodes=82765659 memo=77845722 rss=2461MB
  [73995s] nodes=82774475 memo=77853733 rss=2461MB
  [74010s] nodes=82782515 memo=77861219 rss=2461MB
  [74025s] nodes=82795708 memo=77872892 rss=2461MB
  [74040s] nodes=82808917 memo=77884911 rss=2461MB
  [74055s] nodes=82822074 memo=77897044 rss=2461MB
  [74070s] nodes=82834736 memo=77908562 rss=2461MB
  [74085s] nodes=82846938 memo=77919668 rss=2461MB
  [74100s] nodes=82858976 memo=77929994 rss=2461MB
  [74115s] nodes=82871403 memo=77940481 rss=2461MB
  [74130s] nodes=82886276 memo=77953318 rss=2461MB
  [74145s] nodes=82898900 memo=77964149 rss=2461MB
  [74160s] nodes=82912616 memo=77975967 rss=2461MB
  [74175s] nodes=82924831 memo=77986407 rss=2461MB
  [74190s] nodes=82936492 memo=77996837 rss=2461MB
  [74205s] nodes=82948998 memo=78008593 rss=2461MB
  [74220s] nodes=82962003 memo=78020800 rss=2461MB
  [74235s] nodes=82974604 memo=78032633 rss=2461MB
  [74250s] nodes=82986169 memo=78043683 rss=2461MB
  [74265s] nodes=82996710 memo=78053718 rss=2461MB
  [74280s] nodes=83006465 memo=78062896 rss=2461MB
  [74295s] nodes=83016480 memo=78072191 rss=2461MB
  [74310s] nodes=83028302 memo=78083333 rss=2461MB
  [74325s] nodes=83041218 memo=78095283 rss=2461MB
  [74340s] nodes=83054341 memo=78107025 rss=2461MB
  [74355s] nodes=83067616 memo=78119248 rss=2461MB
  [74370s] nodes=83080890 memo=78131316 rss=2461MB
  [74385s] nodes=83093128 memo=78142749 rss=2461MB
  [74400s] nodes=83105189 memo=78153966 rss=2461MB
  [74415s] nodes=83117874 memo=78166119 rss=2461MB
  [74430s] nodes=83130591 memo=78178079 rss=2461MB
  [74445s] nodes=83144441 memo=78191332 rss=2461MB
  [74460s] nodes=83158525 memo=78204814 rss=2461MB
  [74475s] nodes=83172766 memo=78217893 rss=2461MB
  [74490s] nodes=83186205 memo=78230580 rss=2461MB
  [74505s] nodes=83198704 memo=78242453 rss=2461MB
  [74520s] nodes=83211528 memo=78254512 rss=2461MB
  [74535s] nodes=83224368 memo=78266079 rss=2461MB
  [74550s] nodes=83237675 memo=78277737 rss=2461MB
  [74565s] nodes=83251024 memo=78289790 rss=2461MB
  [74580s] nodes=83264070 memo=78301106 rss=2461MB
  [74595s] nodes=83276047 memo=78311487 rss=2461MB
  [74610s] nodes=83287799 memo=78321664 rss=2461MB
  [74625s] nodes=83299226 memo=78331863 rss=2461MB
  [74640s] nodes=83312320 memo=78343924 rss=2461MB
  [74655s] nodes=83325584 memo=78355999 rss=2461MB
  [74670s] nodes=83338393 memo=78367697 rss=2461MB
  [74685s] nodes=83351321 memo=78379484 rss=2461MB
  [74700s] nodes=83363315 memo=78390629 rss=2461MB
  [74715s] nodes=83374938 memo=78400896 rss=2461MB
  [74730s] nodes=83385447 memo=78410559 rss=2461MB
  [74745s] nodes=83394735 memo=78419168 rss=2461MB
  [74760s] nodes=83402201 memo=78425942 rss=2461MB
  [74775s] nodes=83408527 memo=78431776 rss=2461MB
  [74790s] nodes=83415014 memo=78437957 rss=2461MB
  [74805s] nodes=83428266 memo=78450334 rss=2461MB
  [74820s] nodes=83439763 memo=78460900 rss=2461MB
  [74835s] nodes=83451110 memo=78471096 rss=2461MB
  [74850s] nodes=83462244 memo=78480987 rss=2461MB
  [74865s] nodes=83473948 memo=78491434 rss=2461MB
  [74880s] nodes=83487002 memo=78503016 rss=2461MB
  [74895s] nodes=83500305 memo=78513591 rss=2461MB
  [74910s] nodes=83512602 memo=78522987 rss=2461MB
  [74925s] nodes=83525505 memo=78533802 rss=2461MB
  [74940s] nodes=83538232 memo=78545904 rss=2461MB
  [74955s] nodes=83549456 memo=78556576 rss=2461MB
  [74970s] nodes=83562399 memo=78567930 rss=2461MB
  [74985s] nodes=83575771 memo=78579014 rss=2461MB
  [75000s] nodes=83588677 memo=78589726 rss=2461MB
  [75015s] nodes=83601260 memo=78600067 rss=2461MB
  [75030s] nodes=83613855 memo=78610217 rss=2461MB
  [75045s] nodes=83626379 memo=78618583 rss=2461MB
  [75060s] nodes=83639644 memo=78626929 rss=2461MB
  [75075s] nodes=83651132 memo=78635435 rss=2461MB
  [75090s] nodes=83663560 memo=78644198 rss=2461MB
  [75105s] nodes=83674079 memo=78650765 rss=2461MB
  [75120s] nodes=83683887 memo=78657026 rss=2461MB
  [75135s] nodes=83693518 memo=78664107 rss=2461MB
  [75150s] nodes=83703286 memo=78671142 rss=2461MB
  [75165s] nodes=83712503 memo=78677418 rss=2461MB
  [75180s] nodes=83721818 memo=78685237 rss=2461MB
  [75195s] nodes=83731201 memo=78694331 rss=2461MB
  [75210s] nodes=83738419 memo=78701143 rss=2461MB
  [75225s] nodes=83744001 memo=78706518 rss=2461MB
  [75240s] nodes=83748466 memo=78710531 rss=2461MB
  [75255s] nodes=83752281 memo=78714355 rss=2461MB
  [75270s] nodes=83756333 memo=78718405 rss=2461MB
  [75285s] nodes=83758749 memo=78720836 rss=2461MB
  [75300s] nodes=83761238 memo=78723324 rss=2461MB
  [75315s] nodes=83763623 memo=78725711 rss=2461MB
  [75330s] nodes=83766171 memo=78728257 rss=2461MB
  [75345s] nodes=83768962 memo=78731052 rss=2461MB
  [75360s] nodes=83771248 memo=78733343 rss=2461MB
  [75375s] nodes=83773638 memo=78735725 rss=2461MB
  [75390s] nodes=83775828 memo=78737919 rss=2461MB
  [75405s] nodes=83777930 memo=78740014 rss=2461MB
  [75420s] nodes=83785365 memo=78746915 rss=2461MB
  [75435s] nodes=83798871 memo=78759116 rss=2461MB
  [75450s] nodes=83810628 memo=78769134 rss=2461MB
  [75465s] nodes=83822466 memo=78778796 rss=2461MB
  [75480s] nodes=83833796 memo=78787871 rss=2461MB
  [75495s] nodes=83844951 memo=78797035 rss=2461MB
  [75510s] nodes=83853712 memo=78804908 rss=2461MB
  [75525s] nodes=83861546 memo=78811679 rss=2461MB
  [75540s] nodes=83868894 memo=78817914 rss=2461MB
  [75555s] nodes=83875584 memo=78823541 rss=2461MB
  [75570s] nodes=83882399 memo=78829240 rss=2461MB
  [75585s] nodes=83889521 memo=78835271 rss=2461MB
  [75600s] nodes=83896553 memo=78841242 rss=2461MB
  [75615s] nodes=83903155 memo=78846817 rss=2461MB
  [75630s] nodes=83909137 memo=78851869 rss=2461MB
  [75645s] nodes=83914973 memo=78856621 rss=2461MB
  [75660s] nodes=83921012 memo=78861622 rss=2461MB
  [75675s] nodes=83926321 memo=78865823 rss=2461MB
  [75690s] nodes=83931210 memo=78869713 rss=2461MB
  [75705s] nodes=83938596 memo=78876383 rss=2461MB
  [75720s] nodes=83945989 memo=78883196 rss=2461MB
  [75735s] nodes=83952511 memo=78889222 rss=2461MB
  [75750s] nodes=83959144 memo=78895440 rss=2461MB
  [75765s] nodes=83965896 memo=78901709 rss=2461MB
  [75780s] nodes=83978615 memo=78913320 rss=2461MB
  [75795s] nodes=83992071 memo=78924780 rss=2461MB
  [75810s] nodes=84005037 memo=78936442 rss=2461MB
  [75825s] nodes=84016993 memo=78947517 rss=2461MB
  [75840s] nodes=84028061 memo=78957671 rss=2461MB
  [75855s] nodes=84038538 memo=78966887 rss=2461MB
  [75870s] nodes=84049284 memo=78975886 rss=2461MB
  [75885s] nodes=84059623 memo=78984577 rss=2461MB
  [75900s] nodes=84070415 memo=78993620 rss=2461MB
  [75915s] nodes=84080757 memo=79002330 rss=2461MB
  [75930s] nodes=84090495 memo=79010688 rss=2461MB
  [75945s] nodes=84100755 memo=79019549 rss=2461MB
  [75960s] nodes=84110221 memo=79027689 rss=2461MB
  [75975s] nodes=84120338 memo=79036503 rss=2461MB
  [75990s] nodes=84132724 memo=79046622 rss=2461MB
  [76005s] nodes=84145460 memo=79056653 rss=2461MB
  [76020s] nodes=84157300 memo=79066146 rss=2461MB
  [76035s] nodes=84167634 memo=79074645 rss=2461MB
  [76050s] nodes=84180035 memo=79085521 rss=2461MB
  [76065s] nodes=84192189 memo=79096685 rss=2461MB
  [76080s] nodes=84205176 memo=79108609 rss=2461MB
  [76095s] nodes=84218005 memo=79119836 rss=2461MB
  [76110s] nodes=84230939 memo=79131171 rss=2461MB
  [76125s] nodes=84242613 memo=79141555 rss=2461MB
  [76140s] nodes=84253719 memo=79151069 rss=2461MB
  [76155s] nodes=84264123 memo=79159585 rss=2461MB
  [76170s] nodes=84275112 memo=79168275 rss=2461MB
  [76185s] nodes=84285832 memo=79176641 rss=2461MB
  [76200s] nodes=84297062 memo=79185382 rss=2461MB
  [76215s] nodes=84308699 memo=79193818 rss=2461MB
  [76230s] nodes=84319215 memo=79200370 rss=2461MB
  [76245s] nodes=84329503 memo=79206066 rss=2461MB
  [76260s] nodes=84339581 memo=79211733 rss=2461MB
  [76275s] nodes=84349559 memo=79217423 rss=2461MB
  [76290s] nodes=84360068 memo=79223644 rss=2461MB
  [76305s] nodes=84369370 memo=79229109 rss=2461MB
  [76320s] nodes=84377825 memo=79234054 rss=2461MB
  [76335s] nodes=84386099 memo=79238960 rss=2461MB
  [76350s] nodes=84394362 memo=79243801 rss=2461MB
  [76365s] nodes=84402519 memo=79248582 rss=2461MB
  [76380s] nodes=84413575 memo=79256243 rss=2461MB
  [76395s] nodes=84425200 memo=79264628 rss=2461MB
  [76410s] nodes=84437754 memo=79273727 rss=2461MB
  [76425s] nodes=84447828 memo=79280667 rss=2461MB
  [76440s] nodes=84458861 memo=79287979 rss=2461MB
  [76455s] nodes=84468972 memo=79294598 rss=2461MB
  [76470s] nodes=84479207 memo=79301568 rss=2461MB
  [76485s] nodes=84488969 memo=79308336 rss=2461MB
  [76500s] nodes=84496698 memo=79313387 rss=2461MB
  [76515s] nodes=84501177 memo=79316173 rss=2461MB
  [76530s] nodes=84505311 memo=79318916 rss=2461MB
  [76545s] nodes=84509316 memo=79321420 rss=2461MB
  [76560s] nodes=84513351 memo=79324162 rss=2461MB
  [76575s] nodes=84517215 memo=79326571 rss=2461MB
  [76590s] nodes=84521508 memo=79328907 rss=2461MB
  [76605s] nodes=84524719 memo=79330887 rss=2461MB
  [76620s] nodes=84528428 memo=79333119 rss=2461MB
  [76635s] nodes=84532167 memo=79335311 rss=2461MB
  [76650s] nodes=84536608 memo=79337538 rss=2461MB
  [76665s] nodes=84540016 memo=79339366 rss=2461MB
  [76680s] nodes=84550533 memo=79347301 rss=2461MB
  [76695s] nodes=84566232 memo=79359662 rss=2461MB
  [76710s] nodes=84581938 memo=79371431 rss=2461MB
  [76725s] nodes=84597058 memo=79383640 rss=2461MB
  [76740s] nodes=84612561 memo=79397316 rss=2461MB
  [76755s] nodes=84626961 memo=79409388 rss=2461MB
  [76770s] nodes=84641234 memo=79420891 rss=2461MB
  [76785s] nodes=84654749 memo=79432247 rss=2461MB
  [76800s] nodes=84670092 memo=79445401 rss=2461MB
  [76815s] nodes=84684666 memo=79458133 rss=2461MB
  [76830s] nodes=84698551 memo=79470379 rss=2461MB
  [76845s] nodes=84713015 memo=79482715 rss=2461MB
  [76860s] nodes=84727689 memo=79496222 rss=2461MB
  [76875s] nodes=84741647 memo=79510197 rss=2461MB
  [76890s] nodes=84755618 memo=79524012 rss=2461MB
  [76905s] nodes=84769076 memo=79536278 rss=2461MB
  [76920s] nodes=84783326 memo=79550105 rss=2461MB
  [76935s] nodes=84797204 memo=79562618 rss=2461MB
  [76950s] nodes=84810228 memo=79574846 rss=2461MB
  [76965s] nodes=84823677 memo=79586803 rss=2461MB
  [76980s] nodes=84836269 memo=79598308 rss=2461MB
  [76995s] nodes=84848084 memo=79608807 rss=2461MB
  [77010s] nodes=84858244 memo=79617876 rss=2461MB
  [77025s] nodes=84870268 memo=79628857 rss=2461MB
  [77040s] nodes=84884862 memo=79643165 rss=2461MB
  [77055s] nodes=84898724 memo=79655386 rss=2461MB
  [77070s] nodes=84910576 memo=79666030 rss=2461MB
  [77085s] nodes=84921974 memo=79676017 rss=2461MB
  [77100s] nodes=84934272 memo=79687126 rss=2461MB
  [77115s] nodes=84947130 memo=79698821 rss=2461MB
  [77130s] nodes=84959653 memo=79709597 rss=2461MB
  [77145s] nodes=84971973 memo=79719835 rss=2461MB
  [77160s] nodes=84984054 memo=79730010 rss=2461MB
  [77175s] nodes=84996284 memo=79740423 rss=2461MB
  [77190s] nodes=85008499 memo=79751064 rss=2461MB
  [77205s] nodes=85020795 memo=79761781 rss=2461MB
  [77220s] nodes=85032893 memo=79772514 rss=2461MB
  [77235s] nodes=85045383 memo=79782867 rss=2461MB
  [77250s] nodes=85058862 memo=79793439 rss=2461MB
  [77265s] nodes=85071996 memo=79803827 rss=2461MB
  [77280s] nodes=85084639 memo=79813894 rss=2461MB
  [77295s] nodes=85096954 memo=79823611 rss=2461MB
  [77310s] nodes=85109458 memo=79833016 rss=2461MB
  [77325s] nodes=85121560 memo=79842034 rss=2461MB
  [77340s] nodes=85134281 memo=79851717 rss=2461MB
  [77355s] nodes=85146105 memo=79861362 rss=2461MB
  [77370s] nodes=85158132 memo=79870726 rss=2461MB
  [77385s] nodes=85170670 memo=79880198 rss=2461MB
  [77400s] nodes=85183852 memo=79890198 rss=2461MB
  [77415s] nodes=85196643 memo=79900179 rss=2461MB
  [77430s] nodes=85208702 memo=79909977 rss=2461MB
  [77445s] nodes=85221503 memo=79920187 rss=2461MB
  [77460s] nodes=85233517 memo=79929774 rss=2461MB
  [77475s] nodes=85244931 memo=79938657 rss=2461MB
  [77490s] nodes=85256203 memo=79947039 rss=2461MB
  [77505s] nodes=85267159 memo=79955354 rss=2461MB
  [77520s] nodes=85276714 memo=79962849 rss=2461MB
  [77535s] nodes=85287235 memo=79970470 rss=2461MB
  [77550s] nodes=85297821 memo=79978062 rss=2461MB
  [77565s] nodes=85309876 memo=79987312 rss=2461MB
  [77580s] nodes=85321105 memo=79996705 rss=2461MB
  [77595s] nodes=85332199 memo=80005936 rss=2461MB
  [77610s] nodes=85344273 memo=80015578 rss=2461MB
  [77625s] nodes=85356384 memo=80025624 rss=2461MB
  [77640s] nodes=85368066 memo=80035353 rss=2461MB
  [77655s] nodes=85379733 memo=80044883 rss=2461MB
  [77670s] nodes=85391475 memo=80054854 rss=2461MB
  [77685s] nodes=85402722 memo=80064413 rss=2461MB
  [77700s] nodes=85413094 memo=80073413 rss=2461MB
  [77715s] nodes=85424406 memo=80083217 rss=2461MB
  [77730s] nodes=85435556 memo=80092934 rss=2461MB
  [77745s] nodes=85447739 memo=80102766 rss=2461MB
  [77760s] nodes=85459946 memo=80112245 rss=2461MB
  [77775s] nodes=85473149 memo=80122530 rss=2461MB
  [77790s] nodes=85486553 memo=80132983 rss=2461MB
  [77805s] nodes=85500103 memo=80143736 rss=2461MB
  [77820s] nodes=85513666 memo=80154190 rss=2461MB
  [77835s] nodes=85528012 memo=80165788 rss=2461MB
  [77850s] nodes=85542082 memo=80177592 rss=2461MB
  [77865s] nodes=85554783 memo=80188778 rss=2461MB
  [77880s] nodes=85568421 memo=80200663 rss=2461MB
  [77895s] nodes=85581697 memo=80212053 rss=2461MB
  [77910s] nodes=85594589 memo=80222513 rss=2461MB
  [77925s] nodes=85606387 memo=80232159 rss=2461MB
  [77940s] nodes=85618963 memo=80242380 rss=2461MB
  [77955s] nodes=85633126 memo=80254376 rss=2461MB
  [77970s] nodes=85646404 memo=80265840 rss=2461MB
  [77985s] nodes=85658492 memo=80276409 rss=2461MB
  [78000s] nodes=85670825 memo=80287487 rss=2461MB
  [78015s] nodes=85684054 memo=80299511 rss=2461MB
  [78030s] nodes=85696809 memo=80310009 rss=2461MB
  [78045s] nodes=85709199 memo=80320276 rss=2461MB
  [78060s] nodes=85721865 memo=80330699 rss=2461MB
  [78075s] nodes=85732943 memo=80339607 rss=2461MB
  [78090s] nodes=85744787 memo=80349348 rss=2461MB
  [78105s] nodes=85757497 memo=80359813 rss=2461MB
  [78120s] nodes=85770183 memo=80369800 rss=2461MB
  [78135s] nodes=85782997 memo=80379781 rss=2461MB
  [78150s] nodes=85796122 memo=80390716 rss=2461MB
  [78165s] nodes=85808991 memo=80402211 rss=2461MB
  [78180s] nodes=85821710 memo=80413585 rss=2461MB
  [78195s] nodes=85834498 memo=80424436 rss=2461MB
  [78210s] nodes=85846430 memo=80434459 rss=2461MB
  [78225s] nodes=85858289 memo=80444459 rss=2461MB
  [78240s] nodes=85871624 memo=80455593 rss=2461MB
  [78255s] nodes=85885087 memo=80467603 rss=2461MB
  [78270s] nodes=85896916 memo=80478202 rss=2461MB
  [78285s] nodes=85909472 memo=80488584 rss=2461MB
  [78300s] nodes=85922306 memo=80499090 rss=2461MB
  [78315s] nodes=85934924 memo=80509488 rss=2461MB
  [78330s] nodes=85947259 memo=80519373 rss=2461MB
  [78345s] nodes=85960084 memo=80529690 rss=2461MB
  [78360s] nodes=85970283 memo=80537699 rss=2461MB
  [78375s] nodes=85978549 memo=80544189 rss=2461MB
  [78390s] nodes=85986911 memo=80550835 rss=2461MB
  [78405s] nodes=85997729 memo=80559038 rss=2461MB
  [78420s] nodes=86010231 memo=80568927 rss=2461MB
  [78435s] nodes=86021242 memo=80578107 rss=2461MB
  [78450s] nodes=86033097 memo=80588008 rss=2461MB
  [78465s] nodes=86044933 memo=80598063 rss=2461MB
  [78480s] nodes=86057184 memo=80608443 rss=2461MB
  [78495s] nodes=86069977 memo=80619011 rss=2461MB
  [78510s] nodes=86081645 memo=80628857 rss=2461MB
  [78525s] nodes=86092746 memo=80638646 rss=2461MB
  [78540s] nodes=86105447 memo=80650104 rss=2461MB
  [78555s] nodes=86117329 memo=80660519 rss=2461MB
  [78570s] nodes=86129230 memo=80671097 rss=2461MB
  [78585s] nodes=86140436 memo=80681332 rss=2461MB
  [78600s] nodes=86152668 memo=80692060 rss=2461MB
  [78615s] nodes=86165407 memo=80703047 rss=2461MB
  [78630s] nodes=86177420 memo=80713565 rss=2461MB
  [78645s] nodes=86191210 memo=80725238 rss=2461MB
  [78660s] nodes=86204839 memo=80736825 rss=2461MB
  [78675s] nodes=86218613 memo=80749105 rss=2461MB
  [78690s] nodes=86231109 memo=80760135 rss=2461MB
  [78705s] nodes=86242754 memo=80770836 rss=2461MB
  [78720s] nodes=86253650 memo=80781187 rss=2461MB
  [78735s] nodes=86265081 memo=80792205 rss=2461MB
  [78750s] nodes=86277492 memo=80804620 rss=2461MB
  [78765s] nodes=86289263 memo=80816377 rss=2461MB
  [78780s] nodes=86301079 memo=80828114 rss=2461MB
  [78795s] nodes=86312683 memo=80839161 rss=2461MB
  [78810s] nodes=86324876 memo=80850697 rss=2461MB
  [78825s] nodes=86336244 memo=80861423 rss=2461MB
  [78840s] nodes=86348084 memo=80872394 rss=2461MB
  [78855s] nodes=86360476 memo=80883983 rss=2461MB
  [78870s] nodes=86372482 memo=80894646 rss=2461MB
  [78885s] nodes=86384662 memo=80904958 rss=2461MB
  [78900s] nodes=86395418 memo=80914209 rss=2461MB
  [78915s] nodes=86404253 memo=80921718 rss=2461MB
  [78930s] nodes=86414169 memo=80930263 rss=2461MB
  [78945s] nodes=86424097 memo=80938765 rss=2461MB
  [78960s] nodes=86434629 memo=80947740 rss=2461MB
  [78975s] nodes=86444892 memo=80956534 rss=2461MB
  [78990s] nodes=86454297 memo=80965319 rss=2461MB
  [79005s] nodes=86466178 memo=80976087 rss=2461MB
  [79020s] nodes=86478307 memo=80986585 rss=2461MB
  [79035s] nodes=86488195 memo=80995292 rss=2461MB
  [79050s] nodes=86500237 memo=81006417 rss=2461MB
  [79065s] nodes=86513167 memo=81018794 rss=2461MB
  [79080s] nodes=86525780 memo=81031090 rss=2461MB
  [79095s] nodes=86538288 memo=81043565 rss=2461MB
  [79110s] nodes=86549179 memo=81054480 rss=2461MB
  [79125s] nodes=86561528 memo=81066228 rss=2461MB
  [79140s] nodes=86573886 memo=81077320 rss=2461MB
  [79155s] nodes=86585687 memo=81087885 rss=2461MB
  [79170s] nodes=86596578 memo=81096930 rss=2461MB
  [79185s] nodes=86605849 memo=81104405 rss=2461MB
  [79200s] nodes=86617838 memo=81115954 rss=2461MB
  [79215s] nodes=86630666 memo=81127588 rss=2461MB
  [79230s] nodes=86643876 memo=81138586 rss=2461MB
  [79245s] nodes=86654767 memo=81147388 rss=2461MB
  [79260s] nodes=86664136 memo=81154605 rss=2461MB
  [79275s] nodes=86672492 memo=81160775 rss=2461MB
  [79290s] nodes=86679518 memo=81166464 rss=2461MB
  [79305s] nodes=86686929 memo=81172611 rss=2461MB
  [79320s] nodes=86696761 memo=81181575 rss=2461MB
  [79335s] nodes=86707195 memo=81191127 rss=2461MB
  [79350s] nodes=86717197 memo=81199822 rss=2461MB
  [79365s] nodes=86727257 memo=81208426 rss=2461MB
  [79380s] nodes=86736647 memo=81216260 rss=2461MB
  [79395s] nodes=86745929 memo=81224594 rss=2461MB
  [79410s] nodes=86754125 memo=81232057 rss=2461MB
  [79425s] nodes=86761517 memo=81238731 rss=2461MB
  [79440s] nodes=86773529 memo=81250124 rss=2461MB
  [79455s] nodes=86786071 memo=81262254 rss=2461MB
  [79470s] nodes=86798630 memo=81274381 rss=2461MB
  [79485s] nodes=86811877 memo=81287358 rss=2461MB
  [79500s] nodes=86823832 memo=81298794 rss=2461MB
  [79515s] nodes=86835731 memo=81309397 rss=2461MB
  [79530s] nodes=86848702 memo=81321647 rss=2461MB
  [79545s] nodes=86862141 memo=81334127 rss=2461MB
  [79560s] nodes=86875559 memo=81347516 rss=2461MB
  [79575s] nodes=86888935 memo=81360355 rss=2461MB
  [79590s] nodes=86901688 memo=81372367 rss=2461MB
  [79605s] nodes=86914441 memo=81384015 rss=2461MB
  [79620s] nodes=86927446 memo=81395903 rss=2461MB
  [79635s] nodes=86940403 memo=81407638 rss=2461MB
  [79650s] nodes=86953461 memo=81419631 rss=2461MB
  [79665s] nodes=86965676 memo=81431323 rss=2461MB
  [79680s] nodes=86977627 memo=81442402 rss=2461MB
  [79695s] nodes=86988979 memo=81453380 rss=2461MB
  [79710s] nodes=86999579 memo=81463359 rss=2461MB
  [79725s] nodes=87009899 memo=81472352 rss=2461MB
  [79740s] nodes=87020224 memo=81480670 rss=2461MB
  [79755s] nodes=87031762 memo=81489811 rss=2461MB
  [79770s] nodes=87042690 memo=81498933 rss=2461MB
  [79785s] nodes=87054133 memo=81508875 rss=2461MB
  [79800s] nodes=87064443 memo=81517682 rss=2461MB
  [79815s] nodes=87074429 memo=81526186 rss=2461MB
  [79830s] nodes=87085328 memo=81535686 rss=2461MB
  [79845s] nodes=87096485 memo=81544446 rss=2461MB
  [79860s] nodes=87107480 memo=81552501 rss=2461MB
  [79875s] nodes=87117325 memo=81559890 rss=2461MB
  [79890s] nodes=87127689 memo=81567236 rss=2461MB
  [79905s] nodes=87136455 memo=81573013 rss=2461MB
  [79920s] nodes=87146408 memo=81579127 rss=2461MB
  [79935s] nodes=87157151 memo=81585181 rss=2461MB
  [79950s] nodes=87167122 memo=81589745 rss=2461MB
  [79965s] nodes=87177300 memo=81595030 rss=2461MB
  [79980s] nodes=87187395 memo=81600760 rss=2461MB
  [79995s] nodes=87196312 memo=81606477 rss=2461MB
  [80010s] nodes=87204633 memo=81611873 rss=2461MB
  [80025s] nodes=87214454 memo=81617609 rss=2461MB
  [80040s] nodes=87225457 memo=81623729 rss=2461MB
  [80055s] nodes=87235430 memo=81629360 rss=2461MB
  [80070s] nodes=87244706 memo=81634100 rss=2461MB
  [80085s] nodes=87253688 memo=81638907 rss=2461MB
  [80100s] nodes=87262084 memo=81643545 rss=2461MB
  [80115s] nodes=87268975 memo=81647378 rss=2461MB
  [80130s] nodes=87274911 memo=81650320 rss=2461MB
  [80145s] nodes=87280901 memo=81653506 rss=2461MB
  [80160s] nodes=87286950 memo=81656625 rss=2461MB
  [80175s] nodes=87293343 memo=81659751 rss=2461MB
  [80190s] nodes=87298893 memo=81662386 rss=2461MB
  [80205s] nodes=87304392 memo=81664792 rss=2461MB
  [80220s] nodes=87310183 memo=81667447 rss=2461MB
  [80235s] nodes=87317598 memo=81672477 rss=2461MB
  [80250s] nodes=87322011 memo=81674996 rss=2461MB
  [80265s] nodes=87325523 memo=81676552 rss=2461MB
  [80280s] nodes=87329423 memo=81678281 rss=2461MB
  [80295s] nodes=87333541 memo=81680094 rss=2461MB
  [80310s] nodes=87337342 memo=81681826 rss=2461MB
  [80325s] nodes=87341184 memo=81683611 rss=2461MB
  [80340s] nodes=87351963 memo=81691671 rss=2461MB
  [80355s] nodes=87363838 memo=81700595 rss=2461MB
  [80370s] nodes=87375862 memo=81709229 rss=2461MB
  [80385s] nodes=87385595 memo=81715545 rss=2461MB
  [80400s] nodes=87394285 memo=81721602 rss=2461MB
  [80415s] nodes=87401922 memo=81727623 rss=2461MB
  [80430s] nodes=87410015 memo=81733236 rss=2461MB
  [80445s] nodes=87417910 memo=81738417 rss=2461MB
  [80460s] nodes=87425316 memo=81744786 rss=2461MB
  [80475s] nodes=87429354 memo=81747955 rss=2461MB
  [80490s] nodes=87431554 memo=81749967 rss=2461MB
  [80505s] nodes=87433307 memo=81751726 rss=2461MB
  [80520s] nodes=87434301 memo=81752721 rss=2461MB
  [80535s] nodes=87435385 memo=81753799 rss=2461MB
  [80550s] nodes=87436407 memo=81754825 rss=2461MB
  [80565s] nodes=87437413 memo=81755831 rss=2461MB
  [80580s] nodes=87438575 memo=81756991 rss=2461MB
  [80595s] nodes=87439712 memo=81758130 rss=2461MB
  [80610s] nodes=87440864 memo=81759281 rss=2461MB
  [80625s] nodes=87442122 memo=81760541 rss=2461MB
  [80640s] nodes=87443417 memo=81761837 rss=2461MB
  [80655s] nodes=87444774 memo=81763190 rss=2461MB
  [80670s] nodes=87445905 memo=81764324 rss=2461MB
  [80685s] nodes=87447149 memo=81765564 rss=2461MB
  [80700s] nodes=87448303 memo=81766721 rss=2461MB
  [80715s] nodes=87449228 memo=81767642 rss=2461MB
  [80730s] nodes=87450036 memo=81768455 rss=2461MB
  [80745s] nodes=87450856 memo=81769277 rss=2461MB
  [80760s] nodes=87451665 memo=81770079 rss=2461MB
  [80775s] nodes=87452572 memo=81770995 rss=2461MB
  [80790s] nodes=87453395 memo=81771815 rss=2461MB
  [80805s] nodes=87454370 memo=81772791 rss=2461MB
  [80820s] nodes=87455383 memo=81773799 rss=2461MB
  [80835s] nodes=87456534 memo=81774954 rss=2461MB
  [80850s] nodes=87457432 memo=81775851 rss=2461MB
  [80865s] nodes=87458395 memo=81776811 rss=2461MB
  [80880s] nodes=87459458 memo=81777879 rss=2461MB
  [80895s] nodes=87460543 memo=81778959 rss=2461MB
  [80910s] nodes=87461513 memo=81779930 rss=2461MB
  [80925s] nodes=87462671 memo=81781090 rss=2461MB
  [80940s] nodes=87463834 memo=81782252 rss=2461MB
  [80955s] nodes=87464760 memo=81783180 rss=2461MB
  [80970s] nodes=87465755 memo=81784172 rss=2461MB
  [80985s] nodes=87466835 memo=81785253 rss=2461MB
  [81000s] nodes=87467852 memo=81786268 rss=2461MB
  [81015s] nodes=87468868 memo=81787284 rss=2461MB
  [81030s] nodes=87469849 memo=81788268 rss=2461MB
  [81045s] nodes=87470961 memo=81789379 rss=2461MB
  [81060s] nodes=87471810 memo=81790229 rss=2461MB
  [81075s] nodes=87472923 memo=81791342 rss=2461MB
  [81090s] nodes=87473923 memo=81792341 rss=2461MB
  [81105s] nodes=87474787 memo=81793208 rss=2461MB
  [81120s] nodes=87475789 memo=81794209 rss=2461MB
  [81135s] nodes=87476720 memo=81795139 rss=2461MB
  [81150s] nodes=87477807 memo=81796226 rss=2461MB
  [81165s] nodes=87478882 memo=81797302 rss=2461MB
  [81180s] nodes=87492874 memo=81809706 rss=2461MB
  [81195s] nodes=87511429 memo=81827808 rss=2461MB
  [81210s] nodes=87529404 memo=81845623 rss=2461MB
  [81225s] nodes=87548224 memo=81864334 rss=2461MB
  [81240s] nodes=87566601 memo=81882723 rss=2461MB
  [81255s] nodes=87584276 memo=81900137 rss=2461MB
  [81270s] nodes=87601966 memo=81917725 rss=2461MB
  [81285s] nodes=87619501 memo=81935142 rss=2461MB
  [81300s] nodes=87637703 memo=81953329 rss=2461MB
  [81315s] nodes=87654972 memo=81970495 rss=2461MB
  [81330s] nodes=87671828 memo=81987360 rss=2461MB
  [81345s] nodes=87688565 memo=82004103 rss=2461MB
  [81360s] nodes=87706032 memo=82021554 rss=2461MB
  [81375s] nodes=87723451 memo=82038739 rss=2461MB
  [81390s] nodes=87740542 memo=82055165 rss=2461MB
  [81405s] nodes=87758067 memo=82071948 rss=2461MB
  [81420s] nodes=87776118 memo=82089036 rss=2461MB
  [81435s] nodes=87794004 memo=82105971 rss=2461MB
  [81450s] nodes=87811120 memo=82122245 rss=2461MB
  [81465s] nodes=87828764 memo=82139081 rss=2461MB
  [81480s] nodes=87846149 memo=82155676 rss=2461MB
  [81495s] nodes=87863814 memo=82172637 rss=2461MB
  [81510s] nodes=87880982 memo=82189118 rss=2461MB
  [81525s] nodes=87898684 memo=82206045 rss=2461MB
  [81540s] nodes=87916019 memo=82222768 rss=2461MB
  [81555s] nodes=87934397 memo=82240141 rss=2461MB
  [81570s] nodes=87950676 memo=82255738 rss=2461MB
  [81585s] nodes=87967186 memo=82271558 rss=2461MB
  [81600s] nodes=87983543 memo=82286751 rss=2461MB
  [81615s] nodes=88000057 memo=82301919 rss=2461MB
  [81630s] nodes=88016742 memo=82317208 rss=2461MB
  [81645s] nodes=88032682 memo=82331889 rss=2461MB
  [81660s] nodes=88048647 memo=82346659 rss=2461MB
  [81675s] nodes=88064841 memo=82361465 rss=2461MB
  [81690s] nodes=88080468 memo=82375287 rss=2461MB
  [81705s] nodes=88096315 memo=82388795 rss=2461MB
  [81720s] nodes=88113162 memo=82403858 rss=2461MB
  [81735s] nodes=88130616 memo=82419678 rss=2461MB
  [81750s] nodes=88148376 memo=82435781 rss=2461MB
  [81765s] nodes=88167322 memo=82452980 rss=2461MB
  [81780s] nodes=88185482 memo=82469454 rss=2461MB
  [81795s] nodes=88202633 memo=82485130 rss=2461MB
  [81810s] nodes=88219424 memo=82499837 rss=2461MB
  [81825s] nodes=88235685 memo=82514173 rss=2461MB
  [81840s] nodes=88251601 memo=82528210 rss=2461MB
  [81855s] nodes=88267376 memo=82542143 rss=2461MB
  [81870s] nodes=88283456 memo=82556103 rss=2461MB
  [81885s] nodes=88299016 memo=82569785 rss=2461MB
  [81900s] nodes=88314492 memo=82583343 rss=2461MB
  [81915s] nodes=88331170 memo=82597869 rss=2461MB
  [81930s] nodes=88347360 memo=82612095 rss=2461MB
  [81945s] nodes=88364549 memo=82626952 rss=2461MB
  [81960s] nodes=88380673 memo=82640880 rss=2461MB
  [81975s] nodes=88396463 memo=82654685 rss=2461MB
  [81990s] nodes=88412909 memo=82668961 rss=2461MB
  [82005s] nodes=88429298 memo=82683150 rss=2461MB
  [82020s] nodes=88444996 memo=82697009 rss=2461MB
  [82035s] nodes=88460333 memo=82710384 rss=2461MB
  [82050s] nodes=88475518 memo=82723641 rss=2461MB
  [82065s] nodes=88491500 memo=82737650 rss=2461MB
  [82080s] nodes=88507662 memo=82751938 rss=2461MB
  [82095s] nodes=88523890 memo=82766094 rss=2461MB
  [82110s] nodes=88539919 memo=82779974 rss=2461MB
  [82125s] nodes=88555918 memo=82794163 rss=2461MB
  [82140s] nodes=88572986 memo=82808950 rss=2461MB
  [82155s] nodes=88589370 memo=82823155 rss=2461MB
  [82170s] nodes=88604803 memo=82836685 rss=2461MB
  [82185s] nodes=88620177 memo=82850151 rss=2461MB
  [82200s] nodes=88636044 memo=82864131 rss=2461MB
  [82215s] nodes=88651550 memo=82877681 rss=2461MB
  [82230s] nodes=88667296 memo=82891341 rss=2461MB
  [82245s] nodes=88682181 memo=82904499 rss=2461MB
  [82260s] nodes=88697558 memo=82918035 rss=2461MB
  [82275s] nodes=88713245 memo=82931859 rss=2461MB
  [82290s] nodes=88728733 memo=82945516 rss=2461MB
  [82305s] nodes=88744464 memo=82959440 rss=2461MB
  [82320s] nodes=88759865 memo=82973009 rss=2461MB
  [82335s] nodes=88775138 memo=82986678 rss=2461MB
  [82350s] nodes=88790694 memo=83000701 rss=2461MB
  [82365s] nodes=88806309 memo=83014400 rss=2461MB
  [82380s] nodes=88821708 memo=83028004 rss=2461MB
  [82395s] nodes=88837674 memo=83042016 rss=2461MB
  [82410s] nodes=88853448 memo=83055988 rss=2461MB
  [82425s] nodes=88869319 memo=83070014 rss=2461MB
  [82440s] nodes=88884496 memo=83083651 rss=2461MB
  [82455s] nodes=88900043 memo=83097527 rss=2461MB
  [82470s] nodes=88914866 memo=83110864 rss=2461MB
  [82485s] nodes=88929465 memo=83123921 rss=2461MB
  [82500s] nodes=88944890 memo=83137712 rss=2461MB
  [82515s] nodes=88959530 memo=83150780 rss=2461MB
  [82530s] nodes=88974593 memo=83164283 rss=2461MB
  [82545s] nodes=88990035 memo=83177484 rss=2461MB
  [82560s] nodes=89005279 memo=83190515 rss=2461MB
  [82575s] nodes=89020515 memo=83203399 rss=2461MB
  [82590s] nodes=89036104 memo=83216554 rss=2461MB
  [82605s] nodes=89050738 memo=83229550 rss=2461MB
  [82620s] nodes=89065900 memo=83243122 rss=2461MB
  [82635s] nodes=89081572 memo=83257063 rss=2461MB
  [82650s] nodes=89097552 memo=83271033 rss=2461MB
  [82665s] nodes=89113167 memo=83284731 rss=2461MB
  [82680s] nodes=89128635 memo=83298246 rss=2461MB
  [82695s] nodes=89143676 memo=83311413 rss=2461MB
  [82710s] nodes=89158674 memo=83324571 rss=2461MB
  [82725s] nodes=89172633 memo=83336981 rss=2461MB
  [82740s] nodes=89186751 memo=83349678 rss=2461MB
  [82755s] nodes=89200836 memo=83362298 rss=2461MB
  [82770s] nodes=89215929 memo=83376388 rss=2461MB
  [82785s] nodes=89230911 memo=83390830 rss=2461MB
  [82800s] nodes=89246046 memo=83405419 rss=2461MB
  [82815s] nodes=89261497 memo=83420360 rss=2461MB
  [82830s] nodes=89276844 memo=83435146 rss=2461MB
  [82845s] nodes=89292448 memo=83450109 rss=2461MB
  [82860s] nodes=89307627 memo=83464716 rss=2461MB
  [82875s] nodes=89322056 memo=83478568 rss=2461MB
  [82890s] nodes=89337019 memo=83493019 rss=2461MB
  [82905s] nodes=89351965 memo=83507419 rss=2461MB
  [82920s] nodes=89366734 memo=83521568 rss=2461MB
  [82935s] nodes=89381356 memo=83535588 rss=2461MB
  [82950s] nodes=89396363 memo=83549990 rss=2461MB
  [82965s] nodes=89411428 memo=83564534 rss=2461MB
  [82980s] nodes=89426358 memo=83578883 rss=2461MB
  [82995s] nodes=89440948 memo=83592851 rss=2461MB
  [83010s] nodes=89455691 memo=83607019 rss=2461MB
  [83025s] nodes=89470375 memo=83620917 rss=2461MB
  [83040s] nodes=89485207 memo=83634543 rss=2461MB
  [83055s] nodes=89499770 memo=83648005 rss=2461MB
  [83070s] nodes=89514146 memo=83660992 rss=2461MB
  [83085s] nodes=89529061 memo=83675035 rss=2461MB
  [83100s] nodes=89543741 memo=83688783 rss=2461MB
  [83115s] nodes=89559105 memo=83703151 rss=2461MB
  [83130s] nodes=89574432 memo=83717355 rss=2461MB
  [83145s] nodes=89589927 memo=83731627 rss=2461MB
  [83160s] nodes=89604480 memo=83744978 rss=2461MB
  [83175s] nodes=89619065 memo=83758410 rss=2461MB
  [83190s] nodes=89633816 memo=83771959 rss=2461MB
  [83205s] nodes=89648446 memo=83785528 rss=2461MB
  [83220s] nodes=89663280 memo=83799300 rss=2461MB
  [83235s] nodes=89677852 memo=83812887 rss=2461MB
  [83250s] nodes=89692433 memo=83826525 rss=2461MB
  [83265s] nodes=89707033 memo=83839998 rss=2461MB
  [83280s] nodes=89721602 memo=83853425 rss=2461MB
  [83295s] nodes=89736110 memo=83866945 rss=2461MB
  [83310s] nodes=89750704 memo=83880455 rss=2461MB
  [83325s] nodes=89764808 memo=83893437 rss=2461MB
  [83340s] nodes=89778659 memo=83906333 rss=2461MB
  [83355s] nodes=89792890 memo=83919629 rss=2461MB
  [83370s] nodes=89807392 memo=83933064 rss=2461MB
  [83385s] nodes=89821707 memo=83946334 rss=2461MB
  [83400s] nodes=89835873 memo=83959425 rss=2461MB
  [83415s] nodes=89850078 memo=83972637 rss=2461MB
  [83430s] nodes=89864774 memo=83986239 rss=2461MB
  [83445s] nodes=89879512 memo=83999944 rss=2461MB
  [83460s] nodes=89894135 memo=84013591 rss=2461MB
  [83475s] nodes=89908356 memo=84026881 rss=2461MB
  [83490s] nodes=89922587 memo=84039696 rss=2461MB
  [83505s] nodes=89936838 memo=84052502 rss=2461MB
  [83520s] nodes=89951492 memo=84065653 rss=2461MB
  [83535s] nodes=89966382 memo=84079000 rss=2461MB
  [83550s] nodes=89980666 memo=84091752 rss=2461MB
  [83565s] nodes=89994597 memo=84104283 rss=2461MB
  [83580s] nodes=90008308 memo=84116484 rss=2461MB
  [83595s] nodes=90022427 memo=84129307 rss=2461MB
  [83610s] nodes=90036387 memo=84142242 rss=2461MB
  [83625s] nodes=90050454 memo=84155414 rss=2461MB
  [83640s] nodes=90064984 memo=84168808 rss=2461MB
  [83655s] nodes=90079510 memo=84182269 rss=2461MB
  [83670s] nodes=90094331 memo=84196002 rss=2461MB
  [83685s] nodes=90108848 memo=84209324 rss=2461MB
  [83700s] nodes=90123350 memo=84222735 rss=2461MB
  [83715s] nodes=90137118 memo=84235531 rss=2461MB
  [83730s] nodes=90150755 memo=84248230 rss=2461MB
  [83745s] nodes=90165089 memo=84261529 rss=2461MB
  [83760s] nodes=90179506 memo=84274890 rss=2461MB
  [83775s] nodes=90194194 memo=84288551 rss=2461MB
  [83790s] nodes=90208642 memo=84301990 rss=2461MB
  [83805s] nodes=90222415 memo=84314772 rss=2461MB
  [83820s] nodes=90237293 memo=84328432 rss=2461MB
  [83835s] nodes=90251743 memo=84341822 rss=2461MB
  [83850s] nodes=90265837 memo=84355030 rss=2461MB
  [83865s] nodes=90279841 memo=84368099 rss=2461MB
  [83880s] nodes=90293314 memo=84380664 rss=2461MB
  [83895s] nodes=90307289 memo=84393653 rss=2461MB
  [83910s] nodes=90321243 memo=84406658 rss=2461MB
  [83925s] nodes=90335501 memo=84419899 rss=2461MB
  [83940s] nodes=90349938 memo=84433153 rss=2461MB
  [83955s] nodes=90364289 memo=84446375 rss=2461MB
  [83970s] nodes=90378244 memo=84459247 rss=2461MB
  [83985s] nodes=90392374 memo=84472344 rss=2461MB
  [84000s] nodes=90406376 memo=84485209 rss=2461MB
  [84015s] nodes=90420761 memo=84497959 rss=2461MB
  [84030s] nodes=90434883 memo=84510487 rss=2461MB
  [84045s] nodes=90449530 memo=84523438 rss=2461MB
  [84060s] nodes=90463844 memo=84536161 rss=2461MB
  [84075s] nodes=90478861 memo=84550048 rss=2461MB
  [84090s] nodes=90493702 memo=84563873 rss=2461MB
  [84105s] nodes=90507928 memo=84576994 rss=2461MB
  [84120s] nodes=90522578 memo=84590479 rss=2461MB
  [84135s] nodes=90536824 memo=84603665 rss=2461MB
  [84150s] nodes=90551073 memo=84616864 rss=2461MB
  [84165s] nodes=90565147 memo=84629978 rss=2461MB
  [84180s] nodes=90578984 memo=84642822 rss=2461MB
  [84195s] nodes=90593013 memo=84655707 rss=2461MB
  [84210s] nodes=90606943 memo=84668138 rss=2461MB
  [84225s] nodes=90621526 memo=84681166 rss=2461MB
  [84240s] nodes=90635575 memo=84693724 rss=2461MB
  [84255s] nodes=90649555 memo=84706276 rss=2461MB
  [84270s] nodes=90663734 memo=84718815 rss=2461MB
  [84285s] nodes=90678240 memo=84731702 rss=2461MB
  [84300s] nodes=90692173 memo=84744129 rss=2461MB
  [84315s] nodes=90706111 memo=84756560 rss=2461MB
  [84330s] nodes=90720666 memo=84769611 rss=2461MB
  [84345s] nodes=90735190 memo=84782693 rss=2461MB
  [84360s] nodes=90749030 memo=84795176 rss=2461MB
  [84375s] nodes=90763275 memo=84807989 rss=2461MB
  [84390s] nodes=90777104 memo=84820401 rss=2461MB
  [84405s] nodes=90790532 memo=84832397 rss=2461MB
  [84420s] nodes=90804492 memo=84844784 rss=2461MB
  [84435s] nodes=90818576 memo=84857261 rss=2461MB
  [84450s] nodes=90832684 memo=84869848 rss=2461MB
  [84465s] nodes=90846634 memo=84882388 rss=2461MB
  [84480s] nodes=90860502 memo=84894848 rss=2461MB
  [84495s] nodes=90874094 memo=84907065 rss=2461MB
  [84510s] nodes=90887944 memo=84919011 rss=2461MB
  [84525s] nodes=90902032 memo=84930989 rss=2461MB
  [84540s] nodes=90915972 memo=84942920 rss=2461MB
  [84555s] nodes=90930195 memo=84955100 rss=2461MB
  [84570s] nodes=90944411 memo=84967308 rss=2461MB
  [84585s] nodes=90958699 memo=84979514 rss=2461MB
  [84600s] nodes=90972447 memo=84991665 rss=2461MB
  [84615s] nodes=90986147 memo=85004142 rss=2461MB
  [84630s] nodes=91000394 memo=85016949 rss=2461MB
  [84645s] nodes=91014496 memo=85029571 rss=2461MB
  [84660s] nodes=91028603 memo=85042250 rss=2461MB
  [84675s] nodes=91042364 memo=85054680 rss=2461MB
  [84690s] nodes=91055969 memo=85066926 rss=2461MB
  [84705s] nodes=91070162 memo=85079781 rss=2461MB
  [84720s] nodes=91084813 memo=85092852 rss=2461MB
  [84735s] nodes=91099906 memo=85106244 rss=2461MB
  [84750s] nodes=91114593 memo=85119424 rss=2461MB
  [84765s] nodes=91129965 memo=85133138 rss=2461MB
  [84780s] nodes=91144730 memo=85146107 rss=2461MB
  [84795s] nodes=91159704 memo=85159496 rss=2461MB
  [84810s] nodes=91174052 memo=85172379 rss=2461MB
  [84825s] nodes=91189040 memo=85185863 rss=2461MB
  [84840s] nodes=91204343 memo=85199531 rss=2461MB
  [84855s] nodes=91219233 memo=85212659 rss=2461MB
  [84870s] nodes=91233344 memo=85225349 rss=2461MB
  [84885s] nodes=91247940 memo=85238366 rss=2461MB
  [84900s] nodes=91262116 memo=85250953 rss=2461MB
  [84915s] nodes=91276443 memo=85263682 rss=2461MB
  [84930s] nodes=91291261 memo=85276912 rss=2461MB
  [84945s] nodes=91305957 memo=85289809 rss=2461MB
  [84960s] nodes=91320329 memo=85302700 rss=2461MB
  [84975s] nodes=91334961 memo=85315633 rss=2461MB
  [84990s] nodes=91349173 memo=85328245 rss=2461MB
  [85005s] nodes=91363133 memo=85340894 rss=2461MB
  [85020s] nodes=91377448 memo=85353626 rss=2461MB
  [85035s] nodes=91392428 memo=85366899 rss=2461MB
  [85050s] nodes=91406973 memo=85379888 rss=2461MB
  [85065s] nodes=91421123 memo=85392485 rss=2461MB
  [85080s] nodes=91435125 memo=85404915 rss=2461MB
  [85095s] nodes=91449615 memo=85417860 rss=2461MB
  [85110s] nodes=91464323 memo=85430945 rss=2461MB
  [85125s] nodes=91479292 memo=85444336 rss=2461MB
  [85140s] nodes=91493927 memo=85457452 rss=2461MB
  [85155s] nodes=91508258 memo=85470207 rss=2461MB
  [85170s] nodes=91523234 memo=85483486 rss=2461MB
  [85185s] nodes=91537951 memo=85496558 rss=2461MB
  [85200s] nodes=91552928 memo=85509803 rss=2461MB
  [85215s] nodes=91567760 memo=85522811 rss=2461MB
  [85230s] nodes=91582748 memo=85535955 rss=2461MB
  [85245s] nodes=91598342 memo=85549904 rss=2461MB
  [85260s] nodes=91614131 memo=85563611 rss=2461MB
  [85275s] nodes=91629649 memo=85577445 rss=2461MB
  [85290s] nodes=91644155 memo=85590658 rss=2461MB
  [85305s] nodes=91658507 memo=85603753 rss=2461MB
  [85320s] nodes=91673792 memo=85617592 rss=2461MB
  [85335s] nodes=91688702 memo=85631194 rss=2461MB
  [85350s] nodes=91703262 memo=85644504 rss=2461MB
  [85365s] nodes=91718345 memo=85658306 rss=2461MB
  [85380s] nodes=91734191 memo=85672830 rss=2461MB
  [85395s] nodes=91749394 memo=85686743 rss=2461MB
  [85410s] nodes=91763814 memo=85700000 rss=2461MB
  [85425s] nodes=91778232 memo=85713173 rss=2461MB
  [85440s] nodes=91792632 memo=85725962 rss=2461MB
  [85455s] nodes=91807182 memo=85738765 rss=2461MB
  [85470s] nodes=91823132 memo=85752621 rss=2461MB
  [85485s] nodes=91838632 memo=85766186 rss=2461MB
  [85500s] nodes=91854247 memo=85779873 rss=2461MB
  [85515s] nodes=91869911 memo=85793656 rss=2461MB
  [85530s] nodes=91885445 memo=85807349 rss=2461MB
  [85545s] nodes=91901186 memo=85821040 rss=2461MB
  [85560s] nodes=91917345 memo=85835116 rss=2461MB
  [85575s] nodes=91933249 memo=85849166 rss=2461MB
  [85590s] nodes=91948865 memo=85862917 rss=2461MB
  [85605s] nodes=91964741 memo=85876850 rss=2461MB
  [85620s] nodes=91979700 memo=85890150 rss=2461MB
  [85635s] nodes=91994754 memo=85903361 rss=2461MB
  [85650s] nodes=92009149 memo=85916086 rss=2461MB
  [85665s] nodes=92024512 memo=85929592 rss=2461MB
  [85680s] nodes=92039677 memo=85942892 rss=2461MB
  [85695s] nodes=92054012 memo=85955594 rss=2461MB
  [85710s] nodes=92068796 memo=85968611 rss=2461MB
  [85725s] nodes=92083736 memo=85981743 rss=2461MB
  [85740s] nodes=92098486 memo=85994670 rss=2461MB
  [85755s] nodes=92112780 memo=86007228 rss=2461MB
  [85770s] nodes=92127880 memo=86020359 rss=2461MB
  [85785s] nodes=92143902 memo=86033841 rss=2461MB
  [85800s] nodes=92159177 memo=86047050 rss=2461MB
  [85815s] nodes=92174245 memo=86060266 rss=2461MB
  [85830s] nodes=92189177 memo=86073369 rss=2461MB
  [85845s] nodes=92204897 memo=86087022 rss=2461MB
  [85860s] nodes=92219496 memo=86099828 rss=2461MB
  [85875s] nodes=92234427 memo=86113002 rss=2461MB
  [85890s] nodes=92249855 memo=86126578 rss=2461MB
  [85905s] nodes=92265099 memo=86139947 rss=2461MB
  [85920s] nodes=92280318 memo=86153240 rss=2461MB
  [85935s] nodes=92295615 memo=86166581 rss=2461MB
  [85950s] nodes=92310724 memo=86179773 rss=2461MB
  [85965s] nodes=92325689 memo=86192850 rss=2461MB
  [85980s] nodes=92340309 memo=86205599 rss=2461MB
  [85995s] nodes=92355090 memo=86218465 rss=2461MB
  [86010s] nodes=92370040 memo=86231702 rss=2461MB
  [86025s] nodes=92385126 memo=86245081 rss=2461MB
  [86040s] nodes=92399733 memo=86257990 rss=2461MB
  [86055s] nodes=92414733 memo=86271123 rss=2461MB
  [86070s] nodes=92429398 memo=86284228 rss=2461MB
  [86085s] nodes=92443515 memo=86296617 rss=2461MB
  [86100s] nodes=92458077 memo=86309467 rss=2461MB
  [86115s] nodes=92471463 memo=86321269 rss=2461MB
  [86130s] nodes=92485077 memo=86333134 rss=2461MB
  [86145s] nodes=92500266 memo=86346441 rss=2461MB
  [86160s] nodes=92514741 memo=86359396 rss=2461MB
  [86175s] nodes=92529485 memo=86373133 rss=2461MB
  [86190s] nodes=92544407 memo=86386987 rss=2461MB
  [86205s] nodes=92559245 memo=86400804 rss=2461MB
  [86220s] nodes=92574254 memo=86414699 rss=2461MB
  [86235s] nodes=92589220 memo=86428599 rss=2461MB
  [86250s] nodes=92604038 memo=86442222 rss=2461MB
  [86265s] nodes=92618759 memo=86455816 rss=2461MB
  [86280s] nodes=92632758 memo=86468909 rss=2461MB
  [86295s] nodes=92647686 memo=86482760 rss=2461MB
  [86310s] nodes=92661761 memo=86495544 rss=2461MB
  [86325s] nodes=92676224 memo=86508494 rss=2461MB
  [86340s] nodes=92690701 memo=86521512 rss=2461MB
  [86355s] nodes=92706168 memo=86535311 rss=2461MB
  [86370s] nodes=92720986 memo=86548503 rss=2461MB
  [86385s] nodes=92735528 memo=86561460 rss=2461MB
  [86400s] nodes=92750642 memo=86574803 rss=2461MB
  [86415s] nodes=92765554 memo=86587871 rss=2461MB
  [86430s] nodes=92780245 memo=86601019 rss=2461MB
  [86445s] nodes=92795370 memo=86614433 rss=2461MB
  [86460s] nodes=92810524 memo=86627938 rss=2461MB
  [86475s] nodes=92825288 memo=86641035 rss=2461MB
  [86490s] nodes=92840486 memo=86654687 rss=2461MB
  [86505s] nodes=92855154 memo=86667611 rss=2461MB
  [86520s] nodes=92869540 memo=86680762 rss=2461MB
  [86535s] nodes=92884801 memo=86694866 rss=2461MB
  [86550s] nodes=92899773 memo=86708665 rss=2461MB
  [86565s] nodes=92914250 memo=86722113 rss=2461MB
  [86580s] nodes=92928732 memo=86735511 rss=2461MB
  [86595s] nodes=92942546 memo=86748338 rss=2461MB
  [86610s] nodes=92956171 memo=86761031 rss=2461MB
  [86625s] nodes=92967349 memo=86771548 rss=2461MB
  [86640s] nodes=92978743 memo=86782125 rss=2461MB
  [86655s] nodes=92989998 memo=86792657 rss=2461MB
  [86670s] nodes=93002173 memo=86803989 rss=2461MB
  [86685s] nodes=93016917 memo=86817667 rss=2461MB
  [86700s] nodes=93031424 memo=86830942 rss=2461MB
  [86715s] nodes=93044967 memo=86843424 rss=2461MB
  [86730s] nodes=93058900 memo=86856258 rss=2461MB
  [86745s] nodes=93073233 memo=86869357 rss=2461MB
  [86760s] nodes=93088032 memo=86882955 rss=2461MB
  [86775s] nodes=93102830 memo=86897146 rss=2461MB
  [86790s] nodes=93115697 memo=86909554 rss=2461MB
  [86805s] nodes=93129202 memo=86922517 rss=2461MB
  [86820s] nodes=93143951 memo=86936678 rss=2461MB
  [86835s] nodes=93158978 memo=86950529 rss=2461MB
  [86850s] nodes=93172644 memo=86963309 rss=2461MB
  [86865s] nodes=93187051 memo=86976763 rss=2461MB
  [86880s] nodes=93202521 memo=86991566 rss=2461MB
  [86895s] nodes=93216708 memo=87005164 rss=2461MB
  [86910s] nodes=93230085 memo=87018047 rss=2461MB
  [86925s] nodes=93244067 memo=87031444 rss=2461MB
  [86940s] nodes=93258734 memo=87045409 rss=2461MB
  [86955s] nodes=93273846 memo=87059462 rss=2461MB
  [86970s] nodes=93288870 memo=87073851 rss=2461MB
  [86985s] nodes=93303811 memo=87088346 rss=2461MB
  [87000s] nodes=93318449 memo=87102563 rss=2461MB
  [87015s] nodes=93333079 memo=87116611 rss=2461MB
  [87030s] nodes=93347895 memo=87130966 rss=2461MB
  [87045s] nodes=93362521 memo=87145146 rss=2461MB
  [87060s] nodes=93377275 memo=87159468 rss=2461MB
  [87075s] nodes=93392445 memo=87174188 rss=2461MB
  [87090s] nodes=93408024 memo=87189245 rss=2461MB
  [87105s] nodes=93423494 memo=87204142 rss=2461MB
  [87120s] nodes=93438446 memo=87218579 rss=2461MB
  [87135s] nodes=93453344 memo=87232989 rss=2461MB
  [87150s] nodes=93467086 memo=87246369 rss=2461MB
  [87165s] nodes=93480052 memo=87258638 rss=2461MB
  [87180s] nodes=93493143 memo=87270799 rss=2461MB
  [87195s] nodes=93506817 memo=87283767 rss=2461MB
  [87210s] nodes=93520122 memo=87296522 rss=2461MB
  [87225s] nodes=93533609 memo=87309463 rss=2461MB
  [87240s] nodes=93547850 memo=87323113 rss=2461MB
  [87255s] nodes=93563053 memo=87337709 rss=2461MB
  [87270s] nodes=93577596 memo=87351434 rss=2461MB
  [87285s] nodes=93592847 memo=87366095 rss=2461MB
  [87300s] nodes=93607276 memo=87379937 rss=2461MB
  [87315s] nodes=93621916 memo=87394037 rss=2461MB
  [87330s] nodes=93637068 memo=87408631 rss=2461MB
  [87345s] nodes=93650549 memo=87421625 rss=2461MB
  [87360s] nodes=93665109 memo=87435684 rss=2461MB
  [87375s] nodes=93679318 memo=87449311 rss=2461MB
  [87390s] nodes=93692753 memo=87462282 rss=2461MB
  [87405s] nodes=93706245 memo=87475286 rss=2461MB
  [87420s] nodes=93719375 memo=87488009 rss=2461MB
  [87435s] nodes=93732896 memo=87501096 rss=2461MB
  [87450s] nodes=93746038 memo=87513763 rss=2461MB
  [87465s] nodes=93758646 memo=87525951 rss=2461MB
  [87480s] nodes=93772659 memo=87539453 rss=2461MB
  [87495s] nodes=93786258 memo=87551849 rss=2461MB
  [87510s] nodes=93799694 memo=87564236 rss=2461MB
  [87525s] nodes=93811866 memo=87575532 rss=2461MB
  [87540s] nodes=93824885 memo=87587606 rss=2461MB
  [87555s] nodes=93837905 memo=87599772 rss=2461MB
  [87570s] nodes=93851157 memo=87612186 rss=2461MB
  [87585s] nodes=93864636 memo=87624814 rss=2461MB
  [87600s] nodes=93877783 memo=87636984 rss=2461MB
  [87615s] nodes=93890980 memo=87649301 rss=2461MB
  [87630s] nodes=93905838 memo=87663151 rss=2461MB
  [87645s] nodes=93920519 memo=87676823 rss=2461MB
  [87660s] nodes=93935662 memo=87690201 rss=2461MB
  [87675s] nodes=93949341 memo=87702583 rss=2461MB
  [87690s] nodes=93963580 memo=87715871 rss=2461MB
  [87705s] nodes=93978023 memo=87729399 rss=2461MB
  [87720s] nodes=93992420 memo=87742952 rss=2461MB
  [87735s] nodes=94007426 memo=87756780 rss=2461MB
  [87750s] nodes=94022043 memo=87769829 rss=2461MB
  [87765s] nodes=94036399 memo=87782790 rss=2461MB
  [87780s] nodes=94051265 memo=87796648 rss=2461MB
  [87795s] nodes=94064463 memo=87809102 rss=2461MB
  [87810s] nodes=94078853 memo=87822594 rss=2461MB
  [87825s] nodes=94093805 memo=87836377 rss=2461MB
  [87840s] nodes=94108673 memo=87850370 rss=2461MB
  [87855s] nodes=94123350 memo=87863999 rss=2461MB
  [87870s] nodes=94137628 memo=87877282 rss=2461MB
  [87885s] nodes=94151533 memo=87890056 rss=2461MB
  [87900s] nodes=94164899 memo=87902355 rss=2461MB
  [87915s] nodes=94177471 memo=87913920 rss=2461MB
  [87930s] nodes=94190571 memo=87926126 rss=2461MB
  [87945s] nodes=94203311 memo=87938070 rss=2461MB
  [87960s] nodes=94216973 memo=87950788 rss=2461MB
  [87975s] nodes=94230443 memo=87963345 rss=2461MB
  [87990s] nodes=94244270 memo=87976143 rss=2461MB
  [88005s] nodes=94259581 memo=87990289 rss=2461MB
  [88020s] nodes=94275763 memo=88005187 rss=2461MB
  [88035s] nodes=94291646 memo=88019880 rss=2461MB
  [88050s] nodes=94306877 memo=88034027 rss=2461MB
  [88065s] nodes=94321691 memo=88047725 rss=2461MB
  [88080s] nodes=94336640 memo=88061656 rss=2461MB
  [88095s] nodes=94350358 memo=88074489 rss=2461MB
  [88110s] nodes=94364350 memo=88087538 rss=2461MB
  [88125s] nodes=94378440 memo=88100600 rss=2461MB
  [88140s] nodes=94392539 memo=88113657 rss=2461MB
  [88155s] nodes=94406257 memo=88126433 rss=2461MB
  [88170s] nodes=94420065 memo=88139278 rss=2461MB
  [88185s] nodes=94435329 memo=88153420 rss=2461MB
  [88200s] nodes=94450778 memo=88167733 rss=2461MB
  [88215s] nodes=94466923 memo=88182213 rss=2461MB
  [88230s] nodes=94482923 memo=88197119 rss=2461MB
  [88245s] nodes=94498738 memo=88211780 rss=2461MB
  [88260s] nodes=94513760 memo=88225702 rss=2461MB
  [88275s] nodes=94529467 memo=88240202 rss=2461MB
  [88290s] nodes=94544581 memo=88254277 rss=2461MB
  [88305s] nodes=94559598 memo=88268322 rss=2461MB
  [88320s] nodes=94574506 memo=88282230 rss=2461MB
  [88335s] nodes=94589390 memo=88296177 rss=2461MB
  [88350s] nodes=94603920 memo=88309686 rss=2461MB
  [88365s] nodes=94619128 memo=88323856 rss=2461MB
  [88380s] nodes=94634083 memo=88337746 rss=2461MB
  [88395s] nodes=94648764 memo=88351358 rss=2461MB
  [88410s] nodes=94663310 memo=88364334 rss=2461MB
  [88425s] nodes=94676252 memo=88376031 rss=2461MB
  [88440s] nodes=94689539 memo=88388416 rss=2461MB
  [88455s] nodes=94702790 memo=88400734 rss=2461MB
  [88470s] nodes=94716908 memo=88413955 rss=2461MB
