stratum	z2,z3,z4,z5,z6,z7,z8	n_nonsingular	n_zero_disc	n_split_distinct	n_good	n_good_lambda1	n_good_conjugate	n_onepoint	exh_split9	exh_deg8
rank1-graph	0,1,0,0,0,0,0	1326	156	546	78	0	78	0	6890	2088
rank1-offgraph	0,1,1,1,2,2,2	1326	156	546	78	0	78	0	6890	2088
rank1-offgraph	0,1,2,1,1,2,1	1326	156	546	78	0	78	0	6890	2088
rank1-offgraph	0,1,3,9,8,24,26	1326	156	546	78	0	78	0	6890	2088
rank1-offgraph	0,1,4,16,7,19,18	1326	156	546	78	0	78	0	6890	2088
rank1-offgraph	0,1,5,13,6,21,23	1326	156	546	78	0	78	0	6890	2088
rank1-offgraph	0,1,6,9,4,24,13	1326	156	546	78	0	78	0	6890	2088
rank1-offgraph	0,1,7,13,3,21,16	1326	156	546	78	0	78	0	6890	2088
rank1-offgraph	0,1,8,16,5,19,9	1326	156	546	78	0	78	0	6890	2088
rank1-offgraph	0,1,9,12,23,10,21	1326	156	546	78	0	78	0	6890	2088
rank1-offgraph	0,1,10,4,22,23,3	1326	156	546	78	0	78	0	6890	2088
rank1-offgraph	0,1,11,22,21,7,10	1326	156	546	78	0	78	0	6890	2088
rank1-offgraph	0,1,12,20,19,8,14	1326	156	546	78	0	78	0	6890	2088
rank1-offgraph	0,1,13,15,18,14,19	1326	156	546	78	0	78	0	6890	2088
rank1-offgraph	0,1,14,3,20,18,5	1326	156	546	78	0	78	0	6890	2088
rank1-offgraph	0,1,15,25,24,6,17	1326	156	546	78	0	78	0	6890	2088
rank1-offgraph	0,1,16,11,26,17,24	1326	156	546	78	0	78	0	6890	2088
rank1-offgraph	0,1,17,5,25,26,4	1326	156	546	78	0	78	0	6890	2088
rank1-offgraph	0,1,18,12,16,10,15	1326	156	546	78	0	78	0	6890	2088
rank1-offgraph	0,1,19,22,15,7,20	1326	156	546	78	0	78	0	6890	2088
rank1-offgraph	0,1,20,4,17,23,6	1326	156	546	78	0	78	0	6890	2088
rank1-offgraph	0,1,21,25,12,6,22	1326	156	546	78	0	78	0	6890	2088
rank1-offgraph	0,1,22,5,14,26,8	1326	156	546	78	0	78	0	6890	2088
rank1-offgraph	0,1,23,11,13,17,12	1326	156	546	78	0	78	0	6890	2088
rank1-offgraph	0,1,24,20,11,8,25	1326	156	546	78	0	78	0	6890	2088
rank1-offgraph	0,1,25,3,10,18,7	1326	156	546	78	0	78	0	6890	2088
rank1-offgraph	0,1,26,15,9,14,11	1326	156	546	78	0	78	0	6890	2028
rank2-random	0,0,1,0,9,17,2	1012	59	415	209	56	153	0	6166	2763
rank1-offgraph	0,0,1,0,0,1,1	1012	39	444	231	51	180	0	6088	2599
rank1-offgraph	0,0,1,0,0,2,1	1012	39	444	231	51	180	0	6088	2674
rank1-offgraph	0,0,1,0,0,3,15	1012	39	444	231	51	180	0	6088	2549
rank1-offgraph	0,0,1,0,0,4,12	1012	39	444	231	51	180	0	6088	2518
rank1-offgraph	0,0,1,0,0,5,11	1012	39	444	231	51	180	0	6088	2599
rank1-offgraph	0,0,1,0,0,6,15	1012	39	444	231	51	180	0	6088	2534
rank1-offgraph	0,0,1,0,0,7,11	1012	39	444	231	51	180	0	6088	2674
rank1-offgraph	0,0,1,0,0,8,12	1012	39	444	231	51	180	0	6088	2532
rank1-offgraph	0,0,1,0,0,9,25	1012	39	444	231	51	180	0	6088	2652
rank1-offgraph	0,0,1,0,0,10,9	1012	39	444	231	51	180	0	6088	2441
rank1-offgraph	0,0,1,0,0,11,4	1012	39	444	231	51	180	0	6088	2549
rank1-offgraph	0,0,1,0,0,12,3	1012	39	444	231	51	180	0	6088	2402
rank1-offgraph	0,0,1,0,0,13,22	1012	39	444	231	51	180	0	6088	2518
rank1-offgraph	0,0,1,0,0,14,13	1012	39	444	231	51	180	0	6088	2441
rank1-offgraph	0,0,1,0,0,15,5	1012	39	444	231	51	180	0	6088	2599
rank1-offgraph	0,0,1,0,0,16,20	1012	39	444	231	51	180	0	6088	2549
rank1-offgraph	0,0,1,0,0,17,16	1012	39	444	231	51	180	0	6088	2532
rank1-offgraph	0,0,1,0,0,18,25	1012	39	444	231	51	180	0	6088	2711
rank1-offgraph	0,0,1,0,0,19,4	1012	39	444	231	51	180	0	6088	2534
rank1-offgraph	0,0,1,0,0,20,9	1012	39	444	231	51	180	0	6088	2402
rank1-offgraph	0,0,1,0,0,21,5	1012	39	444	231	51	180	0	6088	2674
rank1-offgraph	0,0,1,0,0,22,16	1012	39	444	231	51	180	0	6088	2518
rank1-offgraph	0,0,1,0,0,23,20	1012	39	444	231	51	180	0	6088	2534
rank1-offgraph	0,0,1,0,0,24,3	1012	39	444	231	51	180	0	6088	2441
rank1-offgraph	0,0,1,0,0,25,13	1012	39	444	231	51	180	0	6088	2402
rank1-offgraph	0,0,1,0,0,26,22	1012	39	444	231	51	180	0	6088	2532
rank1-offgraph	0,0,1,1,0,0,1	1012	39	444	231	51	180	0	6088	2532
rank1-offgraph	0,0,1,1,0,2,0	1012	39	444	231	51	180	0	6088	2518
rank1-offgraph	0,0,1,1,0,3,14	1012	39	444	231	51	180	0	6088	2549
rank1-offgraph	0,0,1,1,0,4,10	1012	39	444	231	51	180	0	6088	2402
rank1-offgraph	0,0,1,1,0,5,17	1012	39	444	231	51	180	0	6088	2549
rank1-offgraph	0,0,1,1,0,6,9	1012	39	444	231	51	180	0	6088	2534
rank1-offgraph	0,0,1,1,0,7,13	1012	39	444	231	51	180	0	6088	2441
rank1-offgraph	0,0,1,1,0,8,16	1012	39	444	231	51	180	0	6088	2534
rank1-offgraph	0,0,1,1,0,9,13	1012	39	444	231	51	180	0	6088	2652
rank1-offgraph	0,0,1,1,0,10,8	1012	39	444	231	51	180	0	6088	2518
rank1-offgraph	0,0,1,1,0,11,20	1012	39	444	231	51	180	0	6088	2532
rank1-offgraph	0,0,1,1,0,12,25	1012	39	444	231	51	180	0	6088	2674
rank1-offgraph	0,0,1,1,0,13,16	1012	39	444	231	51	180	0	6088	2402
rank1-offgraph	0,0,1,1,0,14,6	1012	39	444	231	51	180	0	6088	2402
rank1-offgraph	0,0,1,1,0,15,22	1012	39	444	231	51	180	0	6088	2534
rank1-offgraph	0,0,1,1,0,16,9	1012	39	444	231	51	180	0	6088	2599
rank1-offgraph	0,0,1,1,0,17,7	1012	39	444	231	51	180	0	6088	2599
rank1-offgraph	0,0,1,1,0,18,0	1012	39	444	231	51	180	0	6088	2518
rank1-offgraph	0,0,1,1,0,19,17	1012	39	444	231	51	180	0	6088	2532
rank1-offgraph	0,0,1,1,0,20,21	1012	39	444	231	51	180	0	6088	2711
rank1-offgraph	0,0,1,1,0,21,14	1012	39	444	231	51	180	0	6088	2674
rank1-offgraph	0,0,1,1,0,22,24	1012	39	444	231	51	180	0	6088	2674
rank1-offgraph	0,0,1,1,0,23,0	1012	39	444	231	51	180	0	6088	2549
rank1-offgraph	0,0,1,1,0,24,10	1012	39	444	231	51	180	0	6088	2441
rank1-offgraph	0,0,1,1,0,25,19	1012	39	444	231	51	180	0	6088	2441
rank1-offgraph	0,0,1,1,0,26,0	1012	39	444	231	51	180	0	6088	2599
rank1-offgraph	0,0,1,2,0,0,1	1012	39	444	231	51	180	0	6088	2441
rank1-offgraph	0,0,1,2,0,1,0	1012	39	444	231	51	180	0	6088	2402
rank1-offgraph	0,0,1,2,0,3,9	1012	39	444	231	51	180	0	6088	2674
rank1-offgraph	0,0,1,2,0,4,16	1012	39	444	231	51	180	0	6088	2532
rank1-offgraph	0,0,1,2,0,5,13	1012	39	444	231	51	180	0	6088	2441
rank1-offgraph	0,0,1,2,0,6,14	1012	39	444	231	51	180	0	6088	2518
rank1-offgraph	0,0,1,2,0,7,17	1012	39	444	231	51	180	0	6088	2599
rank1-offgraph	0,0,1,2,0,8,10	1012	39	444	231	51	180	0	6088	2402
rank1-offgraph	0,0,1,2,0,9,0	1012	39	444	231	51	180	0	6088	2652
rank1-offgraph	0,0,1,2,0,10,21	1012	39	444	231	51	180	0	6088	2534
rank1-offgraph	0,0,1,2,0,11,17	1012	39	444	231	51	180	0	6088	2674
rank1-offgraph	0,0,1,2,0,12,10	1012	39	444	231	51	180	0	6088	2534
rank1-offgraph	0,0,1,2,0,13,0	1012	39	444	231	51	180	0	6088	2549
rank1-offgraph	0,0,1,2,0,14,19	1012	39	444	231	51	180	0	6088	2532
rank1-offgraph	0,0,1,2,0,15,14	1012	39	444	231	51	180	0	6088	2674
rank1-offgraph	0,0,1,2,0,16,0	1012	39	444	231	51	180	0	6088	2518
rank1-offgraph	0,0,1,2,0,17,24	1012	39	444	231	51	180	0	6088	2441
rank1-offgraph	0,0,1,2,0,18,13	1012	39	444	231	51	180	0	6088	2549
rank1-offgraph	0,0,1,2,0,19,20	1012	39	444	231	51	180	0	6088	2711
rank1-offgraph	0,0,1,2,0,20,8	1012	39	444	231	51	180	0	6088	2599
rank1-offgraph	0,0,1,2,0,21,22	1012	39	444	231	51	180	0	6088	2532
rank1-offgraph	0,0,1,2,0,22,7	1012	39	444	231	51	180	0	6088	2599
rank1-offgraph	0,0,1,2,0,23,9	1012	39	444	231	51	180	0	6088	2402
rank1-offgraph	0,0,1,2,0,24,25	1012	39	444	231	51	180	0	6088	2534
rank1-offgraph	0,0,1,2,0,25,6	1012	39	444	231	51	180	0	6088	2549
rank1-offgraph	0,0,1,2,0,26,16	1012	39	444	231	51	180	0	6088	2518
rank1-offgraph	0,0,1,3,0,0,12	1012	39	444	231	51	180	0	6088	2402
rank1-offgraph	0,0,1,3,0,1,9	1012	39	444	231	51	180	0	6088	2518
rank1-offgraph	0,0,1,3,0,2,17	1012	39	444	231	51	180	0	6088	2599
rank1-offgraph	0,0,1,3,0,3,10	1012	39	444	231	51	180	0	6088	2402
rank1-offgraph	0,0,1,3,0,5,16	1012	39	444	231	51	180	0	6088	2441
rank1-offgraph	0,0,1,3,0,6,2	1012	39	444	231	51	180	0	6088	2674
rank1-offgraph	0,0,1,3,0,7,0	1012	39	444	231	51	180	0	6088	2532
rank1-offgraph	0,0,1,3,0,8,0	1012	39	444	231	51	180	0	6088	2441
rank1-offgraph	0,0,1,3,0,9,11	1012	39	444	231	51	180	0	6088	2652
rank1-offgraph	0,0,1,3,0,10,0	1012	39	444	231	51	180	0	6088	2534
rank1-offgraph	0,0,1,3,0,11,18	1012	39	444	231	51	180	0	6088	2674
rank1-offgraph	0,0,1,3,0,12,17	1012	39	444	231	51	180	0	6088	2532
rank1-offgraph	0,0,1,3,0,13,5	1012	39	444	231	51	180	0	6088	2534
rank1-offgraph	0,0,1,3,0,14,19	1012	39	444	231	51	180	0	6088	2549
rank1-offgraph	0,0,1,3,0,15,8	1012	39	444	231	51	180	0	6088	2518
rank1-offgraph	0,0,1,3,0,16,19	1012	39	444	231	51	180	0	6088	2441
rank1-offgraph	0,0,1,3,0,17,14	1012	39	444	231	51	180	0	6088	2674
rank1-offgraph	0,0,1,3,0,18,18	1012	39	444	231	51	180	0	6088	2599
rank1-offgraph	0,0,1,3,0,19,5	1012	39	444	231	51	180	0	6088	2402
rank1-offgraph	0,0,1,3,0,20,15	1012	39	444	231	51	180	0	6088	2532
rank1-offgraph	0,0,1,3,0,21,26	1012	39	444	231	51	180	0	6088	2534
rank1-offgraph	0,0,1,3,0,22,6	1012	39	444	231	51	180	0	6088	2549
rank1-offgraph	0,0,1,3,0,23,15	1012	39	444	231	51	180	0	6088	2518
rank1-offgraph	0,0,1,3,0,24,16	1012	39	444	231	51	180	0	6088	2599
rank1-offgraph	0,0,1,3,0,25,22	1012	39	444	231	51	180	0	6088	2549
rank1-offgraph	0,0,1,3,0,26,0	1012	39	444	231	51	180	0	6088	2711
rank1-offgraph	0,0,1,4,0,0,11	1012	39	444	231	51	180	0	6088	2532
rank1-offgraph	0,0,1,4,0,1,16	1012	39	444	231	51	180	0	6088	2534
rank1-offgraph	0,0,1,4,0,2,14	1012	39	444	231	51	180	0	6088	2674
rank1-offgraph	0,0,1,4,0,3,13	1012	39	444	231	51	180	0	6088	2599
rank1-offgraph	0,0,1,4,0,4,17	1012	39	444	231	51	180	0	6088	2674
rank1-offgraph	0,0,1,4,0,6,0	1012	39	444	231	51	180	0	6088	2549
rank1-offgraph	0,0,1,4,0,7,0	1012	39	444	231	51	180	0	6088	2518
rank1-offgraph	0,0,1,4,0,8,2	1012	39	444	231	51	180	0	6088	2599
rank1-offgraph	0,0,1,4,0,9,3	1012	39	444	231	51	180	0	6088	2652
rank1-offgraph	0,0,1,4,0,10,21	1012	39	444	231	51	180	0	6088	2441
rank1-offgraph	0,0,1,4,0,11,14	1012	39	444	231	51	180	0	6088	2549
rank1-offgraph	0,0,1,4,0,12,7	1012	39	444	231	51	180	0	6088	2441
rank1-offgraph	0,0,1,4,0,13,21	1012	39	444	231	51	180	0	6088	2402
rank1-offgraph	0,0,1,4,0,14,10	1012	39	444	231	51	180	0	6088	2518
rank1-offgraph	0,0,1,4,0,15,23	1012	39	444	231	51	180	0	6088	2549
rank1-offgraph	0,0,1,4,0,16,15	1012	39	444	231	51	180	0	6088	2532
rank1-offgraph	0,0,1,4,0,17,0	1012	39	444	231	51	180	0	6088	2599
rank1-offgraph	0,0,1,4,0,18,0	1012	39	444	231	51	180	0	6088	2518
rank1-offgraph	0,0,1,4,0,19,13	1012	39	444	231	51	180	0	6088	2534
rank1-offgraph	0,0,1,4,0,20,25	1012	39	444	231	51	180	0	6088	2674
rank1-offgraph	0,0,1,4,0,21,3	1012	39	444	231	51	180	0	6088	2441
rank1-offgraph	0,0,1,4,0,22,12	1012	39	444	231	51	180	0	6088	2402
rank1-offgraph	0,0,1,4,0,23,23	1012	39	444	231	51	180	0	6088	2532
rank1-offgraph	0,0,1,4,0,24,18	1012	39	444	231	51	180	0	6088	2402
rank1-offgraph	0,0,1,4,0,25,8	1012	39	444	231	51	180	0	6088	2711
rank1-offgraph	0,0,1,4,0,26,12	1012	39	444	231	51	180	0	6088	2534
rank1-offgraph	0,0,1,5,0,0,15	1012	39	444	231	51	180	0	6088	2534
rank1-offgraph	0,0,1,5,0,1,13	1012	39	444	231	51	180	0	6088	2534
rank1-offgraph	0,0,1,5,0,2,10	1012	39	444	231	51	180	0	6088	2441
rank1-offgraph	0,0,1,5,0,4,9	1012	39	444	231	51	180	0	6088	2518
rank1-offgraph	0,0,1,5,0,5,14	1012	39	444	231	51	180	0	6088	2532
rank1-offgraph	0,0,1,5,0,6,0	1012	39	444	231	51	180	0	6088	2549
rank1-offgraph	0,0,1,5,0,7,2	1012	39	444	231	51	180	0	6088	2402
rank1-offgraph	0,0,1,5,0,8,0	1012	39	444	231	51	180	0	6088	2549
rank1-offgraph	0,0,1,5,0,9,24	1012	39	444	231	51	180	0	6088	2652
rank1-offgraph	0,0,1,5,0,10,17	1012	39	444	231	51	180	0	6088	2518
rank1-offgraph	0,0,1,5,0,11,6	1012	39	444	231	51	180	0	6088	2532
rank1-offgraph	0,0,1,5,0,12,26	1012	39	444	231	51	180	0	6088	2402
rank1-offgraph	0,0,1,5,0,13,12	1012	39	444	231	51	180	0	6088	2674
rank1-offgraph	0,0,1,5,0,14,0	1012	39	444	231	51	180	0	6088	2402
rank1-offgraph	0,0,1,5,0,15,10	1012	39	444	231	51	180	0	6088	2599
rank1-offgraph	0,0,1,5,0,16,4	1012	39	444	231	51	180	0	6088	2599
rank1-offgraph	0,0,1,5,0,17,24	1012	39	444	231	51	180	0	6088	2534
rank1-offgraph	0,0,1,5,0,18,11	1012	39	444	231	51	180	0	6088	2674
rank1-offgraph	0,0,1,5,0,19,23	1012	39	444	231	51	180	0	6088	2549
rank1-offgraph	0,0,1,5,0,20,7	1012	39	444	231	51	180	0	6088	2674
rank1-offgraph	0,0,1,5,0,21,9	1012	39	444	231	51	180	0	6088	2441
rank1-offgraph	0,0,1,5,0,22,20	1012	39	444	231	51	180	0	6088	2441
rank1-offgraph	0,0,1,5,0,23,0	1012	39	444	231	51	180	0	6088	2599
rank1-offgraph	0,0,1,5,0,24,4	1012	39	444	231	51	180	0	6088	2711
rank1-offgraph	0,0,1,5,0,25,11	1012	39	444	231	51	180	0	6088	2518
rank1-offgraph	0,0,1,5,0,26,26	1012	39	444	231	51	180	0	6088	2532
rank1-offgraph	0,0,1,6,0,0,12	1012	39	444	231	51	180	0	6088	2599
rank1-offgraph	0,0,1,6,0,1,17	1012	39	444	231	51	180	0	6088	2549
rank1-offgraph	0,0,1,6,0,2,9	1012	39	444	231	51	180	0	6088	2518
rank1-offgraph	0,0,1,6,0,3,2	1012	39	444	231	51	180	0	6088	2534
rank1-offgraph	0,0,1,6,0,4,0	1012	39	444	231	51	180	0	6088	2674
rank1-offgraph	0,0,1,6,0,5,0	1012	39	444	231	51	180	0	6088	2532
rank1-offgraph	0,0,1,6,0,6,10	1012	39	444	231	51	180	0	6088	2599
rank1-offgraph	0,0,1,6,0,7,16	1012	39	444	231	51	180	0	6088	2674
rank1-offgraph	0,0,1,6,0,9,18	1012	39	444	231	51	180	0	6088	2652
rank1-offgraph	0,0,1,6,0,10,15	1012	39	444	231	51	180	0	6088	2441
rank1-offgraph	0,0,1,6,0,11,5	1012	39	444	231	51	180	0	6088	2549
rank1-offgraph	0,0,1,6,0,12,16	1012	39	444	231	51	180	0	6088	2518
rank1-offgraph	0,0,1,6,0,13,0	1012	39	444	231	51	180	0	6088	2441
rank1-offgraph	0,0,1,6,0,14,22	1012	39	444	231	51	180	0	6088	2402
rank1-offgraph	0,0,1,6,0,15,26	1012	39	444	231	51	180	0	6088	2532
rank1-offgraph	0,0,1,6,0,16,15	1012	39	444	231	51	180	0	6088	2599
rank1-offgraph	0,0,1,6,0,17,6	1012	39	444	231	51	180	0	6088	2549
rank1-offgraph	0,0,1,6,0,18,11	1012	39	444	231	51	180	0	6088	2402
rank1-offgraph	0,0,1,6,0,19,18	1012	39	444	231	51	180	0	6088	2532
rank1-offgraph	0,0,1,6,0,20,0	1012	39	444	231	51	180	0	6088	2441
rank1-offgraph	0,0,1,6,0,21,8	1012	39	444	231	51	180	0	6088	2402
rank1-offgraph	0,0,1,6,0,22,14	1012	39	444	231	51	180	0	6088	2711
rank1-offgraph	0,0,1,6,0,23,19	1012	39	444	231	51	180	0	6088	2534
rank1-offgraph	0,0,1,6,0,24,17	1012	39	444	231	51	180	0	6088	2674
rank1-offgraph	0,0,1,6,0,25,19	1012	39	444	231	51	180	0	6088	2518
rank1-offgraph	0,0,1,6,0,26,5	1012	39	444	231	51	180	0	6088	2534
rank1-offgraph	0,0,1,7,0,0,15	1012	39	444	231	51	180	0	6088	2549
rank1-offgraph	0,0,1,7,0,1,10	1012	39	444	231	51	180	0	6088	2549
rank1-offgraph	0,0,1,7,0,2,13	1012	39	444	231	51	180	0	6088	2402
rank1-offgraph	0,0,1,7,0,3,0	1012	39	444	231	51	180	0	6088	2534
rank1-offgraph	0,0,1,7,0,4,0	1012	39	444	231	51	180	0	6088	2441
rank1-offgraph	0,0,1,7,0,5,2	1012	39	444	231	51	180	0	6088	2534
rank1-offgraph	0,0,1,7,0,7,14	1012	39	444	231	51	180	0	6088	2518
rank1-offgraph	0,0,1,7,0,8,9	1012	39	444	231	51	180	0	6088	2532
rank1-offgraph	0,0,1,7,0,9,11	1012	39	444	231	51	180	0	6088	2652
rank1-offgraph	0,0,1,7,0,10,7	1012	39	444	231	51	180	0	6088	2518
rank1-offgraph	0,0,1,7,0,11,23	1012	39	444	231	51	180	0	6088	2532
rank1-offgraph	0,0,1,7,0,12,4	1012	39	444	231	51	180	0	6088	2402
rank1-offgraph	0,0,1,7,0,13,26	1012	39	444	231	51	180	0	6088	2402
rank1-offgraph	0,0,1,7,0,14,11	1012	39	444	231	51	180	0	6088	2674
rank1-offgraph	0,0,1,7,0,15,9	1012	39	444	231	51	180	0	6088	2599
rank1-offgraph	0,0,1,7,0,16,0	1012	39	444	231	51	180	0	6088	2534
rank1-offgraph	0,0,1,7,0,17,20	1012	39	444	231	51	180	0	6088	2599
rank1-offgraph	0,0,1,7,0,18,24	1012	39	444	231	51	180	0	6088	2441
rank1-offgraph	0,0,1,7,0,19,6	1012	39	444	231	51	180	0	6088	2599
rank1-offgraph	0,0,1,7,0,20,17	1012	39	444	231	51	180	0	6088	2441
rank1-offgraph	0,0,1,7,0,21,10	1012	39	444	231	51	180	0	6088	2711
rank1-offgraph	0,0,1,7,0,22,24	1012	39	444	231	51	180	0	6088	2518
rank1-offgraph	0,0,1,7,0,23,4	1012	39	444	231	51	180	0	6088	2532
rank1-offgraph	0,0,1,7,0,24,26	1012	39	444	231	51	180	0	6088	2674
rank1-offgraph	0,0,1,7,0,25,0	1012	39	444	231	51	180	0	6088	2674
rank1-offgraph	0,0,1,7,0,26,12	1012	39	444	231	51	180	0	6088	2549
rank1-offgraph	0,0,1,8,0,0,11	1012	39	444	231	51	180	0	6088	2441
rank1-offgraph	0,0,1,8,0,1,14	1012	39	444	231	51	180	0	6088	2674
rank1-offgraph	0,0,1,8,0,2,16	1012	39	444	231	51	180	0	6088	2532
rank1-offgraph	0,0,1,8,0,3,0	1012	39	444	231	51	180	0	6088	2518
rank1-offgraph	0,0,1,8,0,4,2	1012	39	444	231	51	180	0	6088	2599
rank1-offgraph	0,0,1,8,0,5,0	1012	39	444	231	51	180	0	6088	2402
rank1-offgraph	0,0,1,8,0,6,13	1012	39	444	231	51	180	0	6088	2402
rank1-offgraph	0,0,1,8,0,8,17	1012	39	444	231	51	180	0	6088	2441
rank1-offgraph	0,0,1,8,0,9,0	1012	39	444	231	51	180	0	6088	2652
rank1-offgraph	0,0,1,8,0,10,25	1012	39	444	231	51	180	0	6088	2534
rank1-offgraph	0,0,1,8,0,11,13	1012	39	444	231	51	180	0	6088	2674
rank1-offgraph	0,0,1,8,0,12,18	1012	39	444	231	51	180	0	6088	2549
rank1-offgraph	0,0,1,8,0,13,12	1012	39	444	231	51	180	0	6088	2532
rank1-offgraph	0,0,1,8,0,14,8	1012	39	444	231	51	180	0	6088	2534
rank1-offgraph	0,0,1,8,0,15,3	1012	39	444	231	51	180	0	6088	2441
rank1-offgraph	0,0,1,8,0,16,23	1012	39	444	231	51	180	0	6088	2674
rank1-offgraph	0,0,1,8,0,17,12	1012	39	444	231	51	180	0	6088	2518
rank1-offgraph	0,0,1,8,0,18,3	1012	39	444	231	51	180	0	6088	2549
rank1-offgraph	0,0,1,8,0,19,14	1012	39	444	231	51	180	0	6088	2518
rank1-offgraph	0,0,1,8,0,20,21	1012	39	444	231	51	180	0	6088	2534
rank1-offgraph	0,0,1,8,0,21,23	1012	39	444	231	51	180	0	6088	2599
rank1-offgraph	0,0,1,8,0,22,0	1012	39	444	231	51	180	0	6088	2549
rank1-offgraph	0,0,1,8,0,23,15	1012	39	444	231	51	180	0	6088	2711
rank1-offgraph	0,0,1,8,0,24,7	1012	39	444	231	51	180	0	6088	2532
rank1-offgraph	0,0,1,8,0,25,10	1012	39	444	231	51	180	0	6088	2599
rank1-offgraph	0,0,1,8,0,26,21	1012	39	444	231	51	180	0	6088	2402
rank1-offgraph	0,0,1,9,0,0,20	1012	39	444	231	51	180	0	6088	2534
rank1-offgraph	0,0,1,9,0,1,14	1012	39	444	231	51	180	0	6088	2532
rank1-offgraph	0,0,1,9,0,2,7	1012	39	444	231	51	180	0	6088	2402
rank1-offgraph	0,0,1,9,0,3,26	1012	39	444	231	51	180	0	6088	2532
rank1-offgraph	0,0,1,9,0,4,16	1012	39	444	231	51	180	0	6088	2674
rank1-offgraph	0,0,1,9,0,5,8	1012	39	444	231	51	180	0	6088	2599
rank1-offgraph	0,0,1,9,0,6,17	1012	39	444	231	51	180	0	6088	2549
rank1-offgraph	0,0,1,9,0,7,3	1012	39	444	231	51	180	0	6088	2441
rank1-offgraph	0,0,1,9,0,8,18	1012	39	444	231	51	180	0	6088	2532
rank1-offgraph	0,0,1,9,0,9,23	1012	39	444	231	51	180	0	6088	2652
rank1-offgraph	0,0,1,9,0,10,0	1012	39	444	231	51	180	0	6088	2402
rank1-offgraph	0,0,1,9,0,11,15	1012	39	444	231	51	180	0	6088	2599
rank1-offgraph	0,0,1,9,0,12,19	1012	39	444	231	51	180	0	6088	2674
rank1-offgraph	0,0,1,9,0,13,4	1012	39	444	231	51	180	0	6088	2441
rank1-offgraph	0,0,1,9,0,14,15	1012	39	444	231	51	180	0	6088	2711
rank1-offgraph	0,0,1,9,0,15,9	1012	39	444	231	51	180	0	6088	2534
rank1-offgraph	0,0,1,9,0,17,0	1012	39	444	231	51	180	0	6088	2549
rank1-offgraph	0,0,1,9,0,18,1	1012	39	444	231	51	180	0	6088	2674
rank1-offgraph	0,0,1,9,0,19,0	1012	39	444	231	51	180	0	6088	2599
rank1-offgraph	0,0,1,9,0,20,1	1012	39	444	231	51	180	0	6088	2518
rank1-offgraph	0,0,1,9,0,21,8	1012	39	444	231	51	180	0	6088	2441
rank1-offgraph	0,0,1,9,0,22,3	1012	39	444	231	51	180	0	6088	2518
rank1-offgraph	0,0,1,9,0,23,0	1012	39	444	231	51	180	0	6088	2549
rank1-offgraph	0,0,1,9,0,24,24	1012	39	444	231	51	180	0	6088	2518
rank1-offgraph	0,0,1,9,0,25,18	1012	39	444	231	51	180	0	6088	2402
rank1-offgraph	0,0,1,9,0,26,23	1012	39	444	231	51	180	0	6088	2534
rank1-offgraph	0,0,1,10,0,0,16	1012	39	444	231	51	180	0	6088	2599
rank1-offgraph	0,0,1,10,0,1,0	1012	39	444	231	51	180	0	6088	2532
rank1-offgraph	0,0,1,10,0,2,22	1012	39	444	231	51	180	0	6088	2674
rank1-offgraph	0,0,1,10,0,3,11	1012	39	444	231	51	180	0	6088	2549
rank1-offgraph	0,0,1,10,0,4,0	1012	39	444	231	51	180	0	6088	2441
rank1-offgraph	0,0,1,10,0,5,18	1012	39	444	231	51	180	0	6088	2532
rank1-offgraph	0,0,1,10,0,6,6	1012	39	444	231	51	180	0	6088	2532
rank1-offgraph	0,0,1,10,0,7,21	1012	39	444	231	51	180	0	6088	2402
rank1-offgraph	0,0,1,10,0,8,11	1012	39	444	231	51	180	0	6088	2534
rank1-offgraph	0,0,1,10,0,9,6	1012	39	444	231	51	180	0	6088	2652
rank1-offgraph	0,0,1,10,0,10,12	1012	39	444	231	51	180	0	6088	2402
rank1-offgraph	0,0,1,10,0,11,20	1012	39	444	231	51	180	0	6088	2599
rank1-offgraph	0,0,1,10,0,12,0	1012	39	444	231	51	180	0	6088	2441
rank1-offgraph	0,0,1,10,0,13,14	1012	39	444	231	51	180	0	6088	2711
rank1-offgraph	0,0,1,10,0,14,24	1012	39	444	231	51	180	0	6088	2674
rank1-offgraph	0,0,1,10,0,15,24	1012	39	444	231	51	180	0	6088	2549
rank1-offgraph	0,0,1,10,0,16,7	1012	39	444	231	51	180	0	6088	2534
rank1-offgraph	0,0,1,10,0,18,1	1012	39	444	231	51	180	0	6088	2402
rank1-offgraph	0,0,1,10,0,19,2	1012	39	444	231	51	180	0	6088	2534
rank1-offgraph	0,0,1,10,0,20,2	1012	39	444	231	51	180	0	6088	2518
rank1-offgraph	0,0,1,10,0,21,3	1012	39	444	231	51	180	0	6088	2518
rank1-offgraph	0,0,1,10,0,22,0	1012	39	444	231	51	180	0	6088	2674
rank1-offgraph	0,0,1,10,0,23,8	1012	39	444	231	51	180	0	6088	2599
rank1-offgraph	0,0,1,10,0,24,20	1012	39	444	231	51	180	0	6088	2441
rank1-offgraph	0,0,1,10,0,25,22	1012	39	444	231	51	180	0	6088	2518
rank1-offgraph	0,0,1,10,0,26,26	1012	39	444	231	51	180	0	6088	2549
rank1-offgraph	0,0,1,11,0,0,5	1012	39	444	231	51	180	0	6088	2532
rank1-offgraph	0,0,1,11,0,1,24	1012	39	444	231	51	180	0	6088	2549
rank1-offgraph	0,0,1,11,0,2,9	1012	39	444	231	51	180	0	6088	2441
rank1-offgraph	0,0,1,11,0,3,4	1012	39	444	231	51	180	0	6088	2532
rank1-offgraph	0,0,1,11,0,4,22	1012	39	444	231	51	180	0	6088	2402
rank1-offgraph	0,0,1,11,0,5,12	1012	39	444	231	51	180	0	6088	2534
rank1-offgraph	0,0,1,11,0,6,24	1012	39	444	231	51	180	0	6088	2532
rank1-offgraph	0,0,1,11,0,7,14	1012	39	444	231	51	180	0	6088	2674
rank1-offgraph	0,0,1,11,0,8,0	1012	39	444	231	51	180	0	6088	2599
rank1-offgraph	0,0,1,11,0,9,9	1012	39	444	231	51	180	0	6088	2652
rank1-offgraph	0,0,1,11,0,10,26	1012	39	444	231	51	180	0	6088	2402
rank1-offgraph	0,0,1,11,0,11,3	1012	39	444	231	51	180	0	6088	2599
rank1-offgraph	0,0,1,11,0,12,10	1012	39	444	231	51	180	0	6088	2711
rank1-offgraph	0,0,1,11,0,13,23	1012	39	444	231	51	180	0	6088	2674
rank1-offgraph	0,0,1,11,0,14,8	1012	39	444	231	51	180	0	6088	2441
rank1-offgraph	0,0,1,11,0,16,14	1012	39	444	231	51	180	0	6088	2549
rank1-offgraph	0,0,1,11,0,17,22	1012	39	444	231	51	180	0	6088	2534
rank1-offgraph	0,0,1,11,0,18,0	1012	39	444	231	51	180	0	6088	2518
rank1-offgraph	0,0,1,11,0,19,0	1012	39	444	231	51	180	0	6088	2549
rank1-offgraph	0,0,1,11,0,20,2	1012	39	444	231	51	180	0	6088	2441
rank1-offgraph	0,0,1,11,0,21,0	1012	39	444	231	51	180	0	6088	2518
rank1-offgraph	0,0,1,11,0,22,8	1012	39	444	231	51	180	0	6088	2402
rank1-offgraph	0,0,1,11,0,23,3	1012	39	444	231	51	180	0	6088	2534
rank1-offgraph	0,0,1,11,0,24,21	1012	39	444	231	51	180	0	6088	2518
rank1-offgraph	0,0,1,11,0,25,25	1012	39	444	231	51	180	0	6088	2674
rank1-offgraph	0,0,1,11,0,26,19	1012	39	444	231	51	180	0	6088	2599
rank1-offgraph	0,0,1,12,0,0,4	1012	39	444	231	51	180	0	6088	2534
rank1-offgraph	0,0,1,12,0,1,21	1012	39	444	231	51	180	0	6088	2599
rank1-offgraph	0,0,1,12,0,2,13	1012	39	444	231	51	180	0	6088	2441
rank1-offgraph	0,0,1,12,0,3,20	1012	39	444	231	51	180	0	6088	2599
rank1-offgraph	0,0,1,12,0,4,15	1012	39	444	231	51	180	0	6088	2441
rank1-offgraph	0,0,1,12,0,5,3	1012	39	444	231	51	180	0	6088	2534
rank1-offgraph	0,0,1,12,0,6,0	1012	39	444	231	51	180	0	6088	2599
rank1-offgraph	0,0,1,12,0,7,21	1012	39	444	231	51	180	0	6088	2441
rank1-offgraph	0,0,1,12,0,8,17	1012	39	444	231	51	180	0	6088	2534
rank1-offgraph	0,0,1,12,0,9,17	1012	39	444	231	51	180	0	6088	2652
rank1-offgraph	0,0,1,12,0,10,20	1012	39	444	231	51	180	0	6088	2711
rank1-offgraph	0,0,1,12,0,12,5	1012	39	444	231	51	180	0	6088	2518
rank1-offgraph	0,0,1,12,0,13,13	1012	39	444	231	51	180	0	6088	2518
rank1-offgraph	0,0,1,12,0,14,23	1012	39	444	231	51	180	0	6088	2518
rank1-offgraph	0,0,1,12,0,15,14	1012	39	444	231	51	180	0	6088	2532
rank1-offgraph	0,0,1,12,0,16,18	1012	39	444	231	51	180	0	6088	2532
rank1-offgraph	0,0,1,12,0,17,6	1012	39	444	231	51	180	0	6088	2532
rank1-offgraph	0,0,1,12,0,18,5	1012	39	444	231	51	180	0	6088	2674
rank1-offgraph	0,0,1,12,0,19,0	1012	39	444	231	51	180	0	6088	2549
rank1-offgraph	0,0,1,12,0,20,6	1012	39	444	231	51	180	0	6088	2402
rank1-offgraph	0,0,1,12,0,21,19	1012	39	444	231	51	180	0	6088	2402
rank1-offgraph	0,0,1,12,0,22,22	1012	39	444	231	51	180	0	6088	2674
rank1-offgraph	0,0,1,12,0,23,24	1012	39	444	231	51	180	0	6088	2549
rank1-offgraph	0,0,1,12,0,24,0	1012	39	444	231	51	180	0	6088	2402
rank1-offgraph	0,0,1,12,0,25,2	1012	39	444	231	51	180	0	6088	2674
rank1-offgraph	0,0,1,12,0,26,0	1012	39	444	231	51	180	0	6088	2549
rank1-offgraph	0,0,1,13,0,0,25	1012	39	444	231	51	180	0	6088	2632
rank1-offgraph	0,0,1,13,0,1,17	1012	39	444	231	51	180	0	6088	2632
rank1-offgraph	0,0,1,13,0,2,8	1012	39	444	231	51	180	0	6088	2632
rank1-offgraph	0,0,1,13,0,3,9	1012	39	444	231	51	180	0	6088	2632
rank1-offgraph	0,0,1,13,0,4,6	1012	39	444	231	51	180	0	6088	2632
rank1-offgraph	0,0,1,13,0,5,23	1012	39	444	231	51	180	0	6088	2632
rank1-offgraph	0,0,1,13,0,6,26	1012	39	444	231	51	180	0	6088	2632
rank1-offgraph	0,0,1,13,0,7,10	1012	39	444	231	51	180	0	6088	2632
rank1-offgraph	0,0,1,13,0,8,5	1012	39	444	231	51	180	0	6088	2632
rank1-offgraph	0,0,1,13,0,10,0	1012	39	444	231	51	180	0	6088	2632
rank1-offgraph	0,0,1,13,0,11,13	1012	39	444	231	51	180	0	6088	2632
rank1-offgraph	0,0,1,13,0,12,11	1012	39	444	231	51	180	0	6088	2632
rank1-offgraph	0,0,1,13,0,13,18	1012	39	444	231	51	180	0	6088	2632
rank1-offgraph	0,0,1,13,0,14,0	1012	39	444	231	51	180	0	6088	2632
rank1-offgraph	0,0,1,13,0,15,24	1012	39	444	231	51	180	0	6088	2632
rank1-offgraph	0,0,1,13,0,16,3	1012	39	444	231	51	180	0	6088	2632
rank1-offgraph	0,0,1,13,0,17,11	1012	39	444	231	51	180	0	6088	2632
rank1-offgraph	0,0,1,13,0,18,0	1012	39	444	231	51	180	0	6088	2632
rank1-offgraph	0,0,1,13,0,19,6	1012	39	444	231	51	180	0	6088	2632
rank1-offgraph	0,0,1,13,0,20,5	1012	39	444	231	51	180	0	6088	2632
rank1-offgraph	0,0,1,13,0,21,21	1012	39	444	231	51	180	0	6088	2632
rank1-offgraph	0,0,1,13,0,22,26	1012	39	444	231	51	180	0	6088	2632
rank1-offgraph	0,0,1,13,0,23,18	1012	39	444	231	51	180	0	6088	2632
rank1-offgraph	0,0,1,13,0,24,0	1012	39	444	231	51	180	0	6088	2632
rank1-offgraph	0,0,1,13,0,25,1	1012	39	444	231	51	180	0	6088	2632
rank1-offgraph	0,0,1,13,0,26,1	1012	39	444	231	51	180	0	6088	2632
rank1-offgraph	0,0,1,14,0,0,9	1012	39	444	231	51	180	0	6088	2674
rank1-offgraph	0,0,1,14,0,1,0	1012	39	444	231	51	180	0	6088	2402
rank1-offgraph	0,0,1,14,0,2,20	1012	39	444	231	51	180	0	6088	2549
rank1-offgraph	0,0,1,14,0,3,0	1012	39	444	231	51	180	0	6088	2402
rank1-offgraph	0,0,1,14,0,4,26	1012	39	444	231	51	180	0	6088	2549
rank1-offgraph	0,0,1,14,0,5,12	1012	39	444	231	51	180	0	6088	2674
rank1-offgraph	0,0,1,14,0,6,12	1012	39	444	231	51	180	0	6088	2402
rank1-offgraph	0,0,1,14,0,7,7	1012	39	444	231	51	180	0	6088	2549
rank1-offgraph	0,0,1,14,0,8,19	1012	39	444	231	51	180	0	6088	2674
rank1-offgraph	0,0,1,14,0,9,8	1012	39	444	231	51	180	0	6088	2652
rank1-offgraph	0,0,1,14,0,11,21	1012	39	444	231	51	180	0	6088	2711
rank1-offgraph	0,0,1,14,0,12,25	1012	39	444	231	51	180	0	6088	2532
rank1-offgraph	0,0,1,14,0,13,7	1012	39	444	231	51	180	0	6088	2532
rank1-offgraph	0,0,1,14,0,14,15	1012	39	444	231	51	180	0	6088	2532
rank1-offgraph	0,0,1,14,0,15,0	1012	39	444	231	51	180	0	6088	2518
rank1-offgraph	0,0,1,14,0,16,17	1012	39	444	231	51	180	0	6088	2518
rank1-offgraph	0,0,1,14,0,17,21	1012	39	444	231	51	180	0	6088	2518
rank1-offgraph	0,0,1,14,0,18,6	1012	39	444	231	51	180	0	6088	2534
rank1-offgraph	0,0,1,14,0,19,5	1012	39	444	231	51	180	0	6088	2441
rank1-offgraph	0,0,1,14,0,20,0	1012	39	444	231	51	180	0	6088	2599
rank1-offgraph	0,0,1,14,0,21,25	1012	39	444	231	51	180	0	6088	2599
rank1-offgraph	0,0,1,14,0,22,20	1012	39	444	231	51	180	0	6088	2534
rank1-offgraph	0,0,1,14,0,23,23	1012	39	444	231	51	180	0	6088	2441
rank1-offgraph	0,0,1,14,0,24,2	1012	39	444	231	51	180	0	6088	2599
rank1-offgraph	0,0,1,14,0,25,2	1012	39	444	231	51	180	0	6088	2534
rank1-offgraph	0,0,1,14,0,26,1	1012	39	444	231	51	180	0	6088	2441
rank1-offgraph	0,0,1,15,0,0,3	1012	39	444	231	51	180	0	6088	2518
rank1-offgraph	0,0,1,15,0,1,19	1012	39	444	231	51	180	0	6088	2441
rank1-offgraph	0,0,1,15,0,2,16	1012	39	444	231	51	180	0	6088	2549
rank1-offgraph	0,0,1,15,0,3,11	1012	39	444	231	51	180	0	6088	2518
rank1-offgraph	0,0,1,15,0,4,5	1012	39	444	231	51	180	0	6088	2599
rank1-offgraph	0,0,1,15,0,5,25	1012	39	444	231	51	180	0	6088	2674
rank1-offgraph	0,0,1,15,0,6,10	1012	39	444	231	51	180	0	6088	2518
rank1-offgraph	0,0,1,15,0,7,0	1012	39	444	231	51	180	0	6088	2534
rank1-offgraph	0,0,1,15,0,8,19	1012	39	444	231	51	180	0	6088	2402
rank1-offgraph	0,0,1,15,0,9,26	1012	39	444	231	51	180	0	6088	2652
rank1-offgraph	0,0,1,15,0,10,7	1012	39	444	231	51	180	0	6088	2599
rank1-offgraph	0,0,1,15,0,11,17	1012	39	444	231	51	180	0	6088	2402
rank1-offgraph	0,0,1,15,0,13,10	1012	39	444	231	51	180	0	6088	2534
rank1-offgraph	0,0,1,15,0,14,25	1012	39	444	231	51	180	0	6088	2549
rank1-offgraph	0,0,1,15,0,15,4	1012	39	444	231	51	180	0	6088	2711
rank1-offgraph	0,0,1,15,0,16,16	1012	39	444	231	51	180	0	6088	2441
rank1-offgraph	0,0,1,15,0,17,18	1012	39	444	231	51	180	0	6088	2674
rank1-offgraph	0,0,1,15,0,18,21	1012	39	444	231	51	180	0	6088	2532
rank1-offgraph	0,0,1,15,0,19,24	1012	39	444	231	51	180	0	6088	2441
rank1-offgraph	0,0,1,15,0,20,20	1012	39	444	231	51	180	0	6088	2549
rank1-offgraph	0,0,1,15,0,21,0	1012	39	444	231	51	180	0	6088	2532
rank1-offgraph	0,0,1,15,0,22,2	1012	39	444	231	51	180	0	6088	2599
rank1-offgraph	0,0,1,15,0,23,0	1012	39	444	231	51	180	0	6088	2674
rank1-offgraph	0,0,1,15,0,24,0	1012	39	444	231	51	180	0	6088	2532
rank1-offgraph	0,0,1,15,0,25,7	1012	39	444	231	51	180	0	6088	2534
rank1-offgraph	0,0,1,15,0,26,4	1012	39	444	231	51	180	0	6088	2402
rank1-offgraph	0,0,1,16,0,0,22	1012	39	444	231	51	180	0	6088	2402
rank1-offgraph	0,0,1,16,0,1,10	1012	39	444	231	51	180	0	6088	2518
rank1-offgraph	0,0,1,16,0,2,6	1012	39	444	231	51	180	0	6088	2534
rank1-offgraph	0,0,1,16,0,3,7	1012	39	444	231	51	180	0	6088	2441
rank1-offgraph	0,0,1,16,0,4,18	1012	39	444	231	51	180	0	6088	2549
rank1-offgraph	0,0,1,16,0,5,13	1012	39	444	231	51	180	0	6088	2518
rank1-offgraph	0,0,1,16,0,6,4	1012	39	444	231	51	180	0	6088	2518
rank1-offgraph	0,0,1,16,0,7,23	1012	39	444	231	51	180	0	6088	2599
rank1-offgraph	0,0,1,16,0,8,14	1012	39	444	231	51	180	0	6088	2674
rank1-offgraph	0,0,1,16,0,9,5	1012	39	444	231	51	180	0	6088	2652
rank1-offgraph	0,0,1,16,0,10,12	1012	39	444	231	51	180	0	6088	2599
rank1-offgraph	0,0,1,16,0,11,21	1012	39	444	231	51	180	0	6088	2402
rank1-offgraph	0,0,1,16,0,12,16	1012	39	444	231	51	180	0	6088	2549
rank1-offgraph	0,0,1,16,0,14,0	1012	39	444	231	51	180	0	6088	2534
rank1-offgraph	0,0,1,16,0,15,12	1012	39	444	231	51	180	0	6088	2441
rank1-offgraph	0,0,1,16,0,16,26	1012	39	444	231	51	180	0	6088	2674
rank1-offgraph	0,0,1,16,0,17,0	1012	39	444	231	51	180	0	6088	2711
rank1-offgraph	0,0,1,16,0,18,26	1012	39	444	231	51	180	0	6088	2599
rank1-offgraph	0,0,1,16,0,19,19	1012	39	444	231	51	180	0	6088	2674
rank1-offgraph	0,0,1,16,0,20,23	1012	39	444	231	51	180	0	6088	2532
rank1-offgraph	0,0,1,16,0,21,0	1012	39	444	231	51	180	0	6088	2532
rank1-offgraph	0,0,1,16,0,22,1	1012	39	444	231	51	180	0	6088	2534
rank1-offgraph	0,0,1,16,0,23,1	1012	39	444	231	51	180	0	6088	2402
rank1-offgraph	0,0,1,16,0,24,7	1012	39	444	231	51	180	0	6088	2549
rank1-offgraph	0,0,1,16,0,25,4	1012	39	444	231	51	180	0	6088	2532
rank1-offgraph	0,0,1,16,0,26,0	1012	39	444	231	51	180	0	6088	2441
rank1-offgraph	0,0,1,17,0,0,13	1012	39	444	231	51	180	0	6088	2674
rank1-offgraph	0,0,1,17,0,1,0	1012	39	444	231	51	180	0	6088	2518
rank1-offgraph	0,0,1,17,0,2,25	1012	39	444	231	51	180	0	6088	2599
rank1-offgraph	0,0,1,17,0,3,23	1012	39	444	231	51	180	0	6088	2518
rank1-offgraph	0,0,1,17,0,4,15	1012	39	444	231	51	180	0	6088	2534
rank1-offgraph	0,0,1,17,0,5,0	1012	39	444	231	51	180	0	6088	2402
rank1-offgraph	0,0,1,17,0,6,24	1012	39	444	231	51	180	0	6088	2441
rank1-offgraph	0,0,1,17,0,7,15	1012	39	444	231	51	180	0	6088	2549
rank1-offgraph	0,0,1,17,0,8,8	1012	39	444	231	51	180	0	6088	2518
rank1-offgraph	0,0,1,17,0,9,10	1012	39	444	231	51	180	0	6088	2652
rank1-offgraph	0,0,1,17,0,10,19	1012	39	444	231	51	180	0	6088	2599
rank1-offgraph	0,0,1,17,0,11,0	1012	39	444	231	51	180	0	6088	2402
rank1-offgraph	0,0,1,17,0,12,19	1012	39	444	231	51	180	0	6088	2534
rank1-offgraph	0,0,1,17,0,13,6	1012	39	444	231	51	180	0	6088	2549
rank1-offgraph	0,0,1,17,0,15,22	1012	39	444	231	51	180	0	6088	2674
rank1-offgraph	0,0,1,17,0,16,8	1012	39	444	231	51	180	0	6088	2711
rank1-offgraph	0,0,1,17,0,17,11	1012	39	444	231	51	180	0	6088	2441
rank1-offgraph	0,0,1,17,0,18,18	1012	39	444	231	51	180	0	6088	2534
rank1-offgraph	0,0,1,17,0,19,22	1012	39	444	231	51	180	0	6088	2402
rank1-offgraph	0,0,1,17,0,20,25	1012	39	444	231	51	180	0	6088	2532
rank1-offgraph	0,0,1,17,0,21,2	1012	39	444	231	51	180	0	6088	2549
rank1-offgraph	0,0,1,17,0,22,2	1012	39	444	231	51	180	0	6088	2532
rank1-offgraph	0,0,1,17,0,23,1	1012	39	444	231	51	180	0	6088	2441
rank1-offgraph	0,0,1,17,0,24,4	1012	39	444	231	51	180	0	6088	2532
rank1-offgraph	0,0,1,17,0,25,0	1012	39	444	231	51	180	0	6088	2599
rank1-offgraph	0,0,1,17,0,26,7	1012	39	444	231	51	180	0	6088	2674
rank1-offgraph	0,0,1,18,0,0,20	1012	39	444	231	51	180	0	6088	2549
rank1-offgraph	0,0,1,18,0,1,7	1012	39	444	231	51	180	0	6088	2534
rank1-offgraph	0,0,1,18,0,2,14	1012	39	444	231	51	180	0	6088	2518
rank1-offgraph	0,0,1,18,0,3,17	1012	39	444	231	51	180	0	6088	2532
rank1-offgraph	0,0,1,18,0,4,18	1012	39	444	231	51	180	0	6088	2402
rank1-offgraph	0,0,1,18,0,5,3	1012	39	444	231	51	180	0	6088	2599
rank1-offgraph	0,0,1,18,0,6,26	1012	39	444	231	51	180	0	6088	2599
rank1-offgraph	0,0,1,18,0,7,8	1012	39	444	231	51	180	0	6088	2711
rank1-offgraph	0,0,1,18,0,8,16	1012	39	444	231	51	180	0	6088	2549
rank1-offgraph	0,0,1,18,0,9,1	1012	39	444	231	51	180	0	6088	2652
rank1-offgraph	0,0,1,18,0,10,1	1012	39	444	231	51	180	0	6088	2674
rank1-offgraph	0,0,1,18,0,11,0	1012	39	444	231	51	180	0	6088	2534
rank1-offgraph	0,0,1,18,0,12,24	1012	39	444	231	51	180	0	6088	2441
rank1-offgraph	0,0,1,18,0,13,23	1012	39	444	231	51	180	0	6088	2518
rank1-offgraph	0,0,1,18,0,14,18	1012	39	444	231	51	180	0	6088	2674
rank1-offgraph	0,0,1,18,0,15,8	1012	39	444	231	51	180	0	6088	2549
rank1-offgraph	0,0,1,18,0,16,0	1012	39	444	231	51	180	0	6088	2534
rank1-offgraph	0,0,1,18,0,17,3	1012	39	444	231	51	180	0	6088	2532
rank1-offgraph	0,0,1,18,0,18,23	1012	39	444	231	51	180	0	6088	2441
rank1-offgraph	0,0,1,18,0,19,15	1012	39	444	231	51	180	0	6088	2532
rank1-offgraph	0,0,1,18,0,20,0	1012	39	444	231	51	180	0	6088	2674
rank1-offgraph	0,0,1,18,0,21,9	1012	39	444	231	51	180	0	6088	2402
rank1-offgraph	0,0,1,18,0,22,0	1012	39	444	231	51	180	0	6088	2441
rank1-offgraph	0,0,1,18,0,24,19	1012	39	444	231	51	180	0	6088	2518
rank1-offgraph	0,0,1,18,0,25,15	1012	39	444	231	51	180	0	6088	2402
rank1-offgraph	0,0,1,18,0,26,4	1012	39	444	231	51	180	0	6088	2599
rank1-offgraph	0,0,1,19,0,0,5	1012	39	444	231	51	180	0	6088	2441
rank1-offgraph	0,0,1,19,0,1,9	1012	39	444	231	51	180	0	6088	2441
rank1-offgraph	0,0,1,19,0,2,24	1012	39	444	231	51	180	0	6088	2599
rank1-offgraph	0,0,1,19,0,3,24	1012	39	444	231	51	180	0	6088	2674
rank1-offgraph	0,0,1,19,0,4,0	1012	39	444	231	51	180	0	6088	2549
rank1-offgraph	0,0,1,19,0,5,14	1012	39	444	231	51	180	0	6088	2674
rank1-offgraph	0,0,1,19,0,6,4	1012	39	444	231	51	180	0	6088	2711
rank1-offgraph	0,0,1,19,0,7,12	1012	39	444	231	51	180	0	6088	2532
rank1-offgraph	0,0,1,19,0,8,22	1012	39	444	231	51	180	0	6088	2518
rank1-offgraph	0,0,1,19,0,9,0	1012	39	444	231	51	180	0	6088	2652
rank1-offgraph	0,0,1,19,0,10,2	1012	39	444	231	51	180	0	6088	2532
rank1-offgraph	0,0,1,19,0,11,0	1012	39	444	231	51	180	0	6088	2518
rank1-offgraph	0,0,1,19,0,12,21	1012	39	444	231	51	180	0	6088	2599
rank1-offgraph	0,0,1,19,0,13,19	1012	39	444	231	51	180	0	6088	2599
rank1-offgraph	0,0,1,19,0,14,25	1012	39	444	231	51	180	0	6088	2534
rank1-offgraph	0,0,1,19,0,15,0	1012	39	444	231	51	180	0	6088	2402
rank1-offgraph	0,0,1,19,0,16,3	1012	39	444	231	51	180	0	6088	2674
rank1-offgraph	0,0,1,19,0,17,8	1012	39	444	231	51	180	0	6088	2402
rank1-offgraph	0,0,1,19,0,18,9	1012	39	444	231	51	180	0	6088	2549
rank1-offgraph	0,0,1,19,0,19,3	1012	39	444	231	51	180	0	6088	2402
rank1-offgraph	0,0,1,19,0,20,26	1012	39	444	231	51	180	0	6088	2549
rank1-offgraph	0,0,1,19,0,22,22	1012	39	444	231	51	180	0	6088	2532
rank1-offgraph	0,0,1,19,0,23,14	1012	39	444	231	51	180	0	6088	2518
rank1-offgraph	0,0,1,19,0,24,10	1012	39	444	231	51	180	0	6088	2534
rank1-offgraph	0,0,1,19,0,25,8	1012	39	444	231	51	180	0	6088	2534
rank1-offgraph	0,0,1,19,0,26,23	1012	39	444	231	51	180	0	6088	2441
rank1-offgraph	0,0,1,20,0,0,16	1012	39	444	231	51	180	0	6088	2402
rank1-offgraph	0,0,1,20,0,1,22	1012	39	444	231	51	180	0	6088	2441
rank1-offgraph	0,0,1,20,0,2,0	1012	39	444	231	51	180	0	6088	2532
rank1-offgraph	0,0,1,20,0,3,6	1012	39	444	231	51	180	0	6088	2674
rank1-offgraph	0,0,1,20,0,4,11	1012	39	444	231	51	180	0	6088	2534
rank1-offgraph	0,0,1,20,0,5,21	1012	39	444	231	51	180	0	6088	2518
rank1-offgraph	0,0,1,20,0,6,11	1012	39	444	231	51	180	0	6088	2402
rank1-offgraph	0,0,1,20,0,7,18	1012	39	444	231	51	180	0	6088	2534
rank1-offgraph	0,0,1,20,0,8,0	1012	39	444	231	51	180	0	6088	2711
rank1-offgraph	0,0,1,20,0,9,1	1012	39	444	231	51	180	0	6088	2652
rank1-offgraph	0,0,1,20,0,10,2	1012	39	444	231	51	180	0	6088	2549
rank1-offgraph	0,0,1,20,0,11,2	1012	39	444	231	51	180	0	6088	2441
rank1-offgraph	0,0,1,20,0,12,20	1012	39	444	231	51	180	0	6088	2532
rank1-offgraph	0,0,1,20,0,13,26	1012	39	444	231	51	180	0	6088	2549
rank1-offgraph	0,0,1,20,0,14,22	1012	39	444	231	51	180	0	6088	2599
rank1-offgraph	0,0,1,20,0,15,3	1012	39	444	231	51	180	0	6088	2518
rank1-offgraph	0,0,1,20,0,16,8	1012	39	444	231	51	180	0	6088	2402
rank1-offgraph	0,0,1,20,0,17,0	1012	39	444	231	51	180	0	6088	2441
rank1-offgraph	0,0,1,20,0,18,6	1012	39	444	231	51	180	0	6088	2599
rank1-offgraph	0,0,1,20,0,19,20	1012	39	444	231	51	180	0	6088	2518
rank1-offgraph	0,0,1,20,0,20,12	1012	39	444	231	51	180	0	6088	2549
rank1-offgraph	0,0,1,20,0,21,24	1012	39	444	231	51	180	0	6088	2599
rank1-offgraph	0,0,1,20,0,23,7	1012	39	444	231	51	180	0	6088	2674
rank1-offgraph	0,0,1,20,0,24,0	1012	39	444	231	51	180	0	6088	2534
rank1-offgraph	0,0,1,20,0,25,24	1012	39	444	231	51	180	0	6088	2532
rank1-offgraph	0,0,1,20,0,26,14	1012	39	444	231	51	180	0	6088	2674
rank1-offgraph	0,0,1,21,0,0,3	1012	39	444	231	51	180	0	6088	2674
rank1-offgraph	0,0,1,21,0,1,16	1012	39	444	231	51	180	0	6088	2674
rank1-offgraph	0,0,1,21,0,2,19	1012	39	444	231	51	180	0	6088	2549
rank1-offgraph	0,0,1,21,0,3,10	1012	39	444	231	51	180	0	6088	2711
rank1-offgraph	0,0,1,21,0,4,19	1012	39	444	231	51	180	0	6088	2532
rank1-offgraph	0,0,1,21,0,5,0	1012	39	444	231	51	180	0	6088	2518
rank1-offgraph	0,0,1,21,0,6,11	1012	39	444	231	51	180	0	6088	2441
rank1-offgraph	0,0,1,21,0,7,25	1012	39	444	231	51	180	0	6088	2599
rank1-offgraph	0,0,1,21,0,8,5	1012	39	444	231	51	180	0	6088	2441
rank1-offgraph	0,0,1,21,0,9,21	1012	39	444	231	51	180	0	6088	2652
rank1-offgraph	0,0,1,21,0,10,20	1012	39	444	231	51	180	0	6088	2532
rank1-offgraph	0,0,1,21,0,11,24	1012	39	444	231	51	180	0	6088	2518
rank1-offgraph	0,0,1,21,0,12,0	1012	39	444	231	51	180	0	6088	2599
rank1-offgraph	0,0,1,21,0,13,4	1012	39	444	231	51	180	0	6088	2534
rank1-offgraph	0,0,1,21,0,14,7	1012	39	444	231	51	180	0	6088	2599
rank1-offgraph	0,0,1,21,0,15,0	1012	39	444	231	51	180	0	6088	2402
rank1-offgraph	0,0,1,21,0,16,0	1012	39	444	231	51	180	0	6088	2402
rank1-offgraph	0,0,1,21,0,17,2	1012	39	444	231	51	180	0	6088	2674
rank1-offgraph	0,0,1,21,0,18,26	1012	39	444	231	51	180	0	6088	2534
rank1-offgraph	0,0,1,21,0,19,17	1012	39	444	231	51	180	0	6088	2441
rank1-offgraph	0,0,1,21,0,20,7	1012	39	444	231	51	180	0	6088	2534
rank1-offgraph	0,0,1,21,0,21,4	1012	39	444	231	51	180	0	6088	2549
rank1-offgraph	0,0,1,21,0,22,18	1012	39	444	231	51	180	0	6088	2549
rank1-offgraph	0,0,1,21,0,23,16	1012	39	444	231	51	180	0	6088	2402
rank1-offgraph	0,0,1,21,0,25,25	1012	39	444	231	51	180	0	6088	2532
rank1-offgraph	0,0,1,21,0,26,10	1012	39	444	231	51	180	0	6088	2518
rank1-offgraph	0,0,1,22,0,0,13	1012	39	444	231	51	180	0	6088	2518
rank1-offgraph	0,0,1,22,0,1,25	1012	39	444	231	51	180	0	6088	2674
rank1-offgraph	0,0,1,22,0,2,0	1012	39	444	231	51	180	0	6088	2534
rank1-offgraph	0,0,1,22,0,3,24	1012	39	444	231	51	180	0	6088	2402
rank1-offgraph	0,0,1,22,0,4,8	1012	39	444	231	51	180	0	6088	2534
rank1-offgraph	0,0,1,22,0,5,15	1012	39	444	231	51	180	0	6088	2711
rank1-offgraph	0,0,1,22,0,6,23	1012	39	444	231	51	180	0	6088	2441
rank1-offgraph	0,0,1,22,0,7,0	1012	39	444	231	51	180	0	6088	2532
rank1-offgraph	0,0,1,22,0,8,15	1012	39	444	231	51	180	0	6088	2402
rank1-offgraph	0,0,1,22,0,9,18	1012	39	444	231	51	180	0	6088	2652
rank1-offgraph	0,0,1,22,0,10,25	1012	39	444	231	51	180	0	6088	2549
rank1-offgraph	0,0,1,22,0,11,22	1012	39	444	231	51	180	0	6088	2441
rank1-offgraph	0,0,1,22,0,12,4	1012	39	444	231	51	180	0	6088	2549
rank1-offgraph	0,0,1,22,0,13,7	1012	39	444	231	51	180	0	6088	2599
rank1-offgraph	0,0,1,22,0,14,0	1012	39	444	231	51	180	0	6088	2532
rank1-offgraph	0,0,1,22,0,15,2	1012	39	444	231	51	180	0	6088	2441
rank1-offgraph	0,0,1,22,0,16,1	1012	39	444	231	51	180	0	6088	2518
rank1-offgraph	0,0,1,22,0,17,2	1012	39	444	231	51	180	0	6088	2402
rank1-offgraph	0,0,1,22,0,18,10	1012	39	444	231	51	180	0	6088	2532
rank1-offgraph	0,0,1,22,0,19,0	1012	39	444	231	51	180	0	6088	2674
rank1-offgraph	0,0,1,22,0,20,19	1012	39	444	231	51	180	0	6088	2534
rank1-offgraph	0,0,1,22,0,21,22	1012	39	444	231	51	180	0	6088	2549
rank1-offgraph	0,0,1,22,0,22,11	1012	39	444	231	51	180	0	6088	2599
rank1-offgraph	0,0,1,22,0,23,8	1012	39	444	231	51	180	0	6088	2518
rank1-offgraph	0,0,1,22,0,24,19	1012	39	444	231	51	180	0	6088	2599
rank1-offgraph	0,0,1,22,0,26,6	1012	39	444	231	51	180	0	6088	2674
rank1-offgraph	0,0,1,23,0,0,22	1012	39	444	231	51	180	0	6088	2599
rank1-offgraph	0,0,1,23,0,1,6	1012	39	444	231	51	180	0	6088	2532
rank1-offgraph	0,0,1,23,0,2,10	1012	39	444	231	51	180	0	6088	2402
rank1-offgraph	0,0,1,23,0,3,4	1012	39	444	231	51	180	0	6088	2599
rank1-offgraph	0,0,1,23,0,4,14	1012	39	444	231	51	180	0	6088	2711
rank1-offgraph	0,0,1,23,0,5,23	1012	39	444	231	51	180	0	6088	2549
rank1-offgraph	0,0,1,23,0,6,7	1012	39	444	231	51	180	0	6088	2534
rank1-offgraph	0,0,1,23,0,7,13	1012	39	444	231	51	180	0	6088	2518
rank1-offgraph	0,0,1,23,0,8,18	1012	39	444	231	51	180	0	6088	2549
rank1-offgraph	0,0,1,23,0,9,26	1012	39	444	231	51	180	0	6088	2652
rank1-offgraph	0,0,1,23,0,10,23	1012	39	444	231	51	180	0	6088	2674
rank1-offgraph	0,0,1,23,0,11,19	1012	39	444	231	51	180	0	6088	2534
rank1-offgraph	0,0,1,23,0,12,7	1012	39	444	231	51	180	0	6088	2518
rank1-offgraph	0,0,1,23,0,13,0	1012	39	444	231	51	180	0	6088	2674
rank1-offgraph	0,0,1,23,0,14,4	1012	39	444	231	51	180	0	6088	2441
rank1-offgraph	0,0,1,23,0,15,0	1012	39	444	231	51	180	0	6088	2532
rank1-offgraph	0,0,1,23,0,16,1	1012	39	444	231	51	180	0	6088	2549
rank1-offgraph	0,0,1,23,0,17,1	1012	39	444	231	51	180	0	6088	2534
rank1-offgraph	0,0,1,23,0,18,5	1012	39	444	231	51	180	0	6088	2402
rank1-offgraph	0,0,1,23,0,19,21	1012	39	444	231	51	180	0	6088	2599
rank1-offgraph	0,0,1,23,0,20,12	1012	39	444	231	51	180	0	6088	2518
rank1-offgraph	0,0,1,23,0,21,12	1012	39	444	231	51	180	0	6088	2674
rank1-offgraph	0,0,1,23,0,22,0	1012	39	444	231	51	180	0	6088	2441
rank1-offgraph	0,0,1,23,0,23,26	1012	39	444	231	51	180	0	6088	2532
rank1-offgraph	0,0,1,23,0,24,16	1012	39	444	231	51	180	0	6088	2402
rank1-offgraph	0,0,1,23,0,25,0	1012	39	444	231	51	180	0	6088	2441
rank1-offgraph	0,0,1,24,0,0,4	1012	39	444	231	51	180	0	6088	2549
rank1-offgraph	0,0,1,24,0,1,13	1012	39	444	231	51	180	0	6088	2599
rank1-offgraph	0,0,1,24,0,2,21	1012	39	444	231	51	180	0	6088	2711
rank1-offgraph	0,0,1,24,0,3,0	1012	39	444	231	51	180	0	6088	2534
rank1-offgraph	0,0,1,24,0,4,17	1012	39	444	231	51	180	0	6088	2518
rank1-offgraph	0,0,1,24,0,5,21	1012	39	444	231	51	180	0	6088	2549
rank1-offgraph	0,0,1,24,0,6,20	1012	39	444	231	51	180	0	6088	2532
rank1-offgraph	0,0,1,24,0,7,3	1012	39	444	231	51	180	0	6088	2402
rank1-offgraph	0,0,1,24,0,8,15	1012	39	444	231	51	180	0	6088	2599
rank1-offgraph	0,0,1,24,0,9,5	1012	39	444	231	51	180	0	6088	2652
rank1-offgraph	0,0,1,24,0,10,6	1012	39	444	231	51	180	0	6088	2674
rank1-offgraph	0,0,1,24,0,11,0	1012	39	444	231	51	180	0	6088	2534
rank1-offgraph	0,0,1,24,0,12,0	1012	39	444	231	51	180	0	6088	2674
rank1-offgraph	0,0,1,24,0,13,0	1012	39	444	231	51	180	0	6088	2441
rank1-offgraph	0,0,1,24,0,14,2	1012	39	444	231	51	180	0	6088	2518
rank1-offgraph	0,0,1,24,0,15,19	1012	39	444	231	51	180	0	6088	2534
rank1-offgraph	0,0,1,24,0,16,24	1012	39	444	231	51	180	0	6088	2532
rank1-offgraph	0,0,1,24,0,17,22	1012	39	444	231	51	180	0	6088	2549
rank1-offgraph	0,0,1,24,0,18,17	1012	39	444	231	51	180	0	6088	2441
rank1-offgraph	0,0,1,24,0,20,20	1012	39	444	231	51	180	0	6088	2402
rank1-offgraph	0,0,1,24,0,21,14	1012	39	444	231	51	180	0	6088	2518
rank1-offgraph	0,0,1,24,0,22,6	1012	39	444	231	51	180	0	6088	2402
rank1-offgraph	0,0,1,24,0,23,18	1012	39	444	231	51	180	0	6088	2599
rank1-offgraph	0,0,1,24,0,24,5	1012	39	444	231	51	180	0	6088	2674
rank1-offgraph	0,0,1,24,0,25,23	1012	39	444	231	51	180	0	6088	2441
rank1-offgraph	0,0,1,24,0,26,13	1012	39	444	231	51	180	0	6088	2532
rank1-offgraph	0,0,1,25,0,0,9	1012	39	444	231	51	180	0	6088	2518
rank1-offgraph	0,0,1,25,0,1,20	1012	39	444	231	51	180	0	6088	2711
rank1-offgraph	0,0,1,25,0,2,0	1012	39	444	231	51	180	0	6088	2532
rank1-offgraph	0,0,1,25,0,3,12	1012	39	444	231	51	180	0	6088	2441
rank1-offgraph	0,0,1,25,0,4,19	1012	39	444	231	51	180	0	6088	2599
rank1-offgraph	0,0,1,25,0,5,7	1012	39	444	231	51	180	0	6088	2441
rank1-offgraph	0,0,1,25,0,6,0	1012	39	444	231	51	180	0	6088	2674
rank1-offgraph	0,0,1,25,0,7,12	1012	39	444	231	51	180	0	6088	2549
rank1-offgraph	0,0,1,25,0,8,26	1012	39	444	231	51	180	0	6088	2674
rank1-offgraph	0,0,1,25,0,9,6	1012	39	444	231	51	180	0	6088	2652
rank1-offgraph	0,0,1,25,0,10,0	1012	39	444	231	51	180	0	6088	2532
rank1-offgraph	0,0,1,25,0,11,5	1012	39	444	231	51	180	0	6088	2518
rank1-offgraph	0,0,1,25,0,12,2	1012	39	444	231	51	180	0	6088	2534
rank1-offgraph	0,0,1,25,0,13,1	1012	39	444	231	51	180	0	6088	2599
rank1-offgraph	0,0,1,25,0,14,2	1012	39	444	231	51	180	0	6088	2599
rank1-offgraph	0,0,1,25,0,15,25	1012	39	444	231	51	180	0	6088	2674
rank1-offgraph	0,0,1,25,0,16,23	1012	39	444	231	51	180	0	6088	2402
rank1-offgraph	0,0,1,25,0,17,20	1012	39	444	231	51	180	0	6088	2402
rank1-offgraph	0,0,1,25,0,18,8	1012	39	444	231	51	180	0	6088	2532
rank1-offgraph	0,0,1,25,0,19,21	1012	39	444	231	51	180	0	6088	2518
rank1-offgraph	0,0,1,25,0,21,0	1012	39	444	231	51	180	0	6088	2534
rank1-offgraph	0,0,1,25,0,22,21	1012	39	444	231	51	180	0	6088	2534
rank1-offgraph	0,0,1,25,0,23,17	1012	39	444	231	51	180	0	6088	2441
rank1-offgraph	0,0,1,25,0,24,25	1012	39	444	231	51	180	0	6088	2549
rank1-offgraph	0,0,1,25,0,25,15	1012	39	444	231	51	180	0	6088	2549
rank1-offgraph	0,0,1,25,0,26,7	1012	39	444	231	51	180	0	6088	2402
rank1-offgraph	0,0,1,26,0,0,25	1012	39	444	231	51	180	0	6088	2711
rank1-offgraph	0,0,1,26,0,1,8	1012	39	444	231	51	180	0	6088	2402
rank1-offgraph	0,0,1,26,0,2,17	1012	39	444	231	51	180	0	6088	2534
rank1-offgraph	0,0,1,26,0,3,26	1012	39	444	231	51	180	0	6088	2441
rank1-offgraph	0,0,1,26,0,4,5	1012	39	444	231	51	180	0	6088	2532
rank1-offgraph	0,0,1,26,0,5,10	1012	39	444	231	51	180	0	6088	2402
rank1-offgraph	0,0,1,26,0,6,9	1012	39	444	231	51	180	0	6088	2674
rank1-offgraph	0,0,1,26,0,7,23	1012	39	444	231	51	180	0	6088	2534
rank1-offgraph	0,0,1,26,0,8,6	1012	39	444	231	51	180	0	6088	2518
rank1-offgraph	0,0,1,26,0,9,0	1012	39	444	231	51	180	0	6088	2652
rank1-offgraph	0,0,1,26,0,10,5	1012	39	444	231	51	180	0	6088	2549
rank1-offgraph	0,0,1,26,0,11,6	1012	39	444	231	51	180	0	6088	2441
rank1-offgraph	0,0,1,26,0,12,0	1012	39	444	231	51	180	0	6088	2599
rank1-offgraph	0,0,1,26,0,13,1	1012	39	444	231	51	180	0	6088	2532
rank1-offgraph	0,0,1,26,0,14,1	1012	39	444	231	51	180	0	6088	2549
rank1-offgraph	0,0,1,26,0,15,21	1012	39	444	231	51	180	0	6088	2402
rank1-offgraph	0,0,1,26,0,16,18	1012	39	444	231	51	180	0	6088	2441
rank1-offgraph	0,0,1,26,0,17,26	1012	39	444	231	51	180	0	6088	2518
rank1-offgraph	0,0,1,26,0,19,13	1012	39	444	231	51	180	0	6088	2674
rank1-offgraph	0,0,1,26,0,20,0	1012	39	444	231	51	180	0	6088	2599
rank1-offgraph	0,0,1,26,0,21,24	1012	39	444	231	51	180	0	6088	2534
rank1-offgraph	0,0,1,26,0,22,11	1012	39	444	231	51	180	0	6088	2532
rank1-offgraph	0,0,1,26,0,23,3	1012	39	444	231	51	180	0	6088	2674
rank1-offgraph	0,0,1,26,0,24,11	1012	39	444	231	51	180	0	6088	2549
rank1-offgraph	0,0,1,26,0,25,0	1012	39	444	231	51	180	0	6088	2599
rank1-offgraph	0,0,1,26,0,26,18	1012	39	444	231	51	180	0	6088	2518
rank2-random	0,0,1,12,13,22,8	1012	52	443	237	55	182	0	6256	2567
rank1-offgraph	0,0,0,1,1,0,2	1104	0	1104	1104	276	828	0	8643	2258
rank1-offgraph	0,0,0,1,1,0,18	1104	0	1104	1104	276	828	0	8501	2057
rank1-offgraph	0,0,0,1,1,0,23	1104	0	1104	1104	276	828	0	8501	2210
rank1-offgraph	0,0,0,1,1,0,26	1104	0	1104	1104	276	828	0	8501	2215
rank1-offgraph	0,0,0,1,1,1,2	1104	0	1104	1104	276	828	0	8643	2270
rank1-offgraph	0,0,0,1,1,1,18	1104	0	1104	1104	276	828	0	8501	2020
rank1-offgraph	0,0,0,1,1,1,23	1104	0	1104	1104	276	828	0	8501	2199
rank1-offgraph	0,0,0,1,1,1,26	1104	0	1104	1104	276	828	0	8501	2226
rank1-offgraph	0,0,0,1,1,2,1	1104	0	1104	1104	276	828	0	8643	2288
rank1-offgraph	0,0,0,1,1,2,20	1104	0	1104	1104	276	828	0	8501	2163
rank1-offgraph	0,0,0,1,1,2,22	1104	0	1104	1104	276	828	0	8501	2224
rank1-offgraph	0,0,0,1,1,2,25	1104	0	1104	1104	276	828	0	8501	2218
rank1-offgraph	0,0,0,1,1,3,1	1104	0	1104	1104	276	828	0	8501	2215
rank1-offgraph	0,0,0,1,1,3,4	1104	0	1104	1104	276	828	0	8501	2057
rank1-offgraph	0,0,0,1,1,3,8	1104	0	1104	1104	276	828	0	8501	2210
rank1-offgraph	0,0,0,1,1,3,16	1104	0	1104	1104	276	828	0	8643	2258
rank1-offgraph	0,0,0,1,1,4,1	1104	0	1104	1104	276	828	0	8501	2020
rank1-offgraph	0,0,0,1,1,4,5	1104	0	1104	1104	276	828	0	8501	2199
rank1-offgraph	0,0,0,1,1,4,7	1104	0	1104	1104	276	828	0	8501	2226
rank1-offgraph	0,0,0,1,1,4,13	1104	0	1104	1104	276	828	0	8643	2270
rank1-offgraph	0,0,0,1,1,5,1	1104	0	1104	1104	276	828	0	8501	2224
rank1-offgraph	0,0,0,1,1,5,3	1104	0	1104	1104	276	828	0	8501	2218
rank1-offgraph	0,0,0,1,1,5,6	1104	0	1104	1104	276	828	0	8501	2163
rank1-offgraph	0,0,0,1,1,5,9	1104	0	1104	1104	276	828	0	8643	2288
rank1-offgraph	0,0,0,1,1,6,0	1104	0	1104	1104	276	828	0	8501	2199
rank1-offgraph	0,0,0,1,1,6,4	1104	0	1104	1104	276	828	0	8501	2226
rank1-offgraph	0,0,0,1,1,6,6	1104	0	1104	1104	276	828	0	8501	2020
rank1-offgraph	0,0,0,1,1,6,12	1104	0	1104	1104	276	828	0	8643	2270
rank1-offgraph	0,0,0,1,1,7,0	1104	0	1104	1104	276	828	0	8501	2163
rank1-offgraph	0,0,0,1,1,7,3	1104	0	1104	1104	276	828	0	8501	2224
rank1-offgraph	0,0,0,1,1,7,7	1104	0	1104	1104	276	828	0	8501	2218
rank1-offgraph	0,0,0,1,1,7,15	1104	0	1104	1104	276	828	0	8643	2288
rank1-offgraph	0,0,0,1,1,8,0	1104	0	1104	1104	276	828	0	8501	2215
rank1-offgraph	0,0,0,1,1,8,5	1104	0	1104	1104	276	828	0	8501	2057
rank1-offgraph	0,0,0,1,1,8,8	1104	0	1104	1104	276	828	0	8501	2210
rank1-offgraph	0,0,0,1,1,8,11	1104	0	1104	1104	276	828	0	8643	2258
rank1-offgraph	0,0,0,1,1,9,7	1104	0	1104	1104	276	828	0	8643	2106
rank1-offgraph	0,0,0,1,1,9,19	1104	0	1104	1104	276	828	0	8501	2196
rank1-offgraph	0,0,0,1,1,9,22	1104	0	1104	1104	276	828	0	8501	2190
rank1-offgraph	0,0,0,1,1,9,26	1104	0	1104	1104	276	828	0	8501	2200
rank1-offgraph	0,0,0,1,1,10,10	1104	0	1104	1104	276	828	0	8501	2108
rank1-offgraph	0,0,0,1,1,10,13	1104	0	1104	1104	276	828	0	8501	2217
rank1-offgraph	0,0,0,1,1,10,17	1104	0	1104	1104	276	828	0	8501	2223
rank1-offgraph	0,0,0,1,1,10,25	1104	0	1104	1104	276	828	0	8643	2084
rank1-offgraph	0,0,0,1,1,11,0	1104	0	1104	1104	276	828	0	8501	2002
rank1-offgraph	0,0,0,1,1,11,3	1104	0	1104	1104	276	828	0	8501	2195
rank1-offgraph	0,0,0,1,1,11,7	1104	0	1104	1104	276	828	0	8501	2204
rank1-offgraph	0,0,0,1,1,11,15	1104	0	1104	1104	276	828	0	8643	2214
rank1-offgraph	0,0,0,1,1,12,0	1104	0	1104	1104	276	828	0	8501	2190
rank1-offgraph	0,0,0,1,1,12,5	1104	0	1104	1104	276	828	0	8501	2200
rank1-offgraph	0,0,0,1,1,12,8	1104	0	1104	1104	276	828	0	8501	2196
rank1-offgraph	0,0,0,1,1,12,11	1104	0	1104	1104	276	828	0	8643	2106
rank1-offgraph	0,0,0,1,1,13,8	1104	0	1104	1104	276	828	0	8643	2084
rank1-offgraph	0,0,0,1,1,13,20	1104	0	1104	1104	276	828	0	8501	2223
rank1-offgraph	0,0,0,1,1,13,23	1104	0	1104	1104	276	828	0	8501	2108
rank1-offgraph	0,0,0,1,1,13,24	1104	0	1104	1104	276	828	0	8501	2217
rank1-offgraph	0,0,0,1,1,14,10	1104	0	1104	1104	276	828	0	8501	2002
rank1-offgraph	0,0,0,1,1,14,14	1104	0	1104	1104	276	828	0	8501	2195
rank1-offgraph	0,0,0,1,1,14,16	1104	0	1104	1104	276	828	0	8501	2204
rank1-offgraph	0,0,0,1,1,14,22	1104	0	1104	1104	276	828	0	8643	2214
rank1-offgraph	0,0,0,1,1,15,0	1104	0	1104	1104	276	828	0	8501	2204
rank1-offgraph	0,0,0,1,1,15,4	1104	0	1104	1104	276	828	0	8501	2002
rank1-offgraph	0,0,0,1,1,15,6	1104	0	1104	1104	276	828	0	8501	2195
rank1-offgraph	0,0,0,1,1,15,12	1104	0	1104	1104	276	828	0	8643	2214
rank1-offgraph	0,0,0,1,1,16,6	1104	0	1104	1104	276	828	0	8643	2106
rank1-offgraph	0,0,0,1,1,16,18	1104	0	1104	1104	276	828	0	8501	2190
rank1-offgraph	0,0,0,1,1,16,21	1104	0	1104	1104	276	828	0	8501	2200
rank1-offgraph	0,0,0,1,1,16,25	1104	0	1104	1104	276	828	0	8501	2196
rank1-offgraph	0,0,0,1,1,17,9	1104	0	1104	1104	276	828	0	8501	2108
rank1-offgraph	0,0,0,1,1,17,14	1104	0	1104	1104	276	828	0	8501	2217
rank1-offgraph	0,0,0,1,1,17,17	1104	0	1104	1104	276	828	0	8501	2223
rank1-offgraph	0,0,0,1,1,17,20	1104	0	1104	1104	276	828	0	8643	2084
rank1-offgraph	0,0,0,1,1,18,10	1104	0	1104	1104	276	828	0	8501	2211
rank1-offgraph	0,0,0,1,1,18,12	1104	0	1104	1104	276	828	0	8501	2201
rank1-offgraph	0,0,0,1,1,18,15	1104	0	1104	1104	276	828	0	8501	2214
rank1-offgraph	0,0,0,1,1,18,18	1104	0	1104	1104	276	828	0	8643	2253
rank1-offgraph	0,0,0,1,1,19,0	1104	0	1104	1104	276	828	0	8643	2253
rank1-offgraph	0,0,0,1,1,19,19	1104	0	1104	1104	276	828	0	8501	2214
rank1-offgraph	0,0,0,1,1,19,21	1104	0	1104	1104	276	828	0	8501	2211
rank1-offgraph	0,0,0,1,1,19,24	1104	0	1104	1104	276	828	0	8501	2201
rank1-offgraph	0,0,0,1,1,20,0	1104	0	1104	1104	276	828	0	8501	2201
rank1-offgraph	0,0,0,1,1,20,5	1104	0	1104	1104	276	828	0	8501	2214
rank1-offgraph	0,0,0,1,1,20,8	1104	0	1104	1104	276	828	0	8501	2211
rank1-offgraph	0,0,0,1,1,20,11	1104	0	1104	1104	276	828	0	8643	2253
rank1-offgraph	0,0,0,1,1,21,0	1104	0	1104	1104	276	828	0	8643	2251
rank1-offgraph	0,0,0,1,1,21,19	1104	0	1104	1104	276	828	0	8501	1980
rank1-offgraph	0,0,0,1,1,21,21	1104	0	1104	1104	276	828	0	8501	2182
rank1-offgraph	0,0,0,1,1,21,24	1104	0	1104	1104	276	828	0	8501	2128
rank1-offgraph	0,0,0,1,1,22,0	1104	0	1104	1104	276	828	0	8501	2128
rank1-offgraph	0,0,0,1,1,22,3	1104	0	1104	1104	276	828	0	8501	1980
rank1-offgraph	0,0,0,1,1,22,7	1104	0	1104	1104	276	828	0	8501	2182
rank1-offgraph	0,0,0,1,1,22,15	1104	0	1104	1104	276	828	0	8643	2251
rank1-offgraph	0,0,0,1,1,23,11	1104	0	1104	1104	276	828	0	8501	2182
rank1-offgraph	0,0,0,1,1,23,12	1104	0	1104	1104	276	828	0	8501	2128
rank1-offgraph	0,0,0,1,1,23,17	1104	0	1104	1104	276	828	0	8501	1980
rank1-offgraph	0,0,0,1,1,23,23	1104	0	1104	1104	276	828	0	8643	2251
rank1-offgraph	0,0,0,1,1,24,0	1104	0	1104	1104	276	828	0	8643	2260
rank1-offgraph	0,0,0,1,1,24,19	1104	0	1104	1104	276	828	0	8501	2219
rank1-offgraph	0,0,0,1,1,24,21	1104	0	1104	1104	276	828	0	8501	2219
rank1-offgraph	0,0,0,1,1,24,24	1104	0	1104	1104	276	828	0	8501	2219
rank1-offgraph	0,0,0,1,1,25,0	1104	0	1104	1104	276	828	0	8501	2194
rank1-offgraph	0,0,0,1,1,25,4	1104	0	1104	1104	276	828	0	8501	2194
rank1-offgraph	0,0,0,1,1,25,6	1104	0	1104	1104	276	828	0	8501	2194
rank1-offgraph	0,0,0,1,1,25,12	1104	0	1104	1104	276	828	0	8643	2290
rank1-offgraph	0,0,0,1,1,26,11	1104	0	1104	1104	276	828	0	8501	2181
rank1-offgraph	0,0,0,1,1,26,14	1104	0	1104	1104	276	828	0	8501	2181
rank1-offgraph	0,0,0,1,1,26,15	1104	0	1104	1104	276	828	0	8501	2181
rank1-offgraph	0,0,0,1,1,26,26	1104	0	1104	1104	276	828	0	8643	2299
rank1-graph	0,0,0,2,0,1,0	1104	0	1104	1104	276	828	0	10575	2753
rank1-graph	0,0,0,2,0,1,1	1104	0	1104	1104	276	828	0	10575	2753
rank1-graph	0,0,0,2,0,1,2	1104	0	1104	1104	276	828	0	10575	2753
rank1-graph	0,0,0,2,0,1,3	1104	0	1104	1104	276	828	0	10575	2810
rank1-graph	0,0,0,2,0,1,4	1104	0	1104	1104	276	828	0	10575	2771
rank1-graph	0,0,0,2,0,1,5	1104	0	1104	1104	276	828	0	10575	2810
rank1-graph	0,0,0,2,0,1,6	1104	0	1104	1104	276	828	0	10575	2753
rank1-graph	0,0,0,2,0,1,7	1104	0	1104	1104	276	828	0	10575	2753
rank1-graph	0,0,0,2,0,1,8	1104	0	1104	1104	276	828	0	10575	2753
rank1-offgraph	0,0,0,2,1,0,2	1104	0	1104	1104	276	828	0	8643	2084
rank1-offgraph	0,0,0,2,1,0,18	1104	0	1104	1104	276	828	0	8501	2217
rank1-offgraph	0,0,0,2,1,0,23	1104	0	1104	1104	276	828	0	8501	2223
rank1-offgraph	0,0,0,2,1,0,26	1104	0	1104	1104	276	828	0	8501	2108
rank1-offgraph	0,0,0,2,1,1,1	1104	0	1104	1104	276	828	0	8643	2106
rank1-offgraph	0,0,0,2,1,1,20	1104	0	1104	1104	276	828	0	8501	2190
rank1-offgraph	0,0,0,2,1,1,22	1104	0	1104	1104	276	828	0	8501	2200
rank1-offgraph	0,0,0,2,1,1,25	1104	0	1104	1104	276	828	0	8501	2196
rank1-offgraph	0,0,0,2,1,2,2	1104	0	1104	1104	276	828	0	8643	2214
rank1-offgraph	0,0,0,2,1,2,18	1104	0	1104	1104	276	828	0	8501	2195
rank1-offgraph	0,0,0,2,1,2,23	1104	0	1104	1104	276	828	0	8501	2204
rank1-offgraph	0,0,0,2,1,2,26	1104	0	1104	1104	276	828	0	8501	2002
rank1-offgraph	0,0,0,2,1,3,0	1104	0	1104	1104	276	828	0	8501	2217
rank1-offgraph	0,0,0,2,1,3,4	1104	0	1104	1104	276	828	0	8501	2223
rank1-offgraph	0,0,0,2,1,3,6	1104	0	1104	1104	276	828	0	8501	2108
rank1-offgraph	0,0,0,2,1,3,12	1104	0	1104	1104	276	828	0	8643	2084
rank1-offgraph	0,0,0,2,1,4,0	1104	0	1104	1104	276	828	0	8501	2200
rank1-offgraph	0,0,0,2,1,4,5	1104	0	1104	1104	276	828	0	8501	2196
rank1-offgraph	0,0,0,2,1,4,8	1104	0	1104	1104	276	828	0	8501	2190
rank1-offgraph	0,0,0,2,1,4,11	1104	0	1104	1104	276	828	0	8643	2106
rank1-offgraph	0,0,0,2,1,5,0	1104	0	1104	1104	276	828	0	8501	2002
rank1-offgraph	0,0,0,2,1,5,3	1104	0	1104	1104	276	828	0	8501	2195
rank1-offgraph	0,0,0,2,1,5,7	1104	0	1104	1104	276	828	0	8501	2204
rank1-offgraph	0,0,0,2,1,5,15	1104	0	1104	1104	276	828	0	8643	2214
rank1-offgraph	0,0,0,2,1,6,1	1104	0	1104	1104	276	828	0	8501	2190
rank1-offgraph	0,0,0,2,1,6,4	1104	0	1104	1104	276	828	0	8501	2200
rank1-offgraph	0,0,0,2,1,6,8	1104	0	1104	1104	276	828	0	8501	2196
rank1-offgraph	0,0,0,2,1,6,16	1104	0	1104	1104	276	828	0	8643	2106
rank1-offgraph	0,0,0,2,1,7,1	1104	0	1104	1104	276	828	0	8501	2002
rank1-offgraph	0,0,0,2,1,7,3	1104	0	1104	1104	276	828	0	8501	2195
rank1-offgraph	0,0,0,2,1,7,6	1104	0	1104	1104	276	828	0	8501	2204
rank1-offgraph	0,0,0,2,1,7,9	1104	0	1104	1104	276	828	0	8643	2214
rank1-offgraph	0,0,0,2,1,8,1	1104	0	1104	1104	276	828	0	8501	2223
rank1-offgraph	0,0,0,2,1,8,5	1104	0	1104	1104	276	828	0	8501	2108
rank1-offgraph	0,0,0,2,1,8,7	1104	0	1104	1104	276	828	0	8501	2217
rank1-offgraph	0,0,0,2,1,8,13	1104	0	1104	1104	276	828	0	8643	2084
rank1-offgraph	0,0,0,2,1,9,10	1104	0	1104	1104	276	828	0	8501	2199
rank1-offgraph	0,0,0,2,1,9,12	1104	0	1104	1104	276	828	0	8501	2226
rank1-offgraph	0,0,0,2,1,9,15	1104	0	1104	1104	276	828	0	8501	2020
rank1-offgraph	0,0,0,2,1,9,18	1104	0	1104	1104	276	828	0	8643	2270
rank1-offgraph	0,0,0,2,1,10,0	1104	0	1104	1104	276	828	0	8501	2210
rank1-offgraph	0,0,0,2,1,10,5	1104	0	1104	1104	276	828	0	8501	2215
rank1-offgraph	0,0,0,2,1,10,8	1104	0	1104	1104	276	828	0	8501	2057
rank1-offgraph	0,0,0,2,1,10,11	1104	0	1104	1104	276	828	0	8643	2258
rank1-offgraph	0,0,0,2,1,11,0	1104	0	1104	1104	276	828	0	8643	2288
rank1-offgraph	0,0,0,2,1,11,19	1104	0	1104	1104	276	828	0	8501	2224
rank1-offgraph	0,0,0,2,1,11,21	1104	0	1104	1104	276	828	0	8501	2218
rank1-offgraph	0,0,0,2,1,11,24	1104	0	1104	1104	276	828	0	8501	2163
rank1-offgraph	0,0,0,2,1,12,0	1104	0	1104	1104	276	828	0	8643	2270
rank1-offgraph	0,0,0,2,1,12,19	1104	0	1104	1104	276	828	0	8501	2020
rank1-offgraph	0,0,0,2,1,12,21	1104	0	1104	1104	276	828	0	8501	2199
rank1-offgraph	0,0,0,2,1,12,24	1104	0	1104	1104	276	828	0	8501	2226
rank1-offgraph	0,0,0,2,1,13,11	1104	0	1104	1104	276	828	0	8501	2210
rank1-offgraph	0,0,0,2,1,13,14	1104	0	1104	1104	276	828	0	8501	2215
rank1-offgraph	0,0,0,2,1,13,15	1104	0	1104	1104	276	828	0	8501	2057
rank1-offgraph	0,0,0,2,1,13,26	1104	0	1104	1104	276	828	0	8643	2258
rank1-offgraph	0,0,0,2,1,14,0	1104	0	1104	1104	276	828	0	8501	2218
rank1-offgraph	0,0,0,2,1,14,4	1104	0	1104	1104	276	828	0	8501	2163
rank1-offgraph	0,0,0,2,1,14,6	1104	0	1104	1104	276	828	0	8501	2224
rank1-offgraph	0,0,0,2,1,14,12	1104	0	1104	1104	276	828	0	8643	2288
rank1-offgraph	0,0,0,2,1,15,0	1104	0	1104	1104	276	828	0	8643	2288
rank1-offgraph	0,0,0,2,1,15,19	1104	0	1104	1104	276	828	0	8501	2218
rank1-offgraph	0,0,0,2,1,15,21	1104	0	1104	1104	276	828	0	8501	2163
rank1-offgraph	0,0,0,2,1,15,24	1104	0	1104	1104	276	828	0	8501	2224
rank1-offgraph	0,0,0,2,1,16,11	1104	0	1104	1104	276	828	0	8501	2199
rank1-offgraph	0,0,0,2,1,16,12	1104	0	1104	1104	276	828	0	8501	2226
rank1-offgraph	0,0,0,2,1,16,17	1104	0	1104	1104	276	828	0	8501	2020
rank1-offgraph	0,0,0,2,1,16,23	1104	0	1104	1104	276	828	0	8643	2270
rank1-offgraph	0,0,0,2,1,17,0	1104	0	1104	1104	276	828	0	8501	2057
rank1-offgraph	0,0,0,2,1,17,3	1104	0	1104	1104	276	828	0	8501	2210
rank1-offgraph	0,0,0,2,1,17,7	1104	0	1104	1104	276	828	0	8501	2215
rank1-offgraph	0,0,0,2,1,17,15	1104	0	1104	1104	276	828	0	8643	2258
rank1-offgraph	0,0,0,2,1,18,7	1104	0	1104	1104	276	828	0	8643	2251
rank1-offgraph	0,0,0,2,1,18,19	1104	0	1104	1104	276	828	0	8501	2128
rank1-offgraph	0,0,0,2,1,18,22	1104	0	1104	1104	276	828	0	8501	1980
rank1-offgraph	0,0,0,2,1,18,26	1104	0	1104	1104	276	828	0	8501	2182
rank1-offgraph	0,0,0,2,1,19,0	1104	0	1104	1104	276	828	0	8501	2182
rank1-offgraph	0,0,0,2,1,19,3	1104	0	1104	1104	276	828	0	8501	2128
rank1-offgraph	0,0,0,2,1,19,7	1104	0	1104	1104	276	828	0	8501	1980
rank1-offgraph	0,0,0,2,1,19,15	1104	0	1104	1104	276	828	0	8643	2251
rank1-offgraph	0,0,0,2,1,20,10	1104	0	1104	1104	276	828	0	8501	1980
rank1-offgraph	0,0,0,2,1,20,13	1104	0	1104	1104	276	828	0	8501	2182
rank1-offgraph	0,0,0,2,1,20,17	1104	0	1104	1104	276	828	0	8501	2128
rank1-offgraph	0,0,0,2,1,20,25	1104	0	1104	1104	276	828	0	8643	2251
rank1-offgraph	0,0,0,2,1,21,0	1104	0	1104	1104	276	828	0	8501	2201
rank1-offgraph	0,0,0,2,1,21,4	1104	0	1104	1104	276	828	0	8501	2214
rank1-offgraph	0,0,0,2,1,21,6	1104	0	1104	1104	276	828	0	8501	2211
rank1-offgraph	0,0,0,2,1,21,12	1104	0	1104	1104	276	828	0	8643	2253
rank1-offgraph	0,0,0,2,1,22,9	1104	0	1104	1104	276	828	0	8501	2211
rank1-offgraph	0,0,0,2,1,22,14	1104	0	1104	1104	276	828	0	8501	2201
rank1-offgraph	0,0,0,2,1,22,17	1104	0	1104	1104	276	828	0	8501	2214
rank1-offgraph	0,0,0,2,1,22,20	1104	0	1104	1104	276	828	0	8643	2253
rank1-offgraph	0,0,0,2,1,23,6	1104	0	1104	1104	276	828	0	8643	2253
rank1-offgraph	0,0,0,2,1,23,18	1104	0	1104	1104	276	828	0	8501	2214
rank1-offgraph	0,0,0,2,1,23,21	1104	0	1104	1104	276	828	0	8501	2211
rank1-offgraph	0,0,0,2,1,23,25	1104	0	1104	1104	276	828	0	8501	2201
rank1-offgraph	0,0,0,2,1,24,0	1104	0	1104	1104	276	828	0	8501	2194
rank1-offgraph	0,0,0,2,1,24,5	1104	0	1104	1104	276	828	0	8501	2194
rank1-offgraph	0,0,0,2,1,24,8	1104	0	1104	1104	276	828	0	8501	2194
rank1-offgraph	0,0,0,2,1,24,11	1104	0	1104	1104	276	828	0	8643	2290
rank1-offgraph	0,0,0,2,1,25,10	1104	0	1104	1104	276	828	0	8501	2219
rank1-offgraph	0,0,0,2,1,25,14	1104	0	1104	1104	276	828	0	8501	2219
rank1-offgraph	0,0,0,2,1,25,16	1104	0	1104	1104	276	828	0	8501	2219
rank1-offgraph	0,0,0,2,1,25,22	1104	0	1104	1104	276	828	0	8643	2260
rank1-offgraph	0,0,0,2,1,26,8	1104	0	1104	1104	276	828	0	8643	2299
rank1-offgraph	0,0,0,2,1,26,20	1104	0	1104	1104	276	828	0	8501	2181
rank1-offgraph	0,0,0,2,1,26,23	1104	0	1104	1104	276	828	0	8501	2181
rank1-offgraph	0,0,0,2,1,26,24	1104	0	1104	1104	276	828	0	8501	2181
rank1-offgraph	0,0,0,3,1,0,2	1104	0	1104	1104	276	828	0	8501	2210
rank1-offgraph	0,0,0,3,1,0,8	1104	0	1104	1104	276	828	0	8501	2057
rank1-offgraph	0,0,0,3,1,0,17	1104	0	1104	1104	276	828	0	8643	2258
rank1-offgraph	0,0,0,3,1,0,24	1104	0	1104	1104	276	828	0	8501	2215
rank1-offgraph	0,0,0,3,1,1,3	1104	0	1104	1104	276	828	0	8501	2199
rank1-offgraph	0,0,0,3,1,1,6	1104	0	1104	1104	276	828	0	8501	2226
rank1-offgraph	0,0,0,3,1,1,12	1104	0	1104	1104	276	828	0	8643	2270
rank1-offgraph	0,0,0,3,1,1,22	1104	0	1104	1104	276	828	0	8501	2020
rank1-offgraph	0,0,0,3,1,2,0	1104	0	1104	1104	276	828	0	8501	2215
rank1-offgraph	0,0,0,3,1,2,3	1104	0	1104	1104	276	828	0	8501	2057
rank1-offgraph	0,0,0,3,1,2,9	1104	0	1104	1104	276	828	0	8643	2258
rank1-offgraph	0,0,0,3,1,2,19	1104	0	1104	1104	276	828	0	8501	2210
rank1-offgraph	0,0,0,3,1,3,5	1104	0	1104	1104	276	828	0	8501	2196
rank1-offgraph	0,0,0,3,1,3,8	1104	0	1104	1104	276	828	0	8501	2190
rank1-offgraph	0,0,0,3,1,3,14	1104	0	1104	1104	276	828	0	8643	2106
rank1-offgraph	0,0,0,3,1,3,21	1104	0	1104	1104	276	828	0	8501	2200
rank1-offgraph	0,0,0,3,1,4,0	1104	0	1104	1104	276	828	0	8501	2002
rank1-offgraph	0,0,0,3,1,4,6	1104	0	1104	1104	276	828	0	8501	2204
rank1-offgraph	0,0,0,3,1,4,15	1104	0	1104	1104	276	828	0	8643	2214
rank1-offgraph	0,0,0,3,1,4,25	1104	0	1104	1104	276	828	0	8501	2195
rank1-offgraph	0,0,0,3,1,5,0	1104	0	1104	1104	276	828	0	8501	2190
rank1-offgraph	0,0,0,3,1,5,3	1104	0	1104	1104	276	828	0	8501	2200
rank1-offgraph	0,0,0,3,1,5,9	1104	0	1104	1104	276	828	0	8643	2106
rank1-offgraph	0,0,0,3,1,5,19	1104	0	1104	1104	276	828	0	8501	2196
rank1-offgraph	0,0,0,3,1,6,2	1104	0	1104	1104	276	828	0	8643	2251
rank1-offgraph	0,0,0,3,1,6,9	1104	0	1104	1104	276	828	0	8501	2182
rank1-offgraph	0,0,0,3,1,6,20	1104	0	1104	1104	276	828	0	8501	2128
rank1-offgraph	0,0,0,3,1,6,23	1104	0	1104	1104	276	828	0	8501	1980
rank1-offgraph	0,0,0,3,1,7,0	1104	0	1104	1104	276	828	0	8643	2260
rank1-offgraph	0,0,0,3,1,7,10	1104	0	1104	1104	276	828	0	8501	2219
rank1-offgraph	0,0,0,3,1,7,18	1104	0	1104	1104	276	828	0	8501	2219
rank1-offgraph	0,0,0,3,1,7,21	1104	0	1104	1104	276	828	0	8501	2219
rank1-offgraph	0,0,0,3,1,8,0	1104	0	1104	1104	276	828	0	8643	2253
rank1-offgraph	0,0,0,3,1,8,10	1104	0	1104	1104	276	828	0	8501	2201
rank1-offgraph	0,0,0,3,1,8,18	1104	0	1104	1104	276	828	0	8501	2214
rank1-offgraph	0,0,0,3,1,8,21	1104	0	1104	1104	276	828	0	8501	2211
rank1-offgraph	0,0,0,3,1,9,4	1104	0	1104	1104	276	828	0	8643	2288
rank1-offgraph	0,0,0,3,1,9,14	1104	0	1104	1104	276	828	0	8501	2163
rank1-offgraph	0,0,0,3,1,9,22	1104	0	1104	1104	276	828	0	8501	2224
rank1-offgraph	0,0,0,3,1,9,25	1104	0	1104	1104	276	828	0	8501	2218
rank1-offgraph	0,0,0,3,1,10,0	1104	0	1104	1104	276	828	0	8501	2199
rank1-offgraph	0,0,0,3,1,10,11	1104	0	1104	1104	276	828	0	8501	2226
rank1-offgraph	0,0,0,3,1,10,14	1104	0	1104	1104	276	828	0	8501	2020
rank1-offgraph	0,0,0,3,1,10,20	1104	0	1104	1104	276	828	0	8643	2270
rank1-offgraph	0,0,0,3,1,11,2	1104	0	1104	1104	276	828	0	8501	2199
rank1-offgraph	0,0,0,3,1,11,8	1104	0	1104	1104	276	828	0	8501	2020
rank1-offgraph	0,0,0,3,1,11,17	1104	0	1104	1104	276	828	0	8643	2270
rank1-offgraph	0,0,0,3,1,11,24	1104	0	1104	1104	276	828	0	8501	2226
rank1-offgraph	0,0,0,3,1,12,6	1104	0	1104	1104	276	828	0	8643	2106
rank1-offgraph	0,0,0,3,1,12,16	1104	0	1104	1104	276	828	0	8501	2190
rank1-offgraph	0,0,0,3,1,12,18	1104	0	1104	1104	276	828	0	8501	2196
rank1-offgraph	0,0,0,3,1,12,24	1104	0	1104	1104	276	828	0	8501	2200
rank1-offgraph	0,0,0,3,1,13,2	1104	0	1104	1104	276	828	0	8501	2108
rank1-offgraph	0,0,0,3,1,13,10	1104	0	1104	1104	276	828	0	8501	2217
rank1-offgraph	0,0,0,3,1,13,13	1104	0	1104	1104	276	828	0	8501	2223
rank1-offgraph	0,0,0,3,1,13,19	1104	0	1104	1104	276	828	0	8643	2084
rank1-offgraph	0,0,0,3,1,14,4	1104	0	1104	1104	276	828	0	8501	2108
rank1-offgraph	0,0,0,3,1,14,7	1104	0	1104	1104	276	828	0	8501	2217
rank1-offgraph	0,0,0,3,1,14,13	1104	0	1104	1104	276	828	0	8643	2084
rank1-offgraph	0,0,0,3,1,14,23	1104	0	1104	1104	276	828	0	8501	2223
rank1-offgraph	0,0,0,3,1,15,0	1104	0	1104	1104	276	828	0	8501	2194
rank1-offgraph	0,0,0,3,1,15,11	1104	0	1104	1104	276	828	0	8501	2194
rank1-offgraph	0,0,0,3,1,15,14	1104	0	1104	1104	276	828	0	8501	2194
rank1-offgraph	0,0,0,3,1,15,20	1104	0	1104	1104	276	828	0	8643	2290
rank1-offgraph	0,0,0,3,1,16,0	1104	0	1104	1104	276	828	0	8501	2201
rank1-offgraph	0,0,0,3,1,16,3	1104	0	1104	1104	276	828	0	8501	2214
rank1-offgraph	0,0,0,3,1,16,9	1104	0	1104	1104	276	828	0	8643	2253
rank1-offgraph	0,0,0,3,1,16,19	1104	0	1104	1104	276	828	0	8501	2211
rank1-offgraph	0,0,0,3,1,17,0	1104	0	1104	1104	276	828	0	8643	2251
rank1-offgraph	0,0,0,3,1,17,10	1104	0	1104	1104	276	828	0	8501	2128
rank1-offgraph	0,0,0,3,1,17,18	1104	0	1104	1104	276	828	0	8501	1980
rank1-offgraph	0,0,0,3,1,17,21	1104	0	1104	1104	276	828	0	8501	2182
rank1-offgraph	0,0,0,3,1,18,0	1104	0	1104	1104	276	828	0	8501	2163
rank1-offgraph	0,0,0,3,1,18,6	1104	0	1104	1104	276	828	0	8501	2218
rank1-offgraph	0,0,0,3,1,18,15	1104	0	1104	1104	276	828	0	8643	2288
rank1-offgraph	0,0,0,3,1,18,25	1104	0	1104	1104	276	828	0	8501	2224
rank1-offgraph	0,0,0,3,1,19,5	1104	0	1104	1104	276	828	0	8501	2218
rank1-offgraph	0,0,0,3,1,19,13	1104	0	1104	1104	276	828	0	8501	2163
rank1-offgraph	0,0,0,3,1,19,16	1104	0	1104	1104	276	828	0	8501	2224
rank1-offgraph	0,0,0,3,1,19,22	1104	0	1104	1104	276	828	0	8643	2288
rank1-offgraph	0,0,0,3,1,20,1	1104	0	1104	1104	276	828	0	8643	2258
rank1-offgraph	0,0,0,3,1,20,11	1104	0	1104	1104	276	828	0	8501	2057
rank1-offgraph	0,0,0,3,1,20,19	1104	0	1104	1104	276	828	0	8501	2210
rank1-offgraph	0,0,0,3,1,20,22	1104	0	1104	1104	276	828	0	8501	2215
rank1-offgraph	0,0,0,3,1,21,1	1104	0	1104	1104	276	828	0	8501	2204
rank1-offgraph	0,0,0,3,1,21,7	1104	0	1104	1104	276	828	0	8501	2195
rank1-offgraph	0,0,0,3,1,21,16	1104	0	1104	1104	276	828	0	8643	2214
rank1-offgraph	0,0,0,3,1,21,26	1104	0	1104	1104	276	828	0	8501	2002
rank1-offgraph	0,0,0,3,1,22,0	1104	0	1104	1104	276	828	0	8501	2204
rank1-offgraph	0,0,0,3,1,22,11	1104	0	1104	1104	276	828	0	8501	2002
rank1-offgraph	0,0,0,3,1,22,14	1104	0	1104	1104	276	828	0	8501	2195
rank1-offgraph	0,0,0,3,1,22,20	1104	0	1104	1104	276	828	0	8643	2214
rank1-offgraph	0,0,0,3,1,23,5	1104	0	1104	1104	276	828	0	8643	2084
rank1-offgraph	0,0,0,3,1,23,12	1104	0	1104	1104	276	828	0	8501	2217
rank1-offgraph	0,0,0,3,1,23,23	1104	0	1104	1104	276	828	0	8501	2223
rank1-offgraph	0,0,0,3,1,23,26	1104	0	1104	1104	276	828	0	8501	2108
rank1-offgraph	0,0,0,3,1,24,8	1104	0	1104	1104	276	828	0	8643	2253
rank1-offgraph	0,0,0,3,1,24,15	1104	0	1104	1104	276	828	0	8501	2214
rank1-offgraph	0,0,0,3,1,24,20	1104	0	1104	1104	276	828	0	8501	2201
rank1-offgraph	0,0,0,3,1,24,26	1104	0	1104	1104	276	828	0	8501	2211
rank1-offgraph	0,0,0,3,1,25,0	1104	0	1104	1104	276	828	0	8501	2128
rank1-offgraph	0,0,0,3,1,25,6	1104	0	1104	1104	276	828	0	8501	2182
rank1-offgraph	0,0,0,3,1,25,15	1104	0	1104	1104	276	828	0	8643	2251
rank1-offgraph	0,0,0,3,1,25,25	1104	0	1104	1104	276	828	0	8501	1980
rank1-offgraph	0,0,0,3,1,26,7	1104	0	1104	1104	276	828	0	8501	2181
rank1-offgraph	0,0,0,3,1,26,9	1104	0	1104	1104	276	828	0	8501	2181
rank1-offgraph	0,0,0,3,1,26,15	1104	0	1104	1104	276	828	0	8501	2181
rank1-offgraph	0,0,0,3,1,26,24	1104	0	1104	1104	276	828	0	8643	2299
rank1-offgraph	0,0,0,4,1,0,2	1104	0	1104	1104	276	828	0	8501	2190
rank1-offgraph	0,0,0,4,1,0,7	1104	0	1104	1104	276	828	0	8501	2196
rank1-offgraph	0,0,0,4,1,0,14	1104	0	1104	1104	276	828	0	8643	2106
rank1-offgraph	0,0,0,4,1,0,19	1104	0	1104	1104	276	828	0	8501	2200
rank1-offgraph	0,0,0,4,1,1,4	1104	0	1104	1104	276	828	0	8501	2204
rank1-offgraph	0,0,0,4,1,1,8	1104	0	1104	1104	276	828	0	8501	2002
rank1-offgraph	0,0,0,4,1,1,11	1104	0	1104	1104	276	828	0	8643	2214
rank1-offgraph	0,0,0,4,1,1,25	1104	0	1104	1104	276	828	0	8501	2195
rank1-offgraph	0,0,0,4,1,2,0	1104	0	1104	1104	276	828	0	8501	2190
rank1-offgraph	0,0,0,4,1,2,4	1104	0	1104	1104	276	828	0	8501	2200
rank1-offgraph	0,0,0,4,1,2,16	1104	0	1104	1104	276	828	0	8643	2106
rank1-offgraph	0,0,0,4,1,2,21	1104	0	1104	1104	276	828	0	8501	2196
rank1-offgraph	0,0,0,4,1,3,0	1104	0	1104	1104	276	828	0	8501	2214
rank1-offgraph	0,0,0,4,1,3,4	1104	0	1104	1104	276	828	0	8501	2211
rank1-offgraph	0,0,0,4,1,3,16	1104	0	1104	1104	276	828	0	8643	2253
rank1-offgraph	0,0,0,4,1,3,21	1104	0	1104	1104	276	828	0	8501	2201
rank1-offgraph	0,0,0,4,1,4,3	1104	0	1104	1104	276	828	0	8501	2128
rank1-offgraph	0,0,0,4,1,4,7	1104	0	1104	1104	276	828	0	8501	1980
rank1-offgraph	0,0,0,4,1,4,10	1104	0	1104	1104	276	828	0	8643	2251
rank1-offgraph	0,0,0,4,1,4,24	1104	0	1104	1104	276	828	0	8501	2182
rank1-offgraph	0,0,0,4,1,5,0	1104	0	1104	1104	276	828	0	8501	2219
rank1-offgraph	0,0,0,4,1,5,8	1104	0	1104	1104	276	828	0	8501	2219
rank1-offgraph	0,0,0,4,1,5,12	1104	0	1104	1104	276	828	0	8643	2260
rank1-offgraph	0,0,0,4,1,5,20	1104	0	1104	1104	276	828	0	8501	2219
rank1-offgraph	0,0,0,4,1,6,0	1104	0	1104	1104	276	828	0	8643	2270
rank1-offgraph	0,0,0,4,1,6,17	1104	0	1104	1104	276	828	0	8501	2020
rank1-offgraph	0,0,0,4,1,6,23	1104	0	1104	1104	276	828	0	8501	2199
rank1-offgraph	0,0,0,4,1,6,24	1104	0	1104	1104	276	828	0	8501	2226
rank1-offgraph	0,0,0,4,1,7,0	1104	0	1104	1104	276	828	0	8643	2258
rank1-offgraph	0,0,0,4,1,7,17	1104	0	1104	1104	276	828	0	8501	2210
rank1-offgraph	0,0,0,4,1,7,23	1104	0	1104	1104	276	828	0	8501	2215
rank1-offgraph	0,0,0,4,1,7,24	1104	0	1104	1104	276	828	0	8501	2057
rank1-offgraph	0,0,0,4,1,8,2	1104	0	1104	1104	276	828	0	8643	2258
rank1-offgraph	0,0,0,4,1,8,16	1104	0	1104	1104	276	828	0	8501	2215
rank1-offgraph	0,0,0,4,1,8,22	1104	0	1104	1104	276	828	0	8501	2057
rank1-offgraph	0,0,0,4,1,8,26	1104	0	1104	1104	276	828	0	8501	2210
rank1-offgraph	0,0,0,4,1,9,2	1104	0	1104	1104	276	828	0	8501	2211
rank1-offgraph	0,0,0,4,1,9,9	1104	0	1104	1104	276	828	0	8501	2214
rank1-offgraph	0,0,0,4,1,9,17	1104	0	1104	1104	276	828	0	8501	2201
rank1-offgraph	0,0,0,4,1,9,21	1104	0	1104	1104	276	828	0	8643	2253
rank1-offgraph	0,0,0,4,1,10,5	1104	0	1104	1104	276	828	0	8501	1980
rank1-offgraph	0,0,0,4,1,10,6	1104	0	1104	1104	276	828	0	8501	2182
rank1-offgraph	0,0,0,4,1,10,9	1104	0	1104	1104	276	828	0	8643	2251
rank1-offgraph	0,0,0,4,1,10,26	1104	0	1104	1104	276	828	0	8501	2128
rank1-offgraph	0,0,0,4,1,11,8	1104	0	1104	1104	276	828	0	8643	2290
rank1-offgraph	0,0,0,4,1,11,13	1104	0	1104	1104	276	828	0	8501	2194
rank1-offgraph	0,0,0,4,1,11,19	1104	0	1104	1104	276	828	0	8501	2194
rank1-offgraph	0,0,0,4,1,11,23	1104	0	1104	1104	276	828	0	8501	2194
rank1-offgraph	0,0,0,4,1,12,0	1104	0	1104	1104	276	828	0	8501	2163
rank1-offgraph	0,0,0,4,1,12,10	1104	0	1104	1104	276	828	0	8501	2218
rank1-offgraph	0,0,0,4,1,12,15	1104	0	1104	1104	276	828	0	8501	2224
rank1-offgraph	0,0,0,4,1,12,22	1104	0	1104	1104	276	828	0	8643	2288
rank1-offgraph	0,0,0,4,1,13,0	1104	0	1104	1104	276	828	0	8501	2226
rank1-offgraph	0,0,0,4,1,13,4	1104	0	1104	1104	276	828	0	8501	2020
rank1-offgraph	0,0,0,4,1,13,16	1104	0	1104	1104	276	828	0	8643	2270
rank1-offgraph	0,0,0,4,1,13,21	1104	0	1104	1104	276	828	0	8501	2199
rank1-offgraph	0,0,0,4,1,14,0	1104	0	1104	1104	276	828	0	8643	2270
rank1-offgraph	0,0,0,4,1,14,17	1104	0	1104	1104	276	828	0	8501	2226
rank1-offgraph	0,0,0,4,1,14,23	1104	0	1104	1104	276	828	0	8501	2020
rank1-offgraph	0,0,0,4,1,14,24	1104	0	1104	1104	276	828	0	8501	2199
rank1-offgraph	0,0,0,4,1,15,2	1104	0	1104	1104	276	828	0	8501	2217
rank1-offgraph	0,0,0,4,1,15,7	1104	0	1104	1104	276	828	0	8501	2108
rank1-offgraph	0,0,0,4,1,15,14	1104	0	1104	1104	276	828	0	8643	2084
rank1-offgraph	0,0,0,4,1,15,19	1104	0	1104	1104	276	828	0	8501	2223
rank1-offgraph	0,0,0,4,1,16,5	1104	0	1104	1104	276	828	0	8643	2106
rank1-offgraph	0,0,0,4,1,16,10	1104	0	1104	1104	276	828	0	8501	2190
rank1-offgraph	0,0,0,4,1,16,20	1104	0	1104	1104	276	828	0	8501	2196
rank1-offgraph	0,0,0,4,1,16,25	1104	0	1104	1104	276	828	0	8501	2200
rank1-offgraph	0,0,0,4,1,17,0	1104	0	1104	1104	276	828	0	8501	2108
rank1-offgraph	0,0,0,4,1,17,10	1104	0	1104	1104	276	828	0	8501	2223
rank1-offgraph	0,0,0,4,1,17,15	1104	0	1104	1104	276	828	0	8501	2217
rank1-offgraph	0,0,0,4,1,17,22	1104	0	1104	1104	276	828	0	8643	2084
rank1-offgraph	0,0,0,4,1,18,6	1104	0	1104	1104	276	828	0	8501	2057
rank1-offgraph	0,0,0,4,1,18,12	1104	0	1104	1104	276	828	0	8501	2210
rank1-offgraph	0,0,0,4,1,18,16	1104	0	1104	1104	276	828	0	8501	2215
rank1-offgraph	0,0,0,4,1,18,19	1104	0	1104	1104	276	828	0	8643	2258
rank1-offgraph	0,0,0,4,1,19,7	1104	0	1104	1104	276	828	0	8643	2288
rank1-offgraph	0,0,0,4,1,19,12	1104	0	1104	1104	276	828	0	8501	2224
rank1-offgraph	0,0,0,4,1,19,18	1104	0	1104	1104	276	828	0	8501	2218
rank1-offgraph	0,0,0,4,1,19,22	1104	0	1104	1104	276	828	0	8501	2163
rank1-offgraph	0,0,0,4,1,20,0	1104	0	1104	1104	276	828	0	8501	2224
rank1-offgraph	0,0,0,4,1,20,8	1104	0	1104	1104	276	828	0	8501	2163
rank1-offgraph	0,0,0,4,1,20,12	1104	0	1104	1104	276	828	0	8643	2288
rank1-offgraph	0,0,0,4,1,20,20	1104	0	1104	1104	276	828	0	8501	2218
rank1-offgraph	0,0,0,4,1,21,3	1104	0	1104	1104	276	828	0	8501	2204
rank1-offgraph	0,0,0,4,1,21,9	1104	0	1104	1104	276	828	0	8501	2002
rank1-offgraph	0,0,0,4,1,21,13	1104	0	1104	1104	276	828	0	8501	2195
rank1-offgraph	0,0,0,4,1,21,25	1104	0	1104	1104	276	828	0	8643	2214
rank1-offgraph	0,0,0,4,1,22,1	1104	0	1104	1104	276	828	0	8643	2084
rank1-offgraph	0,0,0,4,1,22,15	1104	0	1104	1104	276	828	0	8501	2217
rank1-offgraph	0,0,0,4,1,22,21	1104	0	1104	1104	276	828	0	8501	2223
rank1-offgraph	0,0,0,4,1,22,25	1104	0	1104	1104	276	828	0	8501	2108
rank1-offgraph	0,0,0,4,1,23,0	1104	0	1104	1104	276	828	0	8501	2204
rank1-offgraph	0,0,0,4,1,23,8	1104	0	1104	1104	276	828	0	8501	2195
rank1-offgraph	0,0,0,4,1,23,12	1104	0	1104	1104	276	828	0	8643	2214
rank1-offgraph	0,0,0,4,1,23,20	1104	0	1104	1104	276	828	0	8501	2002
rank1-offgraph	0,0,0,4,1,24,1	1104	0	1104	1104	276	828	0	8501	2201
rank1-offgraph	0,0,0,4,1,24,6	1104	0	1104	1104	276	828	0	8501	2211
rank1-offgraph	0,0,0,4,1,24,13	1104	0	1104	1104	276	828	0	8643	2253
rank1-offgraph	0,0,0,4,1,24,18	1104	0	1104	1104	276	828	0	8501	2214
rank1-offgraph	0,0,0,4,1,25,0	1104	0	1104	1104	276	828	0	8501	1980
rank1-offgraph	0,0,0,4,1,25,10	1104	0	1104	1104	276	828	0	8501	2128
rank1-offgraph	0,0,0,4,1,25,15	1104	0	1104	1104	276	828	0	8501	2182
rank1-offgraph	0,0,0,4,1,25,22	1104	0	1104	1104	276	828	0	8643	2251
rank1-offgraph	0,0,0,4,1,26,3	1104	0	1104	1104	276	828	0	8643	2299
rank1-offgraph	0,0,0,4,1,26,11	1104	0	1104	1104	276	828	0	8501	2181
rank1-offgraph	0,0,0,4,1,26,18	1104	0	1104	1104	276	828	0	8501	2181
rank1-offgraph	0,0,0,4,1,26,26	1104	0	1104	1104	276	828	0	8501	2181
rank1-offgraph	0,0,0,5,1,0,2	1104	0	1104	1104	276	828	0	8501	2211
rank1-offgraph	0,0,0,5,1,0,6	1104	0	1104	1104	276	828	0	8501	2214
rank1-offgraph	0,0,0,5,1,0,10	1104	0	1104	1104	276	828	0	8643	2253
rank1-offgraph	0,0,0,5,1,0,21	1104	0	1104	1104	276	828	0	8501	2201
rank1-offgraph	0,0,0,5,1,1,5	1104	0	1104	1104	276	828	0	8501	2128
rank1-offgraph	0,0,0,5,1,1,7	1104	0	1104	1104	276	828	0	8501	1980
rank1-offgraph	0,0,0,5,1,1,15	1104	0	1104	1104	276	828	0	8643	2251
rank1-offgraph	0,0,0,5,1,1,20	1104	0	1104	1104	276	828	0	8501	2182
rank1-offgraph	0,0,0,5,1,2,0	1104	0	1104	1104	276	828	0	8501	2219
rank1-offgraph	0,0,0,5,1,2,5	1104	0	1104	1104	276	828	0	8501	2219
rank1-offgraph	0,0,0,5,1,2,13	1104	0	1104	1104	276	828	0	8643	2260
rank1-offgraph	0,0,0,5,1,2,24	1104	0	1104	1104	276	828	0	8501	2219
rank1-offgraph	0,0,0,5,1,3,0	1104	0	1104	1104	276	828	0	8501	2210
rank1-offgraph	0,0,0,5,1,3,7	1104	0	1104	1104	276	828	0	8501	2057
rank1-offgraph	0,0,0,5,1,3,11	1104	0	1104	1104	276	828	0	8643	2258
rank1-offgraph	0,0,0,5,1,3,22	1104	0	1104	1104	276	828	0	8501	2215
rank1-offgraph	0,0,0,5,1,4,0	1104	0	1104	1104	276	828	0	8501	2199
rank1-offgraph	0,0,0,5,1,4,5	1104	0	1104	1104	276	828	0	8501	2226
rank1-offgraph	0,0,0,5,1,4,13	1104	0	1104	1104	276	828	0	8643	2270
rank1-offgraph	0,0,0,5,1,4,24	1104	0	1104	1104	276	828	0	8501	2020
rank1-offgraph	0,0,0,5,1,5,4	1104	0	1104	1104	276	828	0	8501	2215
rank1-offgraph	0,0,0,5,1,5,6	1104	0	1104	1104	276	828	0	8501	2057
rank1-offgraph	0,0,0,5,1,5,17	1104	0	1104	1104	276	828	0	8643	2258
rank1-offgraph	0,0,0,5,1,5,19	1104	0	1104	1104	276	828	0	8501	2210
rank1-offgraph	0,0,0,5,1,6,0	1104	0	1104	1104	276	828	0	8643	2214
rank1-offgraph	0,0,0,5,1,6,14	1104	0	1104	1104	276	828	0	8501	2195
rank1-offgraph	0,0,0,5,1,6,19	1104	0	1104	1104	276	828	0	8501	2002
rank1-offgraph	0,0,0,5,1,6,26	1104	0	1104	1104	276	828	0	8501	2204
rank1-offgraph	0,0,0,5,1,7,2	1104	0	1104	1104	276	828	0	8643	2106
rank1-offgraph	0,0,0,5,1,7,13	1104	0	1104	1104	276	828	0	8501	2196
rank1-offgraph	0,0,0,5,1,7,18	1104	0	1104	1104	276	828	0	8501	2200
rank1-offgraph	0,0,0,5,1,7,25	1104	0	1104	1104	276	828	0	8501	2190
rank1-offgraph	0,0,0,5,1,8,0	1104	0	1104	1104	276	828	0	8643	2106
rank1-offgraph	0,0,0,5,1,8,14	1104	0	1104	1104	276	828	0	8501	2200
rank1-offgraph	0,0,0,5,1,8,19	1104	0	1104	1104	276	828	0	8501	2190
rank1-offgraph	0,0,0,5,1,8,26	1104	0	1104	1104	276	828	0	8501	2196
rank1-offgraph	0,0,0,5,1,9,0	1104	0	1104	1104	276	828	0	8501	2200
rank1-offgraph	0,0,0,5,1,9,5	1104	0	1104	1104	276	828	0	8501	2196
rank1-offgraph	0,0,0,5,1,9,13	1104	0	1104	1104	276	828	0	8643	2106
rank1-offgraph	0,0,0,5,1,9,24	1104	0	1104	1104	276	828	0	8501	2190
rank1-offgraph	0,0,0,5,1,10,0	1104	0	1104	1104	276	828	0	8643	2084
rank1-offgraph	0,0,0,5,1,10,14	1104	0	1104	1104	276	828	0	8501	2108
rank1-offgraph	0,0,0,5,1,10,19	1104	0	1104	1104	276	828	0	8501	2223
rank1-offgraph	0,0,0,5,1,10,26	1104	0	1104	1104	276	828	0	8501	2217
rank1-offgraph	0,0,0,5,1,11,0	1104	0	1104	1104	276	828	0	8501	2223
rank1-offgraph	0,0,0,5,1,11,12	1104	0	1104	1104	276	828	0	8501	2108
rank1-offgraph	0,0,0,5,1,11,17	1104	0	1104	1104	276	828	0	8501	2217
rank1-offgraph	0,0,0,5,1,11,25	1104	0	1104	1104	276	828	0	8643	2084
rank1-offgraph	0,0,0,5,1,12,2	1104	0	1104	1104	276	828	0	8501	2214
rank1-offgraph	0,0,0,5,1,12,6	1104	0	1104	1104	276	828	0	8501	2201
rank1-offgraph	0,0,0,5,1,12,10	1104	0	1104	1104	276	828	0	8643	2253
rank1-offgraph	0,0,0,5,1,12,21	1104	0	1104	1104	276	828	0	8501	2211
rank1-offgraph	0,0,0,5,1,13,3	1104	0	1104	1104	276	828	0	8643	2251
rank1-offgraph	0,0,0,5,1,13,17	1104	0	1104	1104	276	828	0	8501	2128
rank1-offgraph	0,0,0,5,1,13,20	1104	0	1104	1104	276	828	0	8501	1980
rank1-offgraph	0,0,0,5,1,13,22	1104	0	1104	1104	276	828	0	8501	2182
rank1-offgraph	0,0,0,5,1,14,0	1104	0	1104	1104	276	828	0	8501	2194
rank1-offgraph	0,0,0,5,1,14,12	1104	0	1104	1104	276	828	0	8501	2194
rank1-offgraph	0,0,0,5,1,14,17	1104	0	1104	1104	276	828	0	8501	2194
rank1-offgraph	0,0,0,5,1,14,25	1104	0	1104	1104	276	828	0	8643	2290
rank1-offgraph	0,0,0,5,1,15,7	1104	0	1104	1104	276	828	0	8643	2270
rank1-offgraph	0,0,0,5,1,15,9	1104	0	1104	1104	276	828	0	8501	2226
rank1-offgraph	0,0,0,5,1,15,21	1104	0	1104	1104	276	828	0	8501	2020
rank1-offgraph	0,0,0,5,1,15,26	1104	0	1104	1104	276	828	0	8501	2199
rank1-offgraph	0,0,0,5,1,16,2	1104	0	1104	1104	276	828	0	8501	2163
rank1-offgraph	0,0,0,5,1,16,14	1104	0	1104	1104	276	828	0	8501	2224
rank1-offgraph	0,0,0,5,1,16,16	1104	0	1104	1104	276	828	0	8501	2218
rank1-offgraph	0,0,0,5,1,16,24	1104	0	1104	1104	276	828	0	8643	2288
rank1-offgraph	0,0,0,5,1,17,3	1104	0	1104	1104	276	828	0	8501	2226
rank1-offgraph	0,0,0,5,1,17,8	1104	0	1104	1104	276	828	0	8501	2020
rank1-offgraph	0,0,0,5,1,17,16	1104	0	1104	1104	276	828	0	8643	2270
rank1-offgraph	0,0,0,5,1,17,18	1104	0	1104	1104	276	828	0	8501	2199
rank1-offgraph	0,0,0,5,1,18,4	1104	0	1104	1104	276	828	0	8643	2288
rank1-offgraph	0,0,0,5,1,18,15	1104	0	1104	1104	276	828	0	8501	2218
rank1-offgraph	0,0,0,5,1,18,18	1104	0	1104	1104	276	828	0	8501	2163
rank1-offgraph	0,0,0,5,1,18,23	1104	0	1104	1104	276	828	0	8501	2224
rank1-offgraph	0,0,0,5,1,19,1	1104	0	1104	1104	276	828	0	8501	2215
rank1-offgraph	0,0,0,5,1,19,8	1104	0	1104	1104	276	828	0	8501	2210
rank1-offgraph	0,0,0,5,1,19,9	1104	0	1104	1104	276	828	0	8643	2258
rank1-offgraph	0,0,0,5,1,19,23	1104	0	1104	1104	276	828	0	8501	2057
rank1-offgraph	0,0,0,5,1,20,0	1104	0	1104	1104	276	828	0	8501	2224
rank1-offgraph	0,0,0,5,1,20,12	1104	0	1104	1104	276	828	0	8501	2218
rank1-offgraph	0,0,0,5,1,20,17	1104	0	1104	1104	276	828	0	8501	2163
rank1-offgraph	0,0,0,5,1,20,25	1104	0	1104	1104	276	828	0	8643	2288
rank1-offgraph	0,0,0,5,1,21,6	1104	0	1104	1104	276	828	0	8643	2084
rank1-offgraph	0,0,0,5,1,21,11	1104	0	1104	1104	276	828	0	8501	2217
rank1-offgraph	0,0,0,5,1,21,23	1104	0	1104	1104	276	828	0	8501	2223
rank1-offgraph	0,0,0,5,1,21,25	1104	0	1104	1104	276	828	0	8501	2108
rank1-offgraph	0,0,0,5,1,22,0	1104	0	1104	1104	276	828	0	8501	2204
rank1-offgraph	0,0,0,5,1,22,7	1104	0	1104	1104	276	828	0	8501	2195
rank1-offgraph	0,0,0,5,1,22,11	1104	0	1104	1104	276	828	0	8643	2214
rank1-offgraph	0,0,0,5,1,22,22	1104	0	1104	1104	276	828	0	8501	2002
rank1-offgraph	0,0,0,5,1,23,8	1104	0	1104	1104	276	828	0	8501	2204
rank1-offgraph	0,0,0,5,1,23,11	1104	0	1104	1104	276	828	0	8501	2002
rank1-offgraph	0,0,0,5,1,23,13	1104	0	1104	1104	276	828	0	8501	2195
rank1-offgraph	0,0,0,5,1,23,21	1104	0	1104	1104	276	828	0	8643	2214
rank1-offgraph	0,0,0,5,1,24,4	1104	0	1104	1104	276	828	0	8501	2214
rank1-offgraph	0,0,0,5,1,24,9	1104	0	1104	1104	276	828	0	8501	2201
rank1-offgraph	0,0,0,5,1,24,16	1104	0	1104	1104	276	828	0	8501	2211
rank1-offgraph	0,0,0,5,1,24,20	1104	0	1104	1104	276	828	0	8643	2253
rank1-offgraph	0,0,0,5,1,25,1	1104	0	1104	1104	276	828	0	8643	2251
rank1-offgraph	0,0,0,5,1,25,12	1104	0	1104	1104	276	828	0	8501	1980
rank1-offgraph	0,0,0,5,1,25,20	1104	0	1104	1104	276	828	0	8501	2128
rank1-offgraph	0,0,0,5,1,25,24	1104	0	1104	1104	276	828	0	8501	2182
rank1-offgraph	0,0,0,5,1,26,0	1104	0	1104	1104	276	828	0	8501	2181
rank1-offgraph	0,0,0,5,1,26,7	1104	0	1104	1104	276	828	0	8501	2181
rank1-offgraph	0,0,0,5,1,26,11	1104	0	1104	1104	276	828	0	8643	2299
rank1-offgraph	0,0,0,5,1,26,22	1104	0	1104	1104	276	828	0	8501	2181
rank1-graph	0,0,0,6,0,1,0	1104	0	1104	1104	276	828	0	10575	2753
rank1-graph	0,0,0,6,0,1,5	1104	0	1104	1104	276	828	0	10575	2810
rank1-graph	0,0,0,6,0,1,7	1104	0	1104	1104	276	828	0	10575	2753
rank1-graph	0,0,0,6,0,1,9	1104	0	1104	1104	276	828	0	10575	2771
rank1-graph	0,0,0,6,0,1,14	1104	0	1104	1104	276	828	0	10575	2753
rank1-graph	0,0,0,6,0,1,16	1104	0	1104	1104	276	828	0	10575	2753
rank1-graph	0,0,0,6,0,1,18	1104	0	1104	1104	276	828	0	10575	2753
rank1-graph	0,0,0,6,0,1,23	1104	0	1104	1104	276	828	0	10575	2753
rank1-graph	0,0,0,6,0,1,25	1104	0	1104	1104	276	828	0	10575	2810
rank1-offgraph	0,0,0,6,1,0,2	1104	0	1104	1104	276	828	0	8501	2223
rank1-offgraph	0,0,0,6,1,0,8	1104	0	1104	1104	276	828	0	8501	2217
rank1-offgraph	0,0,0,6,1,0,17	1104	0	1104	1104	276	828	0	8643	2084
rank1-offgraph	0,0,0,6,1,0,24	1104	0	1104	1104	276	828	0	8501	2108
rank1-offgraph	0,0,0,6,1,1,0	1104	0	1104	1104	276	828	0	8501	2200
rank1-offgraph	0,0,0,6,1,1,3	1104	0	1104	1104	276	828	0	8501	2196
rank1-offgraph	0,0,0,6,1,1,9	1104	0	1104	1104	276	828	0	8643	2106
rank1-offgraph	0,0,0,6,1,1,19	1104	0	1104	1104	276	828	0	8501	2190
rank1-offgraph	0,0,0,6,1,2,3	1104	0	1104	1104	276	828	0	8501	2108
rank1-offgraph	0,0,0,6,1,2,6	1104	0	1104	1104	276	828	0	8501	2217
rank1-offgraph	0,0,0,6,1,2,12	1104	0	1104	1104	276	828	0	8643	2084
rank1-offgraph	0,0,0,6,1,2,22	1104	0	1104	1104	276	828	0	8501	2223
rank1-offgraph	0,0,0,6,1,3,2	1104	0	1104	1104	276	828	0	8643	2270
rank1-offgraph	0,0,0,6,1,3,9	1104	0	1104	1104	276	828	0	8501	2199
rank1-offgraph	0,0,0,6,1,3,20	1104	0	1104	1104	276	828	0	8501	2226
rank1-offgraph	0,0,0,6,1,3,23	1104	0	1104	1104	276	828	0	8501	2020
rank1-offgraph	0,0,0,6,1,4,0	1104	0	1104	1104	276	828	0	8643	2288
rank1-offgraph	0,0,0,6,1,4,10	1104	0	1104	1104	276	828	0	8501	2163
rank1-offgraph	0,0,0,6,1,4,18	1104	0	1104	1104	276	828	0	8501	2224
rank1-offgraph	0,0,0,6,1,4,21	1104	0	1104	1104	276	828	0	8501	2218
rank1-offgraph	0,0,0,6,1,5,0	1104	0	1104	1104	276	828	0	8643	2270
rank1-offgraph	0,0,0,6,1,5,10	1104	0	1104	1104	276	828	0	8501	2226
rank1-offgraph	0,0,0,6,1,5,18	1104	0	1104	1104	276	828	0	8501	2020
rank1-offgraph	0,0,0,6,1,5,21	1104	0	1104	1104	276	828	0	8501	2199
rank1-offgraph	0,0,0,6,1,6,5	1104	0	1104	1104	276	828	0	8501	2201
rank1-offgraph	0,0,0,6,1,6,8	1104	0	1104	1104	276	828	0	8501	2214
rank1-offgraph	0,0,0,6,1,6,14	1104	0	1104	1104	276	828	0	8643	2253
rank1-offgraph	0,0,0,6,1,6,21	1104	0	1104	1104	276	828	0	8501	2211
rank1-offgraph	0,0,0,6,1,7,0	1104	0	1104	1104	276	828	0	8501	2194
rank1-offgraph	0,0,0,6,1,7,3	1104	0	1104	1104	276	828	0	8501	2194
rank1-offgraph	0,0,0,6,1,7,9	1104	0	1104	1104	276	828	0	8643	2290
rank1-offgraph	0,0,0,6,1,7,19	1104	0	1104	1104	276	828	0	8501	2194
rank1-offgraph	0,0,0,6,1,8,0	1104	0	1104	1104	276	828	0	8501	2182
rank1-offgraph	0,0,0,6,1,8,6	1104	0	1104	1104	276	828	0	8501	1980
rank1-offgraph	0,0,0,6,1,8,15	1104	0	1104	1104	276	828	0	8643	2251
rank1-offgraph	0,0,0,6,1,8,25	1104	0	1104	1104	276	828	0	8501	2128
rank1-offgraph	0,0,0,6,1,9,0	1104	0	1104	1104	276	828	0	8501	2002
rank1-offgraph	0,0,0,6,1,9,6	1104	0	1104	1104	276	828	0	8501	2204
rank1-offgraph	0,0,0,6,1,9,15	1104	0	1104	1104	276	828	0	8643	2214
rank1-offgraph	0,0,0,6,1,9,25	1104	0	1104	1104	276	828	0	8501	2195
rank1-offgraph	0,0,0,6,1,10,1	1104	0	1104	1104	276	828	0	8643	2106
rank1-offgraph	0,0,0,6,1,10,11	1104	0	1104	1104	276	828	0	8501	2200
rank1-offgraph	0,0,0,6,1,10,19	1104	0	1104	1104	276	828	0	8501	2196
rank1-offgraph	0,0,0,6,1,10,22	1104	0	1104	1104	276	828	0	8501	2190
rank1-offgraph	0,0,0,6,1,11,5	1104	0	1104	1104	276	828	0	8501	2196
rank1-offgraph	0,0,0,6,1,11,13	1104	0	1104	1104	276	828	0	8501	2190
rank1-offgraph	0,0,0,6,1,11,16	1104	0	1104	1104	276	828	0	8501	2200
rank1-offgraph	0,0,0,6,1,11,22	1104	0	1104	1104	276	828	0	8643	2106
rank1-offgraph	0,0,0,6,1,12,8	1104	0	1104	1104	276	828	0	8643	2270
rank1-offgraph	0,0,0,6,1,12,15	1104	0	1104	1104	276	828	0	8501	2020
rank1-offgraph	0,0,0,6,1,12,20	1104	0	1104	1104	276	828	0	8501	2226
rank1-offgraph	0,0,0,6,1,12,26	1104	0	1104	1104	276	828	0	8501	2199
rank1-offgraph	0,0,0,6,1,13,7	1104	0	1104	1104	276	828	0	8501	2215
rank1-offgraph	0,0,0,6,1,13,9	1104	0	1104	1104	276	828	0	8501	2210
rank1-offgraph	0,0,0,6,1,13,15	1104	0	1104	1104	276	828	0	8501	2057
rank1-offgraph	0,0,0,6,1,13,24	1104	0	1104	1104	276	828	0	8643	2258
rank1-offgraph	0,0,0,6,1,14,0	1104	0	1104	1104	276	828	0	8501	2057
rank1-offgraph	0,0,0,6,1,14,6	1104	0	1104	1104	276	828	0	8501	2215
rank1-offgraph	0,0,0,6,1,14,15	1104	0	1104	1104	276	828	0	8643	2258
rank1-offgraph	0,0,0,6,1,14,25	1104	0	1104	1104	276	828	0	8501	2210
rank1-offgraph	0,0,0,6,1,15,1	1104	0	1104	1104	276	828	0	8501	2219
rank1-offgraph	0,0,0,6,1,15,7	1104	0	1104	1104	276	828	0	8501	2219
rank1-offgraph	0,0,0,6,1,15,16	1104	0	1104	1104	276	828	0	8643	2260
rank1-offgraph	0,0,0,6,1,15,26	1104	0	1104	1104	276	828	0	8501	2219
rank1-offgraph	0,0,0,6,1,16,5	1104	0	1104	1104	276	828	0	8643	2251
rank1-offgraph	0,0,0,6,1,16,12	1104	0	1104	1104	276	828	0	8501	2182
rank1-offgraph	0,0,0,6,1,16,23	1104	0	1104	1104	276	828	0	8501	2128
rank1-offgraph	0,0,0,6,1,16,26	1104	0	1104	1104	276	828	0	8501	1980
rank1-offgraph	0,0,0,6,1,17,0	1104	0	1104	1104	276	828	0	8501	2201
rank1-offgraph	0,0,0,6,1,17,11	1104	0	1104	1104	276	828	0	8501	2214
rank1-offgraph	0,0,0,6,1,17,14	1104	0	1104	1104	276	828	0	8501	2211
rank1-offgraph	0,0,0,6,1,17,20	1104	0	1104	1104	276	828	0	8643	2253
rank1-offgraph	0,0,0,6,1,18,4	1104	0	1104	1104	276	828	0	8643	2214
rank1-offgraph	0,0,0,6,1,18,14	1104	0	1104	1104	276	828	0	8501	2204
rank1-offgraph	0,0,0,6,1,18,22	1104	0	1104	1104	276	828	0	8501	2002
rank1-offgraph	0,0,0,6,1,18,25	1104	0	1104	1104	276	828	0	8501	2195
rank1-offgraph	0,0,0,6,1,19,2	1104	0	1104	1104	276	828	0	8501	2204
rank1-offgraph	0,0,0,6,1,19,8	1104	0	1104	1104	276	828	0	8501	2195
rank1-offgraph	0,0,0,6,1,19,17	1104	0	1104	1104	276	828	0	8643	2214
rank1-offgraph	0,0,0,6,1,19,24	1104	0	1104	1104	276	828	0	8501	2002
rank1-offgraph	0,0,0,6,1,20,0	1104	0	1104	1104	276	828	0	8501	2217
rank1-offgraph	0,0,0,6,1,20,11	1104	0	1104	1104	276	828	0	8501	2223
rank1-offgraph	0,0,0,6,1,20,14	1104	0	1104	1104	276	828	0	8501	2108
rank1-offgraph	0,0,0,6,1,20,20	1104	0	1104	1104	276	828	0	8643	2084
rank1-offgraph	0,0,0,6,1,21,0	1104	0	1104	1104	276	828	0	8501	2218
rank1-offgraph	0,0,0,6,1,21,11	1104	0	1104	1104	276	828	0	8501	2163
rank1-offgraph	0,0,0,6,1,21,14	1104	0	1104	1104	276	828	0	8501	2224
rank1-offgraph	0,0,0,6,1,21,20	1104	0	1104	1104	276	828	0	8643	2288
rank1-offgraph	0,0,0,6,1,22,0	1104	0	1104	1104	276	828	0	8643	2288
rank1-offgraph	0,0,0,6,1,22,10	1104	0	1104	1104	276	828	0	8501	2224
rank1-offgraph	0,0,0,6,1,22,18	1104	0	1104	1104	276	828	0	8501	2218
rank1-offgraph	0,0,0,6,1,22,21	1104	0	1104	1104	276	828	0	8501	2163
rank1-offgraph	0,0,0,6,1,23,0	1104	0	1104	1104	276	828	0	8501	2210
rank1-offgraph	0,0,0,6,1,23,3	1104	0	1104	1104	276	828	0	8501	2215
rank1-offgraph	0,0,0,6,1,23,9	1104	0	1104	1104	276	828	0	8643	2258
rank1-offgraph	0,0,0,6,1,23,19	1104	0	1104	1104	276	828	0	8501	2057
rank1-offgraph	0,0,0,6,1,24,6	1104	0	1104	1104	276	828	0	8643	2251
rank1-offgraph	0,0,0,6,1,24,16	1104	0	1104	1104	276	828	0	8501	1980
rank1-offgraph	0,0,0,6,1,24,18	1104	0	1104	1104	276	828	0	8501	2128
rank1-offgraph	0,0,0,6,1,24,24	1104	0	1104	1104	276	828	0	8501	2182
rank1-offgraph	0,0,0,6,1,25,4	1104	0	1104	1104	276	828	0	8501	2211
rank1-offgraph	0,0,0,6,1,25,7	1104	0	1104	1104	276	828	0	8501	2201
rank1-offgraph	0,0,0,6,1,25,13	1104	0	1104	1104	276	828	0	8643	2253
rank1-offgraph	0,0,0,6,1,25,23	1104	0	1104	1104	276	828	0	8501	2214
rank1-offgraph	0,0,0,6,1,26,2	1104	0	1104	1104	276	828	0	8501	2181
rank1-offgraph	0,0,0,6,1,26,10	1104	0	1104	1104	276	828	0	8501	2181
rank1-offgraph	0,0,0,6,1,26,13	1104	0	1104	1104	276	828	0	8501	2181
rank1-offgraph	0,0,0,6,1,26,19	1104	0	1104	1104	276	828	0	8643	2299
rank1-graph	0,0,0,7,0,1,0	1104	0	1104	1104	276	828	0	10575	2810
rank1-graph	0,0,0,7,0,1,4	1104	0	1104	1104	276	828	0	10575	2753
rank1-graph	0,0,0,7,0,1,8	1104	0	1104	1104	276	828	0	10575	2753
rank1-graph	0,0,0,7,0,1,9	1104	0	1104	1104	276	828	0	10575	2810
rank1-graph	0,0,0,7,0,1,13	1104	0	1104	1104	276	828	0	10575	2753
rank1-graph	0,0,0,7,0,1,17	1104	0	1104	1104	276	828	0	10575	2753
rank1-graph	0,0,0,7,0,1,18	1104	0	1104	1104	276	828	0	10575	2771
rank1-graph	0,0,0,7,0,1,22	1104	0	1104	1104	276	828	0	10575	2753
rank1-graph	0,0,0,7,0,1,26	1104	0	1104	1104	276	828	0	10575	2753
rank1-offgraph	0,0,0,7,1,0,2	1104	0	1104	1104	276	828	0	8501	2182
rank1-offgraph	0,0,0,7,1,0,6	1104	0	1104	1104	276	828	0	8501	1980
rank1-offgraph	0,0,0,7,1,0,10	1104	0	1104	1104	276	828	0	8643	2251
rank1-offgraph	0,0,0,7,1,0,21	1104	0	1104	1104	276	828	0	8501	2128
rank1-offgraph	0,0,0,7,1,1,0	1104	0	1104	1104	276	828	0	8501	2201
rank1-offgraph	0,0,0,7,1,1,5	1104	0	1104	1104	276	828	0	8501	2214
rank1-offgraph	0,0,0,7,1,1,13	1104	0	1104	1104	276	828	0	8643	2253
rank1-offgraph	0,0,0,7,1,1,24	1104	0	1104	1104	276	828	0	8501	2211
rank1-offgraph	0,0,0,7,1,2,5	1104	0	1104	1104	276	828	0	8501	2194
rank1-offgraph	0,0,0,7,1,2,7	1104	0	1104	1104	276	828	0	8501	2194
rank1-offgraph	0,0,0,7,1,2,15	1104	0	1104	1104	276	828	0	8643	2290
rank1-offgraph	0,0,0,7,1,2,20	1104	0	1104	1104	276	828	0	8501	2194
rank1-offgraph	0,0,0,7,1,3,0	1104	0	1104	1104	276	828	0	8643	2084
rank1-offgraph	0,0,0,7,1,3,14	1104	0	1104	1104	276	828	0	8501	2108
rank1-offgraph	0,0,0,7,1,3,19	1104	0	1104	1104	276	828	0	8501	2223
rank1-offgraph	0,0,0,7,1,3,26	1104	0	1104	1104	276	828	0	8501	2217
rank1-offgraph	0,0,0,7,1,4,0	1104	0	1104	1104	276	828	0	8643	2106
rank1-offgraph	0,0,0,7,1,4,14	1104	0	1104	1104	276	828	0	8501	2190
rank1-offgraph	0,0,0,7,1,4,19	1104	0	1104	1104	276	828	0	8501	2196
rank1-offgraph	0,0,0,7,1,4,26	1104	0	1104	1104	276	828	0	8501	2200
rank1-offgraph	0,0,0,7,1,5,2	1104	0	1104	1104	276	828	0	8643	2084
rank1-offgraph	0,0,0,7,1,5,13	1104	0	1104	1104	276	828	0	8501	2223
rank1-offgraph	0,0,0,7,1,5,18	1104	0	1104	1104	276	828	0	8501	2217
rank1-offgraph	0,0,0,7,1,5,25	1104	0	1104	1104	276	828	0	8501	2108
rank1-offgraph	0,0,0,7,1,6,0	1104	0	1104	1104	276	828	0	8501	2218
rank1-offgraph	0,0,0,7,1,6,7	1104	0	1104	1104	276	828	0	8501	2224
rank1-offgraph	0,0,0,7,1,6,11	1104	0	1104	1104	276	828	0	8643	2288
rank1-offgraph	0,0,0,7,1,6,22	1104	0	1104	1104	276	828	0	8501	2163
rank1-offgraph	0,0,0,7,1,7,4	1104	0	1104	1104	276	828	0	8501	2020
rank1-offgraph	0,0,0,7,1,7,6	1104	0	1104	1104	276	828	0	8501	2199
rank1-offgraph	0,0,0,7,1,7,17	1104	0	1104	1104	276	828	0	8643	2270
rank1-offgraph	0,0,0,7,1,7,19	1104	0	1104	1104	276	828	0	8501	2226
rank1-offgraph	0,0,0,7,1,8,0	1104	0	1104	1104	276	828	0	8501	2226
rank1-offgraph	0,0,0,7,1,8,5	1104	0	1104	1104	276	828	0	8501	2020
rank1-offgraph	0,0,0,7,1,8,13	1104	0	1104	1104	276	828	0	8643	2270
rank1-offgraph	0,0,0,7,1,8,24	1104	0	1104	1104	276	828	0	8501	2199
rank1-offgraph	0,0,0,7,1,9,4	1104	0	1104	1104	276	828	0	8643	2270
rank1-offgraph	0,0,0,7,1,9,15	1104	0	1104	1104	276	828	0	8501	2020
rank1-offgraph	0,0,0,7,1,9,18	1104	0	1104	1104	276	828	0	8501	2199
rank1-offgraph	0,0,0,7,1,9,23	1104	0	1104	1104	276	828	0	8501	2226
rank1-offgraph	0,0,0,7,1,10,0	1104	0	1104	1104	276	828	0	8501	2215
rank1-offgraph	0,0,0,7,1,10,12	1104	0	1104	1104	276	828	0	8501	2057
rank1-offgraph	0,0,0,7,1,10,17	1104	0	1104	1104	276	828	0	8501	2210
rank1-offgraph	0,0,0,7,1,10,25	1104	0	1104	1104	276	828	0	8643	2258
rank1-offgraph	0,0,0,7,1,11,1	1104	0	1104	1104	276	828	0	8501	2057
rank1-offgraph	0,0,0,7,1,11,8	1104	0	1104	1104	276	828	0	8501	2215
rank1-offgraph	0,0,0,7,1,11,9	1104	0	1104	1104	276	828	0	8643	2258
rank1-offgraph	0,0,0,7,1,11,23	1104	0	1104	1104	276	828	0	8501	2210
rank1-offgraph	0,0,0,7,1,12,4	1104	0	1104	1104	276	828	0	8501	2182
rank1-offgraph	0,0,0,7,1,12,9	1104	0	1104	1104	276	828	0	8501	1980
rank1-offgraph	0,0,0,7,1,12,16	1104	0	1104	1104	276	828	0	8501	2128
rank1-offgraph	0,0,0,7,1,12,20	1104	0	1104	1104	276	828	0	8643	2251
rank1-offgraph	0,0,0,7,1,13,0	1104	0	1104	1104	276	828	0	8501	2211
rank1-offgraph	0,0,0,7,1,13,7	1104	0	1104	1104	276	828	0	8501	2214
rank1-offgraph	0,0,0,7,1,13,11	1104	0	1104	1104	276	828	0	8643	2253
rank1-offgraph	0,0,0,7,1,13,22	1104	0	1104	1104	276	828	0	8501	2201
rank1-offgraph	0,0,0,7,1,14,1	1104	0	1104	1104	276	828	0	8643	2260
rank1-offgraph	0,0,0,7,1,14,12	1104	0	1104	1104	276	828	0	8501	2219
rank1-offgraph	0,0,0,7,1,14,20	1104	0	1104	1104	276	828	0	8501	2219
rank1-offgraph	0,0,0,7,1,14,24	1104	0	1104	1104	276	828	0	8501	2219
rank1-offgraph	0,0,0,7,1,15,6	1104	0	1104	1104	276	828	0	8643	2106
rank1-offgraph	0,0,0,7,1,15,11	1104	0	1104	1104	276	828	0	8501	2196
rank1-offgraph	0,0,0,7,1,15,23	1104	0	1104	1104	276	828	0	8501	2190
rank1-offgraph	0,0,0,7,1,15,25	1104	0	1104	1104	276	828	0	8501	2200
rank1-offgraph	0,0,0,7,1,16,8	1104	0	1104	1104	276	828	0	8501	2195
rank1-offgraph	0,0,0,7,1,16,11	1104	0	1104	1104	276	828	0	8501	2204
rank1-offgraph	0,0,0,7,1,16,13	1104	0	1104	1104	276	828	0	8501	2002
rank1-offgraph	0,0,0,7,1,16,21	1104	0	1104	1104	276	828	0	8643	2214
rank1-offgraph	0,0,0,7,1,17,0	1104	0	1104	1104	276	828	0	8501	2190
rank1-offgraph	0,0,0,7,1,17,7	1104	0	1104	1104	276	828	0	8501	2196
rank1-offgraph	0,0,0,7,1,17,11	1104	0	1104	1104	276	828	0	8643	2106
rank1-offgraph	0,0,0,7,1,17,22	1104	0	1104	1104	276	828	0	8501	2200
rank1-offgraph	0,0,0,7,1,18,0	1104	0	1104	1104	276	828	0	8501	2195
rank1-offgraph	0,0,0,7,1,18,5	1104	0	1104	1104	276	828	0	8501	2204
rank1-offgraph	0,0,0,7,1,18,13	1104	0	1104	1104	276	828	0	8643	2214
rank1-offgraph	0,0,0,7,1,18,24	1104	0	1104	1104	276	828	0	8501	2002
rank1-offgraph	0,0,0,7,1,19,0	1104	0	1104	1104	276	828	0	8501	2217
rank1-offgraph	0,0,0,7,1,19,12	1104	0	1104	1104	276	828	0	8501	2223
rank1-offgraph	0,0,0,7,1,19,17	1104	0	1104	1104	276	828	0	8501	2108
rank1-offgraph	0,0,0,7,1,19,25	1104	0	1104	1104	276	828	0	8643	2084
rank1-offgraph	0,0,0,7,1,20,0	1104	0	1104	1104	276	828	0	8643	2214
rank1-offgraph	0,0,0,7,1,20,14	1104	0	1104	1104	276	828	0	8501	2204
rank1-offgraph	0,0,0,7,1,20,19	1104	0	1104	1104	276	828	0	8501	2195
rank1-offgraph	0,0,0,7,1,20,26	1104	0	1104	1104	276	828	0	8501	2002
rank1-offgraph	0,0,0,7,1,21,7	1104	0	1104	1104	276	828	0	8643	2258
rank1-offgraph	0,0,0,7,1,21,9	1104	0	1104	1104	276	828	0	8501	2057
rank1-offgraph	0,0,0,7,1,21,21	1104	0	1104	1104	276	828	0	8501	2210
rank1-offgraph	0,0,0,7,1,21,26	1104	0	1104	1104	276	828	0	8501	2215
rank1-offgraph	0,0,0,7,1,22,3	1104	0	1104	1104	276	828	0	8501	2163
rank1-offgraph	0,0,0,7,1,22,8	1104	0	1104	1104	276	828	0	8501	2224
rank1-offgraph	0,0,0,7,1,22,16	1104	0	1104	1104	276	828	0	8643	2288
rank1-offgraph	0,0,0,7,1,22,18	1104	0	1104	1104	276	828	0	8501	2218
rank1-offgraph	0,0,0,7,1,23,2	1104	0	1104	1104	276	828	0	8501	2224
rank1-offgraph	0,0,0,7,1,23,14	1104	0	1104	1104	276	828	0	8501	2218
rank1-offgraph	0,0,0,7,1,23,16	1104	0	1104	1104	276	828	0	8501	2163
rank1-offgraph	0,0,0,7,1,23,24	1104	0	1104	1104	276	828	0	8643	2288
rank1-offgraph	0,0,0,7,1,24,2	1104	0	1104	1104	276	828	0	8501	2128
rank1-offgraph	0,0,0,7,1,24,6	1104	0	1104	1104	276	828	0	8501	2182
rank1-offgraph	0,0,0,7,1,24,10	1104	0	1104	1104	276	828	0	8643	2251
rank1-offgraph	0,0,0,7,1,24,21	1104	0	1104	1104	276	828	0	8501	1980
rank1-offgraph	0,0,0,7,1,25,0	1104	0	1104	1104	276	828	0	8501	2214
rank1-offgraph	0,0,0,7,1,25,12	1104	0	1104	1104	276	828	0	8501	2211
rank1-offgraph	0,0,0,7,1,25,17	1104	0	1104	1104	276	828	0	8501	2201
rank1-offgraph	0,0,0,7,1,25,25	1104	0	1104	1104	276	828	0	8643	2253
rank1-offgraph	0,0,0,7,1,26,3	1104	0	1104	1104	276	828	0	8643	2299
rank1-offgraph	0,0,0,7,1,26,17	1104	0	1104	1104	276	828	0	8501	2181
rank1-offgraph	0,0,0,7,1,26,20	1104	0	1104	1104	276	828	0	8501	2181
rank1-offgraph	0,0,0,7,1,26,22	1104	0	1104	1104	276	828	0	8501	2181
rank1-graph	0,0,0,8,0,1,0	1104	0	1104	1104	276	828	0	10575	2771
rank1-graph	0,0,0,8,0,1,3	1104	0	1104	1104	276	828	0	10575	2753
rank1-graph	0,0,0,8,0,1,6	1104	0	1104	1104	276	828	0	10575	2753
rank1-graph	0,0,0,8,0,1,10	1104	0	1104	1104	276	828	0	10575	2753
rank1-graph	0,0,0,8,0,1,13	1104	0	1104	1104	276	828	0	10575	2810
rank1-graph	0,0,0,8,0,1,16	1104	0	1104	1104	276	828	0	10575	2753
rank1-graph	0,0,0,8,0,1,20	1104	0	1104	1104	276	828	0	10575	2753
rank1-graph	0,0,0,8,0,1,23	1104	0	1104	1104	276	828	0	10575	2753
rank1-graph	0,0,0,8,0,1,26	1104	0	1104	1104	276	828	0	10575	2810
rank1-offgraph	0,0,0,8,1,0,2	1104	0	1104	1104	276	828	0	8501	2020
rank1-offgraph	0,0,0,8,1,0,7	1104	0	1104	1104	276	828	0	8501	2226
rank1-offgraph	0,0,0,8,1,0,14	1104	0	1104	1104	276	828	0	8643	2270
rank1-offgraph	0,0,0,8,1,0,19	1104	0	1104	1104	276	828	0	8501	2199
rank1-offgraph	0,0,0,8,1,1,0	1104	0	1104	1104	276	828	0	8501	2224
rank1-offgraph	0,0,0,8,1,1,4	1104	0	1104	1104	276	828	0	8501	2218
rank1-offgraph	0,0,0,8,1,1,16	1104	0	1104	1104	276	828	0	8643	2288
rank1-offgraph	0,0,0,8,1,1,21	1104	0	1104	1104	276	828	0	8501	2163
rank1-offgraph	0,0,0,8,1,2,4	1104	0	1104	1104	276	828	0	8501	2020
rank1-offgraph	0,0,0,8,1,2,8	1104	0	1104	1104	276	828	0	8501	2199
rank1-offgraph	0,0,0,8,1,2,11	1104	0	1104	1104	276	828	0	8643	2270
rank1-offgraph	0,0,0,8,1,2,25	1104	0	1104	1104	276	828	0	8501	2226
rank1-offgraph	0,0,0,8,1,3,0	1104	0	1104	1104	276	828	0	8643	2251
rank1-offgraph	0,0,0,8,1,3,17	1104	0	1104	1104	276	828	0	8501	2128
rank1-offgraph	0,0,0,8,1,3,23	1104	0	1104	1104	276	828	0	8501	1980
rank1-offgraph	0,0,0,8,1,3,24	1104	0	1104	1104	276	828	0	8501	2182
rank1-offgraph	0,0,0,8,1,4,2	1104	0	1104	1104	276	828	0	8643	2253
rank1-offgraph	0,0,0,8,1,4,16	1104	0	1104	1104	276	828	0	8501	2211
rank1-offgraph	0,0,0,8,1,4,22	1104	0	1104	1104	276	828	0	8501	2201
rank1-offgraph	0,0,0,8,1,4,26	1104	0	1104	1104	276	828	0	8501	2214
rank1-offgraph	0,0,0,8,1,5,0	1104	0	1104	1104	276	828	0	8643	2290
rank1-offgraph	0,0,0,8,1,5,17	1104	0	1104	1104	276	828	0	8501	2194
rank1-offgraph	0,0,0,8,1,5,23	1104	0	1104	1104	276	828	0	8501	2194
rank1-offgraph	0,0,0,8,1,5,24	1104	0	1104	1104	276	828	0	8501	2194
rank1-offgraph	0,0,0,8,1,6,0	1104	0	1104	1104	276	828	0	8501	2200
rank1-offgraph	0,0,0,8,1,6,4	1104	0	1104	1104	276	828	0	8501	2196
rank1-offgraph	0,0,0,8,1,6,16	1104	0	1104	1104	276	828	0	8643	2106
rank1-offgraph	0,0,0,8,1,6,21	1104	0	1104	1104	276	828	0	8501	2190
rank1-offgraph	0,0,0,8,1,7,0	1104	0	1104	1104	276	828	0	8501	2217
rank1-offgraph	0,0,0,8,1,7,8	1104	0	1104	1104	276	828	0	8501	2108
rank1-offgraph	0,0,0,8,1,7,12	1104	0	1104	1104	276	828	0	8643	2084
rank1-offgraph	0,0,0,8,1,7,20	1104	0	1104	1104	276	828	0	8501	2223
rank1-offgraph	0,0,0,8,1,8,3	1104	0	1104	1104	276	828	0	8501	2217
rank1-offgraph	0,0,0,8,1,8,7	1104	0	1104	1104	276	828	0	8501	2223
rank1-offgraph	0,0,0,8,1,8,10	1104	0	1104	1104	276	828	0	8643	2084
rank1-offgraph	0,0,0,8,1,8,24	1104	0	1104	1104	276	828	0	8501	2108
rank1-offgraph	0,0,0,8,1,9,6	1104	0	1104	1104	276	828	0	8501	2182
rank1-offgraph	0,0,0,8,1,9,12	1104	0	1104	1104	276	828	0	8501	2128
rank1-offgraph	0,0,0,8,1,9,16	1104	0	1104	1104	276	828	0	8501	1980
rank1-offgraph	0,0,0,8,1,9,19	1104	0	1104	1104	276	828	0	8643	2251
rank1-offgraph	0,0,0,8,1,10,0	1104	0	1104	1104	276	828	0	8501	2211
rank1-offgraph	0,0,0,8,1,10,8	1104	0	1104	1104	276	828	0	8501	2214
rank1-offgraph	0,0,0,8,1,10,12	1104	0	1104	1104	276	828	0	8643	2253
rank1-offgraph	0,0,0,8,1,10,20	1104	0	1104	1104	276	828	0	8501	2201
rank1-offgraph	0,0,0,8,1,11,7	1104	0	1104	1104	276	828	0	8643	2260
rank1-offgraph	0,0,0,8,1,11,12	1104	0	1104	1104	276	828	0	8501	2219
rank1-offgraph	0,0,0,8,1,11,18	1104	0	1104	1104	276	828	0	8501	2219
rank1-offgraph	0,0,0,8,1,11,22	1104	0	1104	1104	276	828	0	8501	2219
rank1-offgraph	0,0,0,8,1,12,1	1104	0	1104	1104	276	828	0	8501	2002
rank1-offgraph	0,0,0,8,1,12,6	1104	0	1104	1104	276	828	0	8501	2204
rank1-offgraph	0,0,0,8,1,12,13	1104	0	1104	1104	276	828	0	8643	2214
rank1-offgraph	0,0,0,8,1,12,18	1104	0	1104	1104	276	828	0	8501	2195
rank1-offgraph	0,0,0,8,1,13,3	1104	0	1104	1104	276	828	0	8643	2106
rank1-offgraph	0,0,0,8,1,13,11	1104	0	1104	1104	276	828	0	8501	2200
rank1-offgraph	0,0,0,8,1,13,18	1104	0	1104	1104	276	828	0	8501	2190
rank1-offgraph	0,0,0,8,1,13,26	1104	0	1104	1104	276	828	0	8501	2196
rank1-offgraph	0,0,0,8,1,14,0	1104	0	1104	1104	276	828	0	8501	2196
rank1-offgraph	0,0,0,8,1,14,10	1104	0	1104	1104	276	828	0	8501	2200
rank1-offgraph	0,0,0,8,1,14,15	1104	0	1104	1104	276	828	0	8501	2190
rank1-offgraph	0,0,0,8,1,14,22	1104	0	1104	1104	276	828	0	8643	2106
rank1-offgraph	0,0,0,8,1,15,3	1104	0	1104	1104	276	828	0	8501	2210
rank1-offgraph	0,0,0,8,1,15,9	1104	0	1104	1104	276	828	0	8501	2215
rank1-offgraph	0,0,0,8,1,15,13	1104	0	1104	1104	276	828	0	8501	2057
rank1-offgraph	0,0,0,8,1,15,25	1104	0	1104	1104	276	828	0	8643	2258
rank1-offgraph	0,0,0,8,1,16,0	1104	0	1104	1104	276	828	0	8501	2226
rank1-offgraph	0,0,0,8,1,16,8	1104	0	1104	1104	276	828	0	8501	2199
rank1-offgraph	0,0,0,8,1,16,12	1104	0	1104	1104	276	828	0	8643	2270
rank1-offgraph	0,0,0,8,1,16,20	1104	0	1104	1104	276	828	0	8501	2020
rank1-offgraph	0,0,0,8,1,17,1	1104	0	1104	1104	276	828	0	8643	2258
rank1-offgraph	0,0,0,8,1,17,15	1104	0	1104	1104	276	828	0	8501	2215
rank1-offgraph	0,0,0,8,1,17,21	1104	0	1104	1104	276	828	0	8501	2057
rank1-offgraph	0,0,0,8,1,17,25	1104	0	1104	1104	276	828	0	8501	2210
rank1-offgraph	0,0,0,8,1,18,2	1104	0	1104	1104	276	828	0	8501	2217
rank1-offgraph	0,0,0,8,1,18,9	1104	0	1104	1104	276	828	0	8501	2108
rank1-offgraph	0,0,0,8,1,18,17	1104	0	1104	1104	276	828	0	8501	2223
rank1-offgraph	0,0,0,8,1,18,21	1104	0	1104	1104	276	828	0	8643	2084
rank1-offgraph	0,0,0,8,1,19,8	1104	0	1104	1104	276	828	0	8643	2214
rank1-offgraph	0,0,0,8,1,19,13	1104	0	1104	1104	276	828	0	8501	2204
rank1-offgraph	0,0,0,8,1,19,19	1104	0	1104	1104	276	828	0	8501	2002
rank1-offgraph	0,0,0,8,1,19,23	1104	0	1104	1104	276	828	0	8501	2195
rank1-offgraph	0,0,0,8,1,20,5	1104	0	1104	1104	276	828	0	8501	2195
rank1-offgraph	0,0,0,8,1,20,6	1104	0	1104	1104	276	828	0	8501	2204
rank1-offgraph	0,0,0,8,1,20,9	1104	0	1104	1104	276	828	0	8643	2214
rank1-offgraph	0,0,0,8,1,20,26	1104	0	1104	1104	276	828	0	8501	2002
rank1-offgraph	0,0,0,8,1,21,2	1104	0	1104	1104	276	828	0	8501	2163
rank1-offgraph	0,0,0,8,1,21,7	1104	0	1104	1104	276	828	0	8501	2218
rank1-offgraph	0,0,0,8,1,21,14	1104	0	1104	1104	276	828	0	8643	2288
rank1-offgraph	0,0,0,8,1,21,19	1104	0	1104	1104	276	828	0	8501	2224
rank1-offgraph	0,0,0,8,1,22,0	1104	0	1104	1104	276	828	0	8501	2057
rank1-offgraph	0,0,0,8,1,22,10	1104	0	1104	1104	276	828	0	8501	2215
rank1-offgraph	0,0,0,8,1,22,15	1104	0	1104	1104	276	828	0	8501	2210
rank1-offgraph	0,0,0,8,1,22,22	1104	0	1104	1104	276	828	0	8643	2258
rank1-offgraph	0,0,0,8,1,23,5	1104	0	1104	1104	276	828	0	8643	2288
rank1-offgraph	0,0,0,8,1,23,10	1104	0	1104	1104	276	828	0	8501	2218
rank1-offgraph	0,0,0,8,1,23,20	1104	0	1104	1104	276	828	0	8501	2224
rank1-offgraph	0,0,0,8,1,23,25	1104	0	1104	1104	276	828	0	8501	2163
rank1-offgraph	0,0,0,8,1,24,0	1104	0	1104	1104	276	828	0	8501	1980
rank1-offgraph	0,0,0,8,1,24,10	1104	0	1104	1104	276	828	0	8501	2128
rank1-offgraph	0,0,0,8,1,24,15	1104	0	1104	1104	276	828	0	8501	2182
rank1-offgraph	0,0,0,8,1,24,22	1104	0	1104	1104	276	828	0	8643	2251
rank1-offgraph	0,0,0,8,1,25,0	1104	0	1104	1104	276	828	0	8643	2253
rank1-offgraph	0,0,0,8,1,25,17	1104	0	1104	1104	276	828	0	8501	2214
rank1-offgraph	0,0,0,8,1,25,23	1104	0	1104	1104	276	828	0	8501	2211
rank1-offgraph	0,0,0,8,1,25,24	1104	0	1104	1104	276	828	0	8501	2201
rank1-offgraph	0,0,0,8,1,26,0	1104	0	1104	1104	276	828	0	8501	2181
rank1-offgraph	0,0,0,8,1,26,4	1104	0	1104	1104	276	828	0	8501	2181
rank1-offgraph	0,0,0,8,1,26,16	1104	0	1104	1104	276	828	0	8643	2299
rank1-offgraph	0,0,0,8,1,26,21	1104	0	1104	1104	276	828	0	8501	2181
rank1-offgraph	0,0,0,9,1,0,6	1104	0	1104	1104	276	828	0	8501	2196
rank1-offgraph	0,0,0,9,1,0,7	1104	0	1104	1104	276	828	0	8643	2106
rank1-offgraph	0,0,0,9,1,0,17	1104	0	1104	1104	276	828	0	8501	2190
rank1-offgraph	0,0,0,9,1,0,18	1104	0	1104	1104	276	828	0	8501	2200
rank1-offgraph	0,0,0,9,1,1,6	1104	0	1104	1104	276	828	0	8501	1980
rank1-offgraph	0,0,0,9,1,1,10	1104	0	1104	1104	276	828	0	8501	2182
rank1-offgraph	0,0,0,9,1,1,25	1104	0	1104	1104	276	828	0	8501	2128
rank1-offgraph	0,0,0,9,1,1,26	1104	0	1104	1104	276	828	0	8643	2251
rank1-offgraph	0,0,0,9,1,2,1	1104	0	1104	1104	276	828	0	8501	2215
rank1-offgraph	0,0,0,9,1,2,16	1104	0	1104	1104	276	828	0	8501	2057
rank1-offgraph	0,0,0,9,1,2,17	1104	0	1104	1104	276	828	0	8643	2258
rank1-offgraph	0,0,0,9,1,2,24	1104	0	1104	1104	276	828	0	8501	2210
rank1-offgraph	0,0,0,9,1,3,3	1104	0	1104	1104	276	828	0	8643	2106
rank1-offgraph	0,0,0,9,1,3,5	1104	0	1104	1104	276	828	0	8501	2200
rank1-offgraph	0,0,0,9,1,3,13	1104	0	1104	1104	276	828	0	8501	2196
rank1-offgraph	0,0,0,9,1,3,26	1104	0	1104	1104	276	828	0	8501	2190
rank1-offgraph	0,0,0,9,1,4,2	1104	0	1104	1104	276	828	0	8501	2194
rank1-offgraph	0,0,0,9,1,4,12	1104	0	1104	1104	276	828	0	8501	2194
rank1-offgraph	0,0,0,9,1,4,18	1104	0	1104	1104	276	828	0	8501	2194
rank1-offgraph	0,0,0,9,1,4,19	1104	0	1104	1104	276	828	0	8643	2290
rank1-offgraph	0,0,0,9,1,5,0	1104	0	1104	1104	276	828	0	8501	2163
rank1-offgraph	0,0,0,9,1,5,15	1104	0	1104	1104	276	828	0	8501	2224
rank1-offgraph	0,0,0,9,1,5,16	1104	0	1104	1104	276	828	0	8643	2288
rank1-offgraph	0,0,0,9,1,5,26	1104	0	1104	1104	276	828	0	8501	2218
rank1-offgraph	0,0,0,9,1,6,0	1104	0	1104	1104	276	828	0	8501	2204
rank1-offgraph	0,0,0,9,1,6,13	1104	0	1104	1104	276	828	0	8501	2002
rank1-offgraph	0,0,0,9,1,6,19	1104	0	1104	1104	276	828	0	8501	2195
rank1-offgraph	0,0,0,9,1,6,20	1104	0	1104	1104	276	828	0	8643	2214
rank1-offgraph	0,0,0,9,1,7,8	1104	0	1104	1104	276	828	0	8501	2214
rank1-offgraph	0,0,0,9,1,7,12	1104	0	1104	1104	276	828	0	8643	2253
rank1-offgraph	0,0,0,9,1,7,14	1104	0	1104	1104	276	828	0	8501	2211
rank1-offgraph	0,0,0,9,1,7,22	1104	0	1104	1104	276	828	0	8501	2201
rank1-offgraph	0,0,0,9,1,8,6	1104	0	1104	1104	276	828	0	8643	2288
rank1-offgraph	0,0,0,9,1,8,8	1104	0	1104	1104	276	828	0	8501	2218
rank1-offgraph	0,0,0,9,1,8,16	1104	0	1104	1104	276	828	0	8501	2163
rank1-offgraph	0,0,0,9,1,8,20	1104	0	1104	1104	276	828	0	8501	2224
rank1-offgraph	0,0,0,9,1,9,0	1104	0	1104	1104	276	828	0	8501	2219
rank1-offgraph	0,0,0,9,1,9,13	1104	0	1104	1104	276	828	0	8501	2219
rank1-offgraph	0,0,0,9,1,9,19	1104	0	1104	1104	276	828	0	8501	2219
rank1-offgraph	0,0,0,9,1,9,20	1104	0	1104	1104	276	828	0	8643	2260
rank1-offgraph	0,0,0,9,1,10,0	1104	0	1104	1104	276	828	0	8643	2270
rank1-offgraph	0,0,0,9,1,10,2	1104	0	1104	1104	276	828	0	8501	2199
rank1-offgraph	0,0,0,9,1,10,10	1104	0	1104	1104	276	828	0	8501	2226
rank1-offgraph	0,0,0,9,1,10,23	1104	0	1104	1104	276	828	0	8501	2020
rank1-offgraph	0,0,0,9,1,11,5	1104	0	1104	1104	276	828	0	8501	2195
rank1-offgraph	0,0,0,9,1,11,9	1104	0	1104	1104	276	828	0	8643	2214
rank1-offgraph	0,0,0,9,1,11,11	1104	0	1104	1104	276	828	0	8501	2204
rank1-offgraph	0,0,0,9,1,11,19	1104	0	1104	1104	276	828	0	8501	2002
rank1-offgraph	0,0,0,9,1,12,4	1104	0	1104	1104	276	828	0	8501	2214
rank1-offgraph	0,0,0,9,1,12,17	1104	0	1104	1104	276	828	0	8501	2211
rank1-offgraph	0,0,0,9,1,12,21	1104	0	1104	1104	276	828	0	8643	2253
rank1-offgraph	0,0,0,9,1,12,23	1104	0	1104	1104	276	828	0	8501	2201
rank1-offgraph	0,0,0,9,1,13,0	1104	0	1104	1104	276	828	0	8501	2226
rank1-offgraph	0,0,0,9,1,13,1	1104	0	1104	1104	276	828	0	8643	2270
rank1-offgraph	0,0,0,9,1,13,11	1104	0	1104	1104	276	828	0	8501	2020
rank1-offgraph	0,0,0,9,1,13,21	1104	0	1104	1104	276	828	0	8501	2199
rank1-offgraph	0,0,0,9,1,14,0	1104	0	1104	1104	276	828	0	8501	2108
rank1-offgraph	0,0,0,9,1,14,15	1104	0	1104	1104	276	828	0	8501	2217
rank1-offgraph	0,0,0,9,1,14,16	1104	0	1104	1104	276	828	0	8643	2084
rank1-offgraph	0,0,0,9,1,14,26	1104	0	1104	1104	276	828	0	8501	2223
rank1-offgraph	0,0,0,9,1,15,0	1104	0	1104	1104	276	828	0	8501	1980
rank1-offgraph	0,0,0,9,1,15,15	1104	0	1104	1104	276	828	0	8501	2182
rank1-offgraph	0,0,0,9,1,15,16	1104	0	1104	1104	276	828	0	8643	2251
rank1-offgraph	0,0,0,9,1,15,26	1104	0	1104	1104	276	828	0	8501	2128
rank1-offgraph	0,0,0,9,1,16,0	1104	0	1104	1104	276	828	0	8501	2224
rank1-offgraph	0,0,0,9,1,16,13	1104	0	1104	1104	276	828	0	8501	2218
rank1-offgraph	0,0,0,9,1,16,19	1104	0	1104	1104	276	828	0	8501	2163
rank1-offgraph	0,0,0,9,1,16,20	1104	0	1104	1104	276	828	0	8643	2288
rank1-offgraph	0,0,0,9,1,17,4	1104	0	1104	1104	276	828	0	8501	2002
rank1-offgraph	0,0,0,9,1,17,5	1104	0	1104	1104	276	828	0	8643	2214
rank1-offgraph	0,0,0,9,1,17,12	1104	0	1104	1104	276	828	0	8501	2195
rank1-offgraph	0,0,0,9,1,17,25	1104	0	1104	1104	276	828	0	8501	2204
rank1-offgraph	0,0,0,9,1,18,0	1104	0	1104	1104	276	828	0	8643	2258
rank1-offgraph	0,0,0,9,1,18,2	1104	0	1104	1104	276	828	0	8501	2215
rank1-offgraph	0,0,0,9,1,18,10	1104	0	1104	1104	276	828	0	8501	2057
rank1-offgraph	0,0,0,9,1,18,23	1104	0	1104	1104	276	828	0	8501	2210
rank1-offgraph	0,0,0,9,1,19,0	1104	0	1104	1104	276	828	0	8501	2190
rank1-offgraph	0,0,0,9,1,19,1	1104	0	1104	1104	276	828	0	8643	2106
rank1-offgraph	0,0,0,9,1,19,11	1104	0	1104	1104	276	828	0	8501	2200
rank1-offgraph	0,0,0,9,1,19,21	1104	0	1104	1104	276	828	0	8501	2196
rank1-offgraph	0,0,0,9,1,20,0	1104	0	1104	1104	276	828	0	8501	2214
rank1-offgraph	0,0,0,9,1,20,1	1104	0	1104	1104	276	828	0	8643	2253
rank1-offgraph	0,0,0,9,1,20,11	1104	0	1104	1104	276	828	0	8501	2211
rank1-offgraph	0,0,0,9,1,20,21	1104	0	1104	1104	276	828	0	8501	2201
rank1-offgraph	0,0,0,9,1,21,0	1104	0	1104	1104	276	828	0	8643	2270
rank1-offgraph	0,0,0,9,1,21,2	1104	0	1104	1104	276	828	0	8501	2020
rank1-offgraph	0,0,0,9,1,21,10	1104	0	1104	1104	276	828	0	8501	2199
rank1-offgraph	0,0,0,9,1,21,23	1104	0	1104	1104	276	828	0	8501	2226
rank1-offgraph	0,0,0,9,1,22,6	1104	0	1104	1104	276	828	0	8501	2108
rank1-offgraph	0,0,0,9,1,22,7	1104	0	1104	1104	276	828	0	8643	2084
rank1-offgraph	0,0,0,9,1,22,17	1104	0	1104	1104	276	828	0	8501	2217
rank1-offgraph	0,0,0,9,1,22,18	1104	0	1104	1104	276	828	0	8501	2223
rank1-offgraph	0,0,0,9,1,23,3	1104	0	1104	1104	276	828	0	8501	1980
rank1-offgraph	0,0,0,9,1,23,4	1104	0	1104	1104	276	828	0	8643	2251
rank1-offgraph	0,0,0,9,1,23,14	1104	0	1104	1104	276	828	0	8501	2182
rank1-offgraph	0,0,0,9,1,23,24	1104	0	1104	1104	276	828	0	8501	2128
rank1-offgraph	0,0,0,9,1,24,1	1104	0	1104	1104	276	828	0	8501	2215
rank1-offgraph	0,0,0,9,1,24,14	1104	0	1104	1104	276	828	0	8501	2057
rank1-offgraph	0,0,0,9,1,24,18	1104	0	1104	1104	276	828	0	8643	2258
rank1-offgraph	0,0,0,9,1,24,20	1104	0	1104	1104	276	828	0	8501	2210
rank1-offgraph	0,0,0,9,1,25,5	1104	0	1104	1104	276	828	0	8501	2108
rank1-offgraph	0,0,0,9,1,25,15	1104	0	1104	1104	276	828	0	8501	2217
rank1-offgraph	0,0,0,9,1,25,21	1104	0	1104	1104	276	828	0	8501	2223
rank1-offgraph	0,0,0,9,1,25,22	1104	0	1104	1104	276	828	0	8643	2084
rank1-offgraph	0,0,0,9,1,26,8	1104	0	1104	1104	276	828	0	8501	2181
rank1-offgraph	0,0,0,9,1,26,9	1104	0	1104	1104	276	828	0	8501	2181
rank1-offgraph	0,0,0,9,1,26,24	1104	0	1104	1104	276	828	0	8501	2181
rank1-offgraph	0,0,0,9,1,26,25	1104	0	1104	1104	276	828	0	8643	2299
rank1-graph	0,0,0,10,0,1,0	1104	0	1104	1104	276	828	0	10575	2810
rank1-graph	0,0,0,10,0,1,5	1104	0	1104	1104	276	828	0	10575	2810
rank1-graph	0,0,0,10,0,1,7	1104	0	1104	1104	276	828	0	10575	2771
rank1-graph	0,0,0,10,0,1,11	1104	0	1104	1104	276	828	0	10575	2753
rank1-graph	0,0,0,10,0,1,13	1104	0	1104	1104	276	828	0	10575	2753
rank1-graph	0,0,0,10,0,1,15	1104	0	1104	1104	276	828	0	10575	2753
rank1-graph	0,0,0,10,0,1,19	1104	0	1104	1104	276	828	0	10575	2753
rank1-graph	0,0,0,10,0,1,21	1104	0	1104	1104	276	828	0	10575	2753
rank1-graph	0,0,0,10,0,1,26	1104	0	1104	1104	276	828	0	10575	2753
rank1-offgraph	0,0,0,10,1,0,8	1104	0	1104	1104	276	828	0	8501	2194
rank1-offgraph	0,0,0,10,1,0,18	1104	0	1104	1104	276	828	0	8501	2194
rank1-offgraph	0,0,0,10,1,0,19	1104	0	1104	1104	276	828	0	8501	2194
rank1-offgraph	0,0,0,10,1,0,21	1104	0	1104	1104	276	828	0	8643	2290
rank1-offgraph	0,0,0,10,1,1,9	1104	0	1104	1104	276	828	0	8501	2210
rank1-offgraph	0,0,0,10,1,1,10	1104	0	1104	1104	276	828	0	8501	2215
rank1-offgraph	0,0,0,10,1,1,12	1104	0	1104	1104	276	828	0	8643	2258
rank1-offgraph	0,0,0,10,1,1,26	1104	0	1104	1104	276	828	0	8501	2057
rank1-offgraph	0,0,0,10,1,2,0	1104	0	1104	1104	276	828	0	8501	2002
rank1-offgraph	0,0,0,10,1,2,2	1104	0	1104	1104	276	828	0	8501	2204
rank1-offgraph	0,0,0,10,1,2,5	1104	0	1104	1104	276	828	0	8643	2214
rank1-offgraph	0,0,0,10,1,2,16	1104	0	1104	1104	276	828	0	8501	2195
rank1-offgraph	0,0,0,10,1,3,0	1104	0	1104	1104	276	828	0	8501	1980
rank1-offgraph	0,0,0,10,1,3,22	1104	0	1104	1104	276	828	0	8501	2182
rank1-offgraph	0,0,0,10,1,3,23	1104	0	1104	1104	276	828	0	8501	2128
rank1-offgraph	0,0,0,10,1,3,25	1104	0	1104	1104	276	828	0	8643	2251
rank1-offgraph	0,0,0,10,1,4,10	1104	0	1104	1104	276	828	0	8501	2057
rank1-offgraph	0,0,0,10,1,4,11	1104	0	1104	1104	276	828	0	8501	2210
rank1-offgraph	0,0,0,10,1,4,13	1104	0	1104	1104	276	828	0	8643	2258
rank1-offgraph	0,0,0,10,1,4,24	1104	0	1104	1104	276	828	0	8501	2215
rank1-offgraph	0,0,0,10,1,5,0	1104	0	1104	1104	276	828	0	8643	2084
rank1-offgraph	0,0,0,10,1,5,6	1104	0	1104	1104	276	828	0	8501	2108
rank1-offgraph	0,0,0,10,1,5,7	1104	0	1104	1104	276	828	0	8501	2217
rank1-offgraph	0,0,0,10,1,5,14	1104	0	1104	1104	276	828	0	8501	2223
rank1-offgraph	0,0,0,10,1,6,11	1104	0	1104	1104	276	828	0	8643	2253
rank1-offgraph	0,0,0,10,1,6,15	1104	0	1104	1104	276	828	0	8501	2211
rank1-offgraph	0,0,0,10,1,6,17	1104	0	1104	1104	276	828	0	8501	2214
rank1-offgraph	0,0,0,10,1,6,22	1104	0	1104	1104	276	828	0	8501	2201
rank1-offgraph	0,0,0,10,1,7,0	1104	0	1104	1104	276	828	0	8501	2020
rank1-offgraph	0,0,0,10,1,7,2	1104	0	1104	1104	276	828	0	8501	2226
rank1-offgraph	0,0,0,10,1,7,5	1104	0	1104	1104	276	828	0	8643	2270
rank1-offgraph	0,0,0,10,1,7,16	1104	0	1104	1104	276	828	0	8501	2199
rank1-offgraph	0,0,0,10,1,8,0	1104	0	1104	1104	276	828	0	8501	2002
rank1-offgraph	0,0,0,10,1,8,22	1104	0	1104	1104	276	828	0	8501	2195
rank1-offgraph	0,0,0,10,1,8,23	1104	0	1104	1104	276	828	0	8501	2204
rank1-offgraph	0,0,0,10,1,8,25	1104	0	1104	1104	276	828	0	8643	2214
rank1-offgraph	0,0,0,10,1,9,0	1104	0	1104	1104	276	828	0	8643	2084
rank1-offgraph	0,0,0,10,1,9,6	1104	0	1104	1104	276	828	0	8501	2217
rank1-offgraph	0,0,0,10,1,9,7	1104	0	1104	1104	276	828	0	8501	2223
rank1-offgraph	0,0,0,10,1,9,14	1104	0	1104	1104	276	828	0	8501	2108
rank1-offgraph	0,0,0,10,1,10,9	1104	0	1104	1104	276	828	0	8643	2253
rank1-offgraph	0,0,0,10,1,10,15	1104	0	1104	1104	276	828	0	8501	2211
rank1-offgraph	0,0,0,10,1,10,16	1104	0	1104	1104	276	828	0	8501	2201
rank1-offgraph	0,0,0,10,1,10,23	1104	0	1104	1104	276	828	0	8501	2214
rank1-offgraph	0,0,0,10,1,11,4	1104	0	1104	1104	276	828	0	8501	2210
rank1-offgraph	0,0,0,10,1,11,20	1104	0	1104	1104	276	828	0	8643	2258
rank1-offgraph	0,0,0,10,1,11,24	1104	0	1104	1104	276	828	0	8501	2057
rank1-offgraph	0,0,0,10,1,11,26	1104	0	1104	1104	276	828	0	8501	2215
rank1-offgraph	0,0,0,10,1,12,0	1104	0	1104	1104	276	828	0	8643	2084
rank1-offgraph	0,0,0,10,1,12,6	1104	0	1104	1104	276	828	0	8501	2223
rank1-offgraph	0,0,0,10,1,12,7	1104	0	1104	1104	276	828	0	8501	2108
rank1-offgraph	0,0,0,10,1,12,14	1104	0	1104	1104	276	828	0	8501	2217
rank1-offgraph	0,0,0,10,1,13,12	1104	0	1104	1104	276	828	0	8501	2219
rank1-offgraph	0,0,0,10,1,13,13	1104	0	1104	1104	276	828	0	8501	2219
rank1-offgraph	0,0,0,10,1,13,15	1104	0	1104	1104	276	828	0	8643	2260
rank1-offgraph	0,0,0,10,1,13,20	1104	0	1104	1104	276	828	0	8501	2219
rank1-offgraph	0,0,0,10,1,14,7	1104	0	1104	1104	276	828	0	8501	2163
rank1-offgraph	0,0,0,10,1,14,18	1104	0	1104	1104	276	828	0	8501	2218
rank1-offgraph	0,0,0,10,1,14,20	1104	0	1104	1104	276	828	0	8501	2224
rank1-offgraph	0,0,0,10,1,14,23	1104	0	1104	1104	276	828	0	8643	2288
rank1-offgraph	0,0,0,10,1,15,5	1104	0	1104	1104	276	828	0	8501	2200
rank1-offgraph	0,0,0,10,1,15,18	1104	0	1104	1104	276	828	0	8643	2106
rank1-offgraph	0,0,0,10,1,15,24	1104	0	1104	1104	276	828	0	8501	2196
rank1-offgraph	0,0,0,10,1,15,25	1104	0	1104	1104	276	828	0	8501	2190
rank1-offgraph	0,0,0,10,1,16,0	1104	0	1104	1104	276	828	0	8501	1980
rank1-offgraph	0,0,0,10,1,16,1	1104	0	1104	1104	276	828	0	8501	2182
rank1-offgraph	0,0,0,10,1,16,3	1104	0	1104	1104	276	828	0	8643	2251
rank1-offgraph	0,0,0,10,1,16,17	1104	0	1104	1104	276	828	0	8501	2128
rank1-offgraph	0,0,0,10,1,17,12	1104	0	1104	1104	276	828	0	8501	2224
rank1-offgraph	0,0,0,10,1,17,14	1104	0	1104	1104	276	828	0	8501	2163
rank1-offgraph	0,0,0,10,1,17,17	1104	0	1104	1104	276	828	0	8643	2288
rank1-offgraph	0,0,0,10,1,17,19	1104	0	1104	1104	276	828	0	8501	2218
rank1-offgraph	0,0,0,10,1,18,0	1104	0	1104	1104	276	828	0	8501	2020
rank1-offgraph	0,0,0,10,1,18,1	1104	0	1104	1104	276	828	0	8501	2199
rank1-offgraph	0,0,0,10,1,18,3	1104	0	1104	1104	276	828	0	8643	2270
rank1-offgraph	0,0,0,10,1,18,17	1104	0	1104	1104	276	828	0	8501	2226
rank1-offgraph	0,0,0,10,1,19,0	1104	0	1104	1104	276	828	0	8501	2002
rank1-offgraph	0,0,0,10,1,19,1	1104	0	1104	1104	276	828	0	8501	2195
rank1-offgraph	0,0,0,10,1,19,3	1104	0	1104	1104	276	828	0	8643	2214
rank1-offgraph	0,0,0,10,1,19,17	1104	0	1104	1104	276	828	0	8501	2204
rank1-offgraph	0,0,0,10,1,20,0	1104	0	1104	1104	276	828	0	8501	1980
rank1-offgraph	0,0,0,10,1,20,2	1104	0	1104	1104	276	828	0	8501	2128
rank1-offgraph	0,0,0,10,1,20,5	1104	0	1104	1104	276	828	0	8643	2251
rank1-offgraph	0,0,0,10,1,20,16	1104	0	1104	1104	276	828	0	8501	2182
rank1-offgraph	0,0,0,10,1,21,2	1104	0	1104	1104	276	828	0	8643	2288
rank1-offgraph	0,0,0,10,1,21,6	1104	0	1104	1104	276	828	0	8501	2163
rank1-offgraph	0,0,0,10,1,21,8	1104	0	1104	1104	276	828	0	8501	2218
rank1-offgraph	0,0,0,10,1,21,13	1104	0	1104	1104	276	828	0	8501	2224
rank1-offgraph	0,0,0,10,1,22,3	1104	0	1104	1104	276	828	0	8501	2200
rank1-offgraph	0,0,0,10,1,22,5	1104	0	1104	1104	276	828	0	8501	2190
rank1-offgraph	0,0,0,10,1,22,8	1104	0	1104	1104	276	828	0	8643	2106
rank1-offgraph	0,0,0,10,1,22,10	1104	0	1104	1104	276	828	0	8501	2196
rank1-offgraph	0,0,0,10,1,23,1	1104	0	1104	1104	276	828	0	8501	2201
rank1-offgraph	0,0,0,10,1,23,2	1104	0	1104	1104	276	828	0	8501	2214
rank1-offgraph	0,0,0,10,1,23,4	1104	0	1104	1104	276	828	0	8643	2253
rank1-offgraph	0,0,0,10,1,23,15	1104	0	1104	1104	276	828	0	8501	2211
rank1-offgraph	0,0,0,10,1,24,0	1104	0	1104	1104	276	828	0	8501	2020
rank1-offgraph	0,0,0,10,1,24,22	1104	0	1104	1104	276	828	0	8501	2199
rank1-offgraph	0,0,0,10,1,24,23	1104	0	1104	1104	276	828	0	8501	2226
rank1-offgraph	0,0,0,10,1,24,25	1104	0	1104	1104	276	828	0	8643	2270
rank1-offgraph	0,0,0,10,1,25,3	1104	0	1104	1104	276	828	0	8501	2190
rank1-offgraph	0,0,0,10,1,25,19	1104	0	1104	1104	276	828	0	8643	2106
rank1-offgraph	0,0,0,10,1,25,25	1104	0	1104	1104	276	828	0	8501	2200
rank1-offgraph	0,0,0,10,1,25,26	1104	0	1104	1104	276	828	0	8501	2196
rank1-offgraph	0,0,0,10,1,26,8	1104	0	1104	1104	276	828	0	8501	2181
rank1-offgraph	0,0,0,10,1,26,18	1104	0	1104	1104	276	828	0	8501	2181
rank1-offgraph	0,0,0,10,1,26,19	1104	0	1104	1104	276	828	0	8501	2181
rank1-offgraph	0,0,0,10,1,26,21	1104	0	1104	1104	276	828	0	8643	2299
rank1-offgraph	0,0,0,11,1,0,10	1104	0	1104	1104	276	828	0	8501	2224
rank1-offgraph	0,0,0,11,1,0,14	1104	0	1104	1104	276	828	0	8501	2218
rank1-offgraph	0,0,0,11,1,0,18	1104	0	1104	1104	276	828	0	8643	2288
rank1-offgraph	0,0,0,11,1,0,24	1104	0	1104	1104	276	828	0	8501	2163
rank1-offgraph	0,0,0,11,1,1,0	1104	0	1104	1104	276	828	0	8501	2108
rank1-offgraph	0,0,0,11,1,1,4	1104	0	1104	1104	276	828	0	8501	2217
rank1-offgraph	0,0,0,11,1,1,11	1104	0	1104	1104	276	828	0	8643	2084
rank1-offgraph	0,0,0,11,1,1,17	1104	0	1104	1104	276	828	0	8501	2223
rank1-offgraph	0,0,0,11,1,2,0	1104	0	1104	1104	276	828	0	8643	2253
rank1-offgraph	0,0,0,11,1,2,6	1104	0	1104	1104	276	828	0	8501	2211
rank1-offgraph	0,0,0,11,1,2,19	1104	0	1104	1104	276	828	0	8501	2201
rank1-offgraph	0,0,0,11,1,2,23	1104	0	1104	1104	276	828	0	8501	2214
rank1-offgraph	0,0,0,11,1,3,10	1104	0	1104	1104	276	828	0	8501	2210
rank1-offgraph	0,0,0,11,1,3,14	1104	0	1104	1104	276	828	0	8501	2215
rank1-offgraph	0,0,0,11,1,3,18	1104	0	1104	1104	276	828	0	8643	2258
rank1-offgraph	0,0,0,11,1,3,24	1104	0	1104	1104	276	828	0	8501	2057
rank1-offgraph	0,0,0,11,1,4,1	1104	0	1104	1104	276	828	0	8501	2195
rank1-offgraph	0,0,0,11,1,4,6	1104	0	1104	1104	276	828	0	8501	2002
rank1-offgraph	0,0,0,11,1,4,14	1104	0	1104	1104	276	828	0	8501	2204
rank1-offgraph	0,0,0,11,1,4,17	1104	0	1104	1104	276	828	0	8643	2214
rank1-offgraph	0,0,0,11,1,5,0	1104	0	1104	1104	276	828	0	8501	2214
rank1-offgraph	0,0,0,11,1,5,3	1104	0	1104	1104	276	828	0	8643	2253
rank1-offgraph	0,0,0,11,1,5,22	1104	0	1104	1104	276	828	0	8501	2211
rank1-offgraph	0,0,0,11,1,5,26	1104	0	1104	1104	276	828	0	8501	2201
rank1-offgraph	0,0,0,11,1,6,1	1104	0	1104	1104	276	828	0	8501	2199
rank1-offgraph	0,0,0,11,1,6,5	1104	0	1104	1104	276	828	0	8501	2226
rank1-offgraph	0,0,0,11,1,6,9	1104	0	1104	1104	276	828	0	8643	2270
rank1-offgraph	0,0,0,11,1,6,15	1104	0	1104	1104	276	828	0	8501	2020
rank1-offgraph	0,0,0,11,1,7,2	1104	0	1104	1104	276	828	0	8501	2200
rank1-offgraph	0,0,0,11,1,7,5	1104	0	1104	1104	276	828	0	8643	2106
rank1-offgraph	0,0,0,11,1,7,21	1104	0	1104	1104	276	828	0	8501	2196
rank1-offgraph	0,0,0,11,1,7,25	1104	0	1104	1104	276	828	0	8501	2190
rank1-offgraph	0,0,0,11,1,8,11	1104	0	1104	1104	276	828	0	8501	2211
rank1-offgraph	0,0,0,11,1,8,16	1104	0	1104	1104	276	828	0	8501	2214
rank1-offgraph	0,0,0,11,1,8,21	1104	0	1104	1104	276	828	0	8501	2201
rank1-offgraph	0,0,0,11,1,8,24	1104	0	1104	1104	276	828	0	8643	2253
rank1-offgraph	0,0,0,11,1,9,9	1104	0	1104	1104	276	828	0	8501	2218
rank1-offgraph	0,0,0,11,1,9,13	1104	0	1104	1104	276	828	0	8501	2163
rank1-offgraph	0,0,0,11,1,9,20	1104	0	1104	1104	276	828	0	8643	2288
rank1-offgraph	0,0,0,11,1,9,26	1104	0	1104	1104	276	828	0	8501	2224
rank1-offgraph	0,0,0,11,1,10,1	1104	0	1104	1104	276	828	0	8643	2084
rank1-offgraph	0,0,0,11,1,10,7	1104	0	1104	1104	276	828	0	8501	2217
rank1-offgraph	0,0,0,11,1,10,20	1104	0	1104	1104	276	828	0	8501	2223
rank1-offgraph	0,0,0,11,1,10,21	1104	0	1104	1104	276	828	0	8501	2108
rank1-offgraph	0,0,0,11,1,11,0	1104	0	1104	1104	276	828	0	8501	2182
rank1-offgraph	0,0,0,11,1,11,4	1104	0	1104	1104	276	828	0	8501	2128
rank1-offgraph	0,0,0,11,1,11,11	1104	0	1104	1104	276	828	0	8643	2251
rank1-offgraph	0,0,0,11,1,11,17	1104	0	1104	1104	276	828	0	8501	1980
rank1-offgraph	0,0,0,11,1,12,9	1104	0	1104	1104	276	828	0	8501	2057
rank1-offgraph	0,0,0,11,1,12,17	1104	0	1104	1104	276	828	0	8501	2215
rank1-offgraph	0,0,0,11,1,12,22	1104	0	1104	1104	276	828	0	8501	2210
rank1-offgraph	0,0,0,11,1,12,25	1104	0	1104	1104	276	828	0	8643	2258
rank1-offgraph	0,0,0,11,1,13,0	1104	0	1104	1104	276	828	0	8501	2195
rank1-offgraph	0,0,0,11,1,13,3	1104	0	1104	1104	276	828	0	8643	2214
rank1-offgraph	0,0,0,11,1,13,22	1104	0	1104	1104	276	828	0	8501	2204
rank1-offgraph	0,0,0,11,1,13,26	1104	0	1104	1104	276	828	0	8501	2002
rank1-offgraph	0,0,0,11,1,14,2	1104	0	1104	1104	276	828	0	8501	2128
rank1-offgraph	0,0,0,11,1,14,3	1104	0	1104	1104	276	828	0	8501	1980
rank1-offgraph	0,0,0,11,1,14,10	1104	0	1104	1104	276	828	0	8643	2251
rank1-offgraph	0,0,0,11,1,14,16	1104	0	1104	1104	276	828	0	8501	2182
rank1-offgraph	0,0,0,11,1,15,4	1104	0	1104	1104	276	828	0	8501	2226
rank1-offgraph	0,0,0,11,1,15,8	1104	0	1104	1104	276	828	0	8501	2020
rank1-offgraph	0,0,0,11,1,15,9	1104	0	1104	1104	276	828	0	8501	2199
rank1-offgraph	0,0,0,11,1,15,12	1104	0	1104	1104	276	828	0	8643	2270
rank1-offgraph	0,0,0,11,1,16,10	1104	0	1104	1104	276	828	0	8501	2196
rank1-offgraph	0,0,0,11,1,16,15	1104	0	1104	1104	276	828	0	8501	2200
rank1-offgraph	0,0,0,11,1,16,23	1104	0	1104	1104	276	828	0	8501	2190
rank1-offgraph	0,0,0,11,1,16,26	1104	0	1104	1104	276	828	0	8643	2106
rank1-offgraph	0,0,0,11,1,17,0	1104	0	1104	1104	276	828	0	8643	2251
rank1-offgraph	0,0,0,11,1,17,6	1104	0	1104	1104	276	828	0	8501	2128
rank1-offgraph	0,0,0,11,1,17,19	1104	0	1104	1104	276	828	0	8501	1980
rank1-offgraph	0,0,0,11,1,17,23	1104	0	1104	1104	276	828	0	8501	2182
rank1-offgraph	0,0,0,11,1,18,0	1104	0	1104	1104	276	828	0	8501	2210
rank1-offgraph	0,0,0,11,1,18,8	1104	0	1104	1104	276	828	0	8501	2057
rank1-offgraph	0,0,0,11,1,18,13	1104	0	1104	1104	276	828	0	8501	2215
rank1-offgraph	0,0,0,11,1,18,16	1104	0	1104	1104	276	828	0	8643	2258
rank1-offgraph	0,0,0,11,1,19,2	1104	0	1104	1104	276	828	0	8501	2200
rank1-offgraph	0,0,0,11,1,19,7	1104	0	1104	1104	276	828	0	8501	2190
rank1-offgraph	0,0,0,11,1,19,12	1104	0	1104	1104	276	828	0	8501	2196
rank1-offgraph	0,0,0,11,1,19,15	1104	0	1104	1104	276	828	0	8643	2106
rank1-offgraph	0,0,0,11,1,20,0	1104	0	1104	1104	276	828	0	8501	2219
rank1-offgraph	0,0,0,11,1,20,8	1104	0	1104	1104	276	828	0	8501	2219
rank1-offgraph	0,0,0,11,1,20,13	1104	0	1104	1104	276	828	0	8501	2219
rank1-offgraph	0,0,0,11,1,20,16	1104	0	1104	1104	276	828	0	8643	2260
rank1-offgraph	0,0,0,11,1,21,0	1104	0	1104	1104	276	828	0	8501	2020
rank1-offgraph	0,0,0,11,1,21,4	1104	0	1104	1104	276	828	0	8501	2199
rank1-offgraph	0,0,0,11,1,21,11	1104	0	1104	1104	276	828	0	8643	2270
rank1-offgraph	0,0,0,11,1,21,17	1104	0	1104	1104	276	828	0	8501	2226
rank1-offgraph	0,0,0,11,1,22,0	1104	0	1104	1104	276	828	0	8501	2223
rank1-offgraph	0,0,0,11,1,22,8	1104	0	1104	1104	276	828	0	8501	2217
rank1-offgraph	0,0,0,11,1,22,13	1104	0	1104	1104	276	828	0	8501	2108
rank1-offgraph	0,0,0,11,1,22,16	1104	0	1104	1104	276	828	0	8643	2084
rank1-offgraph	0,0,0,11,1,23,3	1104	0	1104	1104	276	828	0	8501	2194
rank1-offgraph	0,0,0,11,1,23,7	1104	0	1104	1104	276	828	0	8501	2194
rank1-offgraph	0,0,0,11,1,23,11	1104	0	1104	1104	276	828	0	8501	2194
rank1-offgraph	0,0,0,11,1,23,14	1104	0	1104	1104	276	828	0	8643	2290
rank1-offgraph	0,0,0,11,1,24,0	1104	0	1104	1104	276	828	0	8501	2218
rank1-offgraph	0,0,0,11,1,24,3	1104	0	1104	1104	276	828	0	8643	2288
rank1-offgraph	0,0,0,11,1,24,22	1104	0	1104	1104	276	828	0	8501	2163
rank1-offgraph	0,0,0,11,1,24,26	1104	0	1104	1104	276	828	0	8501	2224
rank1-offgraph	0,0,0,11,1,25,5	1104	0	1104	1104	276	828	0	8501	2002
rank1-offgraph	0,0,0,11,1,25,8	1104	0	1104	1104	276	828	0	8643	2214
rank1-offgraph	0,0,0,11,1,25,19	1104	0	1104	1104	276	828	0	8501	2204
rank1-offgraph	0,0,0,11,1,25,24	1104	0	1104	1104	276	828	0	8501	2195
rank1-offgraph	0,0,0,11,1,26,0	1104	0	1104	1104	276	828	0	8643	2299
rank1-offgraph	0,0,0,11,1,26,6	1104	0	1104	1104	276	828	0	8501	2181
rank1-offgraph	0,0,0,11,1,26,19	1104	0	1104	1104	276	828	0	8501	2181
rank1-offgraph	0,0,0,11,1,26,23	1104	0	1104	1104	276	828	0	8501	2181
rank1-offgraph	0,0,0,12,1,0,14	1104	0	1104	1104	276	828	0	8501	2214
rank1-offgraph	0,0,0,12,1,0,17	1104	0	1104	1104	276	828	0	8501	2211
rank1-offgraph	0,0,0,12,1,0,21	1104	0	1104	1104	276	828	0	8501	2201
rank1-offgraph	0,0,0,12,1,0,26	1104	0	1104	1104	276	828	0	8643	2253
rank1-offgraph	0,0,0,12,1,1,0	1104	0	1104	1104	276	828	0	8501	2199
rank1-offgraph	0,0,0,12,1,1,3	1104	0	1104	1104	276	828	0	8501	2226
rank1-offgraph	0,0,0,12,1,1,10	1104	0	1104	1104	276	828	0	8501	2020
rank1-offgraph	0,0,0,12,1,1,12	1104	0	1104	1104	276	828	0	8643	2270
rank1-offgraph	0,0,0,12,1,2,0	1104	0	1104	1104	276	828	0	8643	2106
rank1-offgraph	0,0,0,12,1,2,7	1104	0	1104	1104	276	828	0	8501	2200
rank1-offgraph	0,0,0,12,1,2,18	1104	0	1104	1104	276	828	0	8501	2190
rank1-offgraph	0,0,0,12,1,2,24	1104	0	1104	1104	276	828	0	8501	2196
rank1-offgraph	0,0,0,12,1,3,1	1104	0	1104	1104	276	828	0	8501	2218
rank1-offgraph	0,0,0,12,1,3,7	1104	0	1104	1104	276	828	0	8501	2224
rank1-offgraph	0,0,0,12,1,3,10	1104	0	1104	1104	276	828	0	8643	2288
rank1-offgraph	0,0,0,12,1,3,17	1104	0	1104	1104	276	828	0	8501	2163
rank1-offgraph	0,0,0,12,1,4,0	1104	0	1104	1104	276	828	0	8501	2223
rank1-offgraph	0,0,0,12,1,4,5	1104	0	1104	1104	276	828	0	8643	2084
rank1-offgraph	0,0,0,12,1,4,20	1104	0	1104	1104	276	828	0	8501	2108
rank1-offgraph	0,0,0,12,1,4,23	1104	0	1104	1104	276	828	0	8501	2217
rank1-offgraph	0,0,0,12,1,5,14	1104	0	1104	1104	276	828	0	8501	2201
rank1-offgraph	0,0,0,12,1,5,17	1104	0	1104	1104	276	828	0	8501	2214
rank1-offgraph	0,0,0,12,1,5,21	1104	0	1104	1104	276	828	0	8501	2211
rank1-offgraph	0,0,0,12,1,5,26	1104	0	1104	1104	276	828	0	8643	2253
rank1-offgraph	0,0,0,12,1,6,9	1104	0	1104	1104	276	828	0	8501	2002
rank1-offgraph	0,0,0,12,1,6,12	1104	0	1104	1104	276	828	0	8501	2195
rank1-offgraph	0,0,0,12,1,6,19	1104	0	1104	1104	276	828	0	8501	2204
rank1-offgraph	0,0,0,12,1,6,21	1104	0	1104	1104	276	828	0	8643	2214
rank1-offgraph	0,0,0,12,1,7,1	1104	0	1104	1104	276	828	0	8501	2211
rank1-offgraph	0,0,0,12,1,7,4	1104	0	1104	1104	276	828	0	8501	2201
rank1-offgraph	0,0,0,12,1,7,11	1104	0	1104	1104	276	828	0	8501	2214
rank1-offgraph	0,0,0,12,1,7,13	1104	0	1104	1104	276	828	0	8643	2253
rank1-offgraph	0,0,0,12,1,8,2	1104	0	1104	1104	276	828	0	8501	2057
rank1-offgraph	0,0,0,12,1,8,4	1104	0	1104	1104	276	828	0	8643	2258
rank1-offgraph	0,0,0,12,1,8,19	1104	0	1104	1104	276	828	0	8501	2210
rank1-offgraph	0,0,0,12,1,8,22	1104	0	1104	1104	276	828	0	8501	2215
rank1-offgraph	0,0,0,12,1,9,11	1104	0	1104	1104	276	828	0	8501	2215
rank1-offgraph	0,0,0,12,1,9,14	1104	0	1104	1104	276	828	0	8501	2057
rank1-offgraph	0,0,0,12,1,9,18	1104	0	1104	1104	276	828	0	8501	2210
rank1-offgraph	0,0,0,12,1,9,23	1104	0	1104	1104	276	828	0	8643	2258
rank1-offgraph	0,0,0,12,1,10,0	1104	0	1104	1104	276	828	0	8643	2214
rank1-offgraph	0,0,0,12,1,10,7	1104	0	1104	1104	276	828	0	8501	2195
rank1-offgraph	0,0,0,12,1,10,18	1104	0	1104	1104	276	828	0	8501	2002
rank1-offgraph	0,0,0,12,1,10,24	1104	0	1104	1104	276	828	0	8501	2204
rank1-offgraph	0,0,0,12,1,11,3	1104	0	1104	1104	276	828	0	8501	2128
rank1-offgraph	0,0,0,12,1,11,6	1104	0	1104	1104	276	828	0	8501	1980
rank1-offgraph	0,0,0,12,1,11,13	1104	0	1104	1104	276	828	0	8501	2182
rank1-offgraph	0,0,0,12,1,11,15	1104	0	1104	1104	276	828	0	8643	2251
rank1-offgraph	0,0,0,12,1,12,0	1104	0	1104	1104	276	828	0	8501	2200
rank1-offgraph	0,0,0,12,1,12,3	1104	0	1104	1104	276	828	0	8501	2196
rank1-offgraph	0,0,0,12,1,12,10	1104	0	1104	1104	276	828	0	8501	2190
rank1-offgraph	0,0,0,12,1,12,12	1104	0	1104	1104	276	828	0	8643	2106
rank1-offgraph	0,0,0,12,1,13,13	1104	0	1104	1104	276	828	0	8501	1980
rank1-offgraph	0,0,0,12,1,13,16	1104	0	1104	1104	276	828	0	8501	2182
rank1-offgraph	0,0,0,12,1,13,23	1104	0	1104	1104	276	828	0	8501	2128
rank1-offgraph	0,0,0,12,1,13,25	1104	0	1104	1104	276	828	0	8643	2251
rank1-offgraph	0,0,0,12,1,14,1	1104	0	1104	1104	276	828	0	8643	2270
rank1-offgraph	0,0,0,12,1,14,8	1104	0	1104	1104	276	828	0	8501	2199
rank1-offgraph	0,0,0,12,1,14,19	1104	0	1104	1104	276	828	0	8501	2020
rank1-offgraph	0,0,0,12,1,14,25	1104	0	1104	1104	276	828	0	8501	2226
rank1-offgraph	0,0,0,12,1,15,10	1104	0	1104	1104	276	828	0	8501	2182
rank1-offgraph	0,0,0,12,1,15,13	1104	0	1104	1104	276	828	0	8501	2128
rank1-offgraph	0,0,0,12,1,15,20	1104	0	1104	1104	276	828	0	8501	1980
rank1-offgraph	0,0,0,12,1,15,22	1104	0	1104	1104	276	828	0	8643	2251
rank1-offgraph	0,0,0,12,1,16,0	1104	0	1104	1104	276	828	0	8501	2224
rank1-offgraph	0,0,0,12,1,16,5	1104	0	1104	1104	276	828	0	8643	2288
rank1-offgraph	0,0,0,12,1,16,20	1104	0	1104	1104	276	828	0	8501	2218
rank1-offgraph	0,0,0,12,1,16,23	1104	0	1104	1104	276	828	0	8501	2163
rank1-offgraph	0,0,0,12,1,17,2	1104	0	1104	1104	276	828	0	8501	2223
rank1-offgraph	0,0,0,12,1,17,5	1104	0	1104	1104	276	828	0	8501	2108
rank1-offgraph	0,0,0,12,1,17,9	1104	0	1104	1104	276	828	0	8501	2217
rank1-offgraph	0,0,0,12,1,17,14	1104	0	1104	1104	276	828	0	8643	2084
rank1-offgraph	0,0,0,12,1,18,5	1104	0	1104	1104	276	828	0	8501	2190
rank1-offgraph	0,0,0,12,1,18,8	1104	0	1104	1104	276	828	0	8501	2200
rank1-offgraph	0,0,0,12,1,18,12	1104	0	1104	1104	276	828	0	8501	2196
rank1-offgraph	0,0,0,12,1,18,17	1104	0	1104	1104	276	828	0	8643	2106
rank1-offgraph	0,0,0,12,1,19,0	1104	0	1104	1104	276	828	0	8501	2219
rank1-offgraph	0,0,0,12,1,19,3	1104	0	1104	1104	276	828	0	8501	2219
rank1-offgraph	0,0,0,12,1,19,10	1104	0	1104	1104	276	828	0	8501	2219
rank1-offgraph	0,0,0,12,1,19,12	1104	0	1104	1104	276	828	0	8643	2260
rank1-offgraph	0,0,0,12,1,20,0	1104	0	1104	1104	276	828	0	8501	2210
rank1-offgraph	0,0,0,12,1,20,6	1104	0	1104	1104	276	828	0	8501	2057
rank1-offgraph	0,0,0,12,1,20,9	1104	0	1104	1104	276	828	0	8643	2258
rank1-offgraph	0,0,0,12,1,20,16	1104	0	1104	1104	276	828	0	8501	2215
rank1-offgraph	0,0,0,12,1,21,0	1104	0	1104	1104	276	828	0	8501	2194
rank1-offgraph	0,0,0,12,1,21,5	1104	0	1104	1104	276	828	0	8643	2290
rank1-offgraph	0,0,0,12,1,21,20	1104	0	1104	1104	276	828	0	8501	2194
rank1-offgraph	0,0,0,12,1,21,23	1104	0	1104	1104	276	828	0	8501	2194
rank1-offgraph	0,0,0,12,1,22,4	1104	0	1104	1104	276	828	0	8501	2226
rank1-offgraph	0,0,0,12,1,22,6	1104	0	1104	1104	276	828	0	8643	2270
rank1-offgraph	0,0,0,12,1,22,21	1104	0	1104	1104	276	828	0	8501	2020
rank1-offgraph	0,0,0,12,1,22,24	1104	0	1104	1104	276	828	0	8501	2199
rank1-offgraph	0,0,0,12,1,23,0	1104	0	1104	1104	276	828	0	8643	2084
rank1-offgraph	0,0,0,12,1,23,7	1104	0	1104	1104	276	828	0	8501	2108
rank1-offgraph	0,0,0,12,1,23,18	1104	0	1104	1104	276	828	0	8501	2223
rank1-offgraph	0,0,0,12,1,23,24	1104	0	1104	1104	276	828	0	8501	2217
rank1-offgraph	0,0,0,12,1,24,2	1104	0	1104	1104	276	828	0	8501	2224
rank1-offgraph	0,0,0,12,1,24,8	1104	0	1104	1104	276	828	0	8501	2163
rank1-offgraph	0,0,0,12,1,24,11	1104	0	1104	1104	276	828	0	8643	2288
rank1-offgraph	0,0,0,12,1,24,15	1104	0	1104	1104	276	828	0	8501	2218
rank1-offgraph	0,0,0,12,1,25,0	1104	0	1104	1104	276	828	0	8501	2204
rank1-offgraph	0,0,0,12,1,25,6	1104	0	1104	1104	276	828	0	8501	2195
rank1-offgraph	0,0,0,12,1,25,9	1104	0	1104	1104	276	828	0	8643	2214
rank1-offgraph	0,0,0,12,1,25,16	1104	0	1104	1104	276	828	0	8501	2002
rank1-offgraph	0,0,0,12,1,26,0	1104	0	1104	1104	276	828	0	8501	2181
rank1-offgraph	0,0,0,12,1,26,6	1104	0	1104	1104	276	828	0	8501	2181
rank1-offgraph	0,0,0,12,1,26,9	1104	0	1104	1104	276	828	0	8643	2299
rank1-offgraph	0,0,0,12,1,26,16	1104	0	1104	1104	276	828	0	8501	2181
rank1-offgraph	0,0,0,13,1,0,7	1104	0	1104	1104	276	828	0	8501	2218
rank1-offgraph	0,0,0,13,1,0,8	1104	0	1104	1104	276	828	0	8643	2288
rank1-offgraph	0,0,0,13,1,0,10	1104	0	1104	1104	276	828	0	8501	2163
rank1-offgraph	0,0,0,13,1,0,26	1104	0	1104	1104	276	828	0	8501	2224
rank1-offgraph	0,0,0,13,1,1,7	1104	0	1104	1104	276	828	0	8501	2204
rank1-offgraph	0,0,0,13,1,1,14	1104	0	1104	1104	276	828	0	8501	2002
rank1-offgraph	0,0,0,13,1,1,22	1104	0	1104	1104	276	828	0	8501	2195
rank1-offgraph	0,0,0,13,1,1,23	1104	0	1104	1104	276	828	0	8643	2214
rank1-offgraph	0,0,0,13,1,2,1	1104	0	1104	1104	276	828	0	8501	2214
rank1-offgraph	0,0,0,13,1,2,9	1104	0	1104	1104	276	828	0	8501	2211
rank1-offgraph	0,0,0,13,1,2,10	1104	0	1104	1104	276	828	0	8643	2253
rank1-offgraph	0,0,0,13,1,2,21	1104	0	1104	1104	276	828	0	8501	2201
rank1-offgraph	0,0,0,13,1,3,2	1104	0	1104	1104	276	828	0	8501	2190
rank1-offgraph	0,0,0,13,1,3,15	1104	0	1104	1104	276	828	0	8501	2200
rank1-offgraph	0,0,0,13,1,3,24	1104	0	1104	1104	276	828	0	8643	2106
rank1-offgraph	0,0,0,13,1,3,26	1104	0	1104	1104	276	828	0	8501	2196
rank1-offgraph	0,0,0,13,1,4,0	1104	0	1104	1104	276	828	0	8501	2182
rank1-offgraph	0,0,0,13,1,4,9	1104	0	1104	1104	276	828	0	8643	2251
rank1-offgraph	0,0,0,13,1,4,11	1104	0	1104	1104	276	828	0	8501	2128
rank1-offgraph	0,0,0,13,1,4,23	1104	0	1104	1104	276	828	0	8501	1980
rank1-offgraph	0,0,0,13,1,5,4	1104	0	1104	1104	276	828	0	8501	2057
rank1-offgraph	0,0,0,13,1,5,5	1104	0	1104	1104	276	828	0	8643	2258
rank1-offgraph	0,0,0,13,1,5,16	1104	0	1104	1104	276	828	0	8501	2210
rank1-offgraph	0,0,0,13,1,5,23	1104	0	1104	1104	276	828	0	8501	2215
rank1-offgraph	0,0,0,13,1,6,6	1104	0	1104	1104	276	828	0	8501	2194
rank1-offgraph	0,0,0,13,1,6,7	1104	0	1104	1104	276	828	0	8643	2290
rank1-offgraph	0,0,0,13,1,6,9	1104	0	1104	1104	276	828	0	8501	2194
rank1-offgraph	0,0,0,13,1,6,25	1104	0	1104	1104	276	828	0	8501	2194
rank1-offgraph	0,0,0,13,1,7,0	1104	0	1104	1104	276	828	0	8501	2218
rank1-offgraph	0,0,0,13,1,7,16	1104	0	1104	1104	276	828	0	8501	2163
rank1-offgraph	0,0,0,13,1,7,24	1104	0	1104	1104	276	828	0	8501	2224
rank1-offgraph	0,0,0,13,1,7,25	1104	0	1104	1104	276	828	0	8643	2288
rank1-offgraph	0,0,0,13,1,8,6	1104	0	1104	1104	276	828	0	8501	2190
rank1-offgraph	0,0,0,13,1,8,15	1104	0	1104	1104	276	828	0	8643	2106
rank1-offgraph	0,0,0,13,1,8,17	1104	0	1104	1104	276	828	0	8501	2200
rank1-offgraph	0,0,0,13,1,8,20	1104	0	1104	1104	276	828	0	8501	2196
rank1-offgraph	0,0,0,13,1,9,0	1104	0	1104	1104	276	828	0	8501	2214
rank1-offgraph	0,0,0,13,1,9,16	1104	0	1104	1104	276	828	0	8501	2211
rank1-offgraph	0,0,0,13,1,9,24	1104	0	1104	1104	276	828	0	8501	2201
rank1-offgraph	0,0,0,13,1,9,25	1104	0	1104	1104	276	828	0	8643	2253
rank1-offgraph	0,0,0,13,1,10,3	1104	0	1104	1104	276	828	0	8501	2226
rank1-offgraph	0,0,0,13,1,10,4	1104	0	1104	1104	276	828	0	8643	2270
rank1-offgraph	0,0,0,13,1,10,15	1104	0	1104	1104	276	828	0	8501	2020
rank1-offgraph	0,0,0,13,1,10,22	1104	0	1104	1104	276	828	0	8501	2199
rank1-offgraph	0,0,0,13,1,11,0	1104	0	1104	1104	276	828	0	8501	2108
rank1-offgraph	0,0,0,13,1,11,9	1104	0	1104	1104	276	828	0	8643	2084
rank1-offgraph	0,0,0,13,1,11,11	1104	0	1104	1104	276	828	0	8501	2217
rank1-offgraph	0,0,0,13,1,11,23	1104	0	1104	1104	276	828	0	8501	2223
rank1-offgraph	0,0,0,13,1,12,4	1104	0	1104	1104	276	828	0	8501	2218
rank1-offgraph	0,0,0,13,1,12,12	1104	0	1104	1104	276	828	0	8501	2163
rank1-offgraph	0,0,0,13,1,12,13	1104	0	1104	1104	276	828	0	8643	2288
rank1-offgraph	0,0,0,13,1,12,24	1104	0	1104	1104	276	828	0	8501	2224
rank1-offgraph	0,0,0,13,1,13,0	1104	0	1104	1104	276	828	0	8501	2195
rank1-offgraph	0,0,0,13,1,13,16	1104	0	1104	1104	276	828	0	8501	2204
rank1-offgraph	0,0,0,13,1,13,24	1104	0	1104	1104	276	828	0	8501	2002
rank1-offgraph	0,0,0,13,1,13,25	1104	0	1104	1104	276	828	0	8643	2214
rank1-offgraph	0,0,0,13,1,14,0	1104	0	1104	1104	276	828	0	8643	2251
rank1-offgraph	0,0,0,13,1,14,2	1104	0	1104	1104	276	828	0	8501	2182
rank1-offgraph	0,0,0,13,1,14,14	1104	0	1104	1104	276	828	0	8501	2128
rank1-offgraph	0,0,0,13,1,14,18	1104	0	1104	1104	276	828	0	8501	1980
rank1-offgraph	0,0,0,13,1,15,3	1104	0	1104	1104	276	828	0	8501	2002
rank1-offgraph	0,0,0,13,1,15,10	1104	0	1104	1104	276	828	0	8501	2195
rank1-offgraph	0,0,0,13,1,15,18	1104	0	1104	1104	276	828	0	8501	2204
rank1-offgraph	0,0,0,13,1,15,19	1104	0	1104	1104	276	828	0	8643	2214
rank1-offgraph	0,0,0,13,1,16,0	1104	0	1104	1104	276	828	0	8501	2219
rank1-offgraph	0,0,0,13,1,16,1	1104	0	1104	1104	276	828	0	8643	2260
rank1-offgraph	0,0,0,13,1,16,12	1104	0	1104	1104	276	828	0	8501	2219
rank1-offgraph	0,0,0,13,1,16,19	1104	0	1104	1104	276	828	0	8501	2219
rank1-offgraph	0,0,0,13,1,17,0	1104	0	1104	1104	276	828	0	8501	2020
rank1-offgraph	0,0,0,13,1,17,9	1104	0	1104	1104	276	828	0	8643	2270
rank1-offgraph	0,0,0,13,1,17,11	1104	0	1104	1104	276	828	0	8501	2199
rank1-offgraph	0,0,0,13,1,17,23	1104	0	1104	1104	276	828	0	8501	2226
rank1-offgraph	0,0,0,13,1,18,3	1104	0	1104	1104	276	828	0	8643	2106
rank1-offgraph	0,0,0,13,1,18,5	1104	0	1104	1104	276	828	0	8501	2190
rank1-offgraph	0,0,0,13,1,18,17	1104	0	1104	1104	276	828	0	8501	2200
rank1-offgraph	0,0,0,13,1,18,21	1104	0	1104	1104	276	828	0	8501	2196
rank1-offgraph	0,0,0,13,1,19,0	1104	0	1104	1104	276	828	0	8643	2253
rank1-offgraph	0,0,0,13,1,19,2	1104	0	1104	1104	276	828	0	8501	2214
rank1-offgraph	0,0,0,13,1,19,14	1104	0	1104	1104	276	828	0	8501	2211
rank1-offgraph	0,0,0,13,1,19,18	1104	0	1104	1104	276	828	0	8501	2201
rank1-offgraph	0,0,0,13,1,20,7	1104	0	1104	1104	276	828	0	8501	2215
rank1-offgraph	0,0,0,13,1,20,8	1104	0	1104	1104	276	828	0	8643	2258
rank1-offgraph	0,0,0,13,1,20,10	1104	0	1104	1104	276	828	0	8501	2057
rank1-offgraph	0,0,0,13,1,20,26	1104	0	1104	1104	276	828	0	8501	2210
rank1-offgraph	0,0,0,13,1,21,1	1104	0	1104	1104	276	828	0	8501	2182
rank1-offgraph	0,0,0,13,1,21,17	1104	0	1104	1104	276	828	0	8501	2128
rank1-offgraph	0,0,0,13,1,21,25	1104	0	1104	1104	276	828	0	8501	1980
rank1-offgraph	0,0,0,13,1,21,26	1104	0	1104	1104	276	828	0	8643	2251
rank1-offgraph	0,0,0,13,1,22,4	1104	0	1104	1104	276	828	0	8501	2199
rank1-offgraph	0,0,0,13,1,22,11	1104	0	1104	1104	276	828	0	8501	2226
rank1-offgraph	0,0,0,13,1,22,19	1104	0	1104	1104	276	828	0	8501	2020
rank1-offgraph	0,0,0,13,1,22,20	1104	0	1104	1104	276	828	0	8643	2270
rank1-offgraph	0,0,0,13,1,23,6	1104	0	1104	1104	276	828	0	8501	2217
rank1-offgraph	0,0,0,13,1,23,13	1104	0	1104	1104	276	828	0	8501	2223
rank1-offgraph	0,0,0,13,1,23,21	1104	0	1104	1104	276	828	0	8501	2108
rank1-offgraph	0,0,0,13,1,23,22	1104	0	1104	1104	276	828	0	8643	2084
rank1-offgraph	0,0,0,13,1,24,0	1104	0	1104	1104	276	828	0	8501	2210
rank1-offgraph	0,0,0,13,1,24,1	1104	0	1104	1104	276	828	0	8643	2258
rank1-offgraph	0,0,0,13,1,24,12	1104	0	1104	1104	276	828	0	8501	2215
rank1-offgraph	0,0,0,13,1,24,19	1104	0	1104	1104	276	828	0	8501	2057
rank1-offgraph	0,0,0,13,1,25,0	1104	0	1104	1104	276	828	0	8501	2223
rank1-offgraph	0,0,0,13,1,25,1	1104	0	1104	1104	276	828	0	8643	2084
rank1-offgraph	0,0,0,13,1,25,12	1104	0	1104	1104	276	828	0	8501	2108
rank1-offgraph	0,0,0,13,1,25,19	1104	0	1104	1104	276	828	0	8501	2217
rank1-offgraph	0,0,0,13,1,26,0	1104	0	1104	1104	276	828	0	8643	2299
rank1-offgraph	0,0,0,13,1,26,2	1104	0	1104	1104	276	828	0	8501	2181
rank1-offgraph	0,0,0,13,1,26,14	1104	0	1104	1104	276	828	0	8501	2181
rank1-offgraph	0,0,0,13,1,26,18	1104	0	1104	1104	276	828	0	8501	2181
rank1-graph	0,0,0,14,0,1,0	1104	0	1104	1104	276	828	0	10575	2753
rank1-graph	0,0,0,14,0,1,4	1104	0	1104	1104	276	828	0	10575	2753
rank1-graph	0,0,0,14,0,1,8	1104	0	1104	1104	276	828	0	10575	2753
rank1-graph	0,0,0,14,0,1,11	1104	0	1104	1104	276	828	0	10575	2771
rank1-graph	0,0,0,14,0,1,12	1104	0	1104	1104	276	828	0	10575	2810
rank1-graph	0,0,0,14,0,1,16	1104	0	1104	1104	276	828	0	10575	2810
rank1-graph	0,0,0,14,0,1,19	1104	0	1104	1104	276	828	0	10575	2753
rank1-graph	0,0,0,14,0,1,23	1104	0	1104	1104	276	828	0	10575	2753
rank1-graph	0,0,0,14,0,1,24	1104	0	1104	1104	276	828	0	10575	2753
rank1-offgraph	0,0,0,14,1,0,6	1104	0	1104	1104	276	828	0	8501	2002
rank1-offgraph	0,0,0,14,1,0,19	1104	0	1104	1104	276	828	0	8643	2214
rank1-offgraph	0,0,0,14,1,0,24	1104	0	1104	1104	276	828	0	8501	2204
rank1-offgraph	0,0,0,14,1,0,26	1104	0	1104	1104	276	828	0	8501	2195
rank1-offgraph	0,0,0,14,1,1,13	1104	0	1104	1104	276	828	0	8501	2214
rank1-offgraph	0,0,0,14,1,1,14	1104	0	1104	1104	276	828	0	8501	2211
rank1-offgraph	0,0,0,14,1,1,15	1104	0	1104	1104	276	828	0	8643	2253
rank1-offgraph	0,0,0,14,1,1,23	1104	0	1104	1104	276	828	0	8501	2201
rank1-offgraph	0,0,0,14,1,2,0	1104	0	1104	1104	276	828	0	8501	2020
rank1-offgraph	0,0,0,14,1,2,2	1104	0	1104	1104	276	828	0	8501	2226
rank1-offgraph	0,0,0,14,1,2,4	1104	0	1104	1104	276	828	0	8643	2270
rank1-offgraph	0,0,0,14,1,2,9	1104	0	1104	1104	276	828	0	8501	2199
rank1-offgraph	0,0,0,14,1,3,12	1104	0	1104	1104	276	828	0	8501	2194
rank1-offgraph	0,0,0,14,1,3,14	1104	0	1104	1104	276	828	0	8501	2194
rank1-offgraph	0,0,0,14,1,3,16	1104	0	1104	1104	276	828	0	8643	2290
rank1-offgraph	0,0,0,14,1,3,21	1104	0	1104	1104	276	828	0	8501	2194
rank1-offgraph	0,0,0,14,1,4,0	1104	0	1104	1104	276	828	0	8643	2258
rank1-offgraph	0,0,0,14,1,4,7	1104	0	1104	1104	276	828	0	8501	2210
rank1-offgraph	0,0,0,14,1,4,8	1104	0	1104	1104	276	828	0	8501	2215
rank1-offgraph	0,0,0,14,1,4,17	1104	0	1104	1104	276	828	0	8501	2057
rank1-offgraph	0,0,0,14,1,5,0	1104	0	1104	1104	276	828	0	8501	2195
rank1-offgraph	0,0,0,14,1,5,18	1104	0	1104	1104	276	828	0	8501	2002
rank1-offgraph	0,0,0,14,1,5,20	1104	0	1104	1104	276	828	0	8501	2204
rank1-offgraph	0,0,0,14,1,5,22	1104	0	1104	1104	276	828	0	8643	2214
rank1-offgraph	0,0,0,14,1,6,0	1104	0	1104	1104	276	828	0	8501	2215
rank1-offgraph	0,0,0,14,1,6,18	1104	0	1104	1104	276	828	0	8501	2210
rank1-offgraph	0,0,0,14,1,6,20	1104	0	1104	1104	276	828	0	8501	2057
rank1-offgraph	0,0,0,14,1,6,22	1104	0	1104	1104	276	828	0	8643	2258
rank1-offgraph	0,0,0,14,1,7,10	1104	0	1104	1104	276	828	0	8501	2108
rank1-offgraph	0,0,0,14,1,7,11	1104	0	1104	1104	276	828	0	8501	2217
rank1-offgraph	0,0,0,14,1,7,12	1104	0	1104	1104	276	828	0	8643	2084
rank1-offgraph	0,0,0,14,1,7,20	1104	0	1104	1104	276	828	0	8501	2223
rank1-offgraph	0,0,0,14,1,8,0	1104	0	1104	1104	276	828	0	8501	2128
rank1-offgraph	0,0,0,14,1,8,2	1104	0	1104	1104	276	828	0	8501	2182
rank1-offgraph	0,0,0,14,1,8,4	1104	0	1104	1104	276	828	0	8643	2251
rank1-offgraph	0,0,0,14,1,8,9	1104	0	1104	1104	276	828	0	8501	1980
rank1-offgraph	0,0,0,14,1,9,0	1104	0	1104	1104	276	828	0	8501	2223
rank1-offgraph	0,0,0,14,1,9,1	1104	0	1104	1104	276	828	0	8501	2108
rank1-offgraph	0,0,0,14,1,9,5	1104	0	1104	1104	276	828	0	8643	2084
rank1-offgraph	0,0,0,14,1,9,10	1104	0	1104	1104	276	828	0	8501	2217
rank1-offgraph	0,0,0,14,1,10,10	1104	0	1104	1104	276	828	0	8643	2260
rank1-offgraph	0,0,0,14,1,10,15	1104	0	1104	1104	276	828	0	8501	2219
rank1-offgraph	0,0,0,14,1,10,17	1104	0	1104	1104	276	828	0	8501	2219
rank1-offgraph	0,0,0,14,1,10,24	1104	0	1104	1104	276	828	0	8501	2219
rank1-offgraph	0,0,0,14,1,11,4	1104	0	1104	1104	276	828	0	8501	2163
rank1-offgraph	0,0,0,14,1,11,21	1104	0	1104	1104	276	828	0	8501	2224
rank1-offgraph	0,0,0,14,1,11,22	1104	0	1104	1104	276	828	0	8501	2218
rank1-offgraph	0,0,0,14,1,11,26	1104	0	1104	1104	276	828	0	8643	2288
rank1-offgraph	0,0,0,14,1,12,3	1104	0	1104	1104	276	828	0	8501	2128
rank1-offgraph	0,0,0,14,1,12,21	1104	0	1104	1104	276	828	0	8501	2182
rank1-offgraph	0,0,0,14,1,12,23	1104	0	1104	1104	276	828	0	8501	1980
rank1-offgraph	0,0,0,14,1,12,25	1104	0	1104	1104	276	828	0	8643	2251
rank1-offgraph	0,0,0,14,1,13,0	1104	0	1104	1104	276	828	0	8643	2288
rank1-offgraph	0,0,0,14,1,13,7	1104	0	1104	1104	276	828	0	8501	2163
rank1-offgraph	0,0,0,14,1,13,8	1104	0	1104	1104	276	828	0	8501	2224
rank1-offgraph	0,0,0,14,1,13,17	1104	0	1104	1104	276	828	0	8501	2218
rank1-offgraph	0,0,0,14,1,14,9	1104	0	1104	1104	276	828	0	8501	2190
rank1-offgraph	0,0,0,14,1,14,11	1104	0	1104	1104	276	828	0	8501	2196
rank1-offgraph	0,0,0,14,1,14,13	1104	0	1104	1104	276	828	0	8643	2106
rank1-offgraph	0,0,0,14,1,14,18	1104	0	1104	1104	276	828	0	8501	2200
rank1-offgraph	0,0,0,14,1,15,0	1104	0	1104	1104	276	828	0	8643	2258
rank1-offgraph	0,0,0,14,1,15,7	1104	0	1104	1104	276	828	0	8501	2215
rank1-offgraph	0,0,0,14,1,15,8	1104	0	1104	1104	276	828	0	8501	2057
rank1-offgraph	0,0,0,14,1,15,17	1104	0	1104	1104	276	828	0	8501	2210
rank1-offgraph	0,0,0,14,1,16,11	1104	0	1104	1104	276	828	0	8643	2084
rank1-offgraph	0,0,0,14,1,16,15	1104	0	1104	1104	276	828	0	8501	2217
rank1-offgraph	0,0,0,14,1,16,16	1104	0	1104	1104	276	828	0	8501	2223
rank1-offgraph	0,0,0,14,1,16,25	1104	0	1104	1104	276	828	0	8501	2108
rank1-offgraph	0,0,0,14,1,17,8	1104	0	1104	1104	276	828	0	8501	2214
rank1-offgraph	0,0,0,14,1,17,18	1104	0	1104	1104	276	828	0	8643	2253
rank1-offgraph	0,0,0,14,1,17,25	1104	0	1104	1104	276	828	0	8501	2211
rank1-offgraph	0,0,0,14,1,17,26	1104	0	1104	1104	276	828	0	8501	2201
rank1-offgraph	0,0,0,14,1,18,1	1104	0	1104	1104	276	828	0	8501	2002
rank1-offgraph	0,0,0,14,1,18,2	1104	0	1104	1104	276	828	0	8501	2195
rank1-offgraph	0,0,0,14,1,18,3	1104	0	1104	1104	276	828	0	8643	2214
rank1-offgraph	0,0,0,14,1,18,11	1104	0	1104	1104	276	828	0	8501	2204
rank1-offgraph	0,0,0,14,1,19,2	1104	0	1104	1104	276	828	0	8643	2251
rank1-offgraph	0,0,0,14,1,19,6	1104	0	1104	1104	276	828	0	8501	2128
rank1-offgraph	0,0,0,14,1,19,7	1104	0	1104	1104	276	828	0	8501	1980
rank1-offgraph	0,0,0,14,1,19,16	1104	0	1104	1104	276	828	0	8501	2182
rank1-offgraph	0,0,0,14,1,20,4	1104	0	1104	1104	276	828	0	8501	2020
rank1-offgraph	0,0,0,14,1,20,5	1104	0	1104	1104	276	828	0	8501	2199
rank1-offgraph	0,0,0,14,1,20,6	1104	0	1104	1104	276	828	0	8643	2270
rank1-offgraph	0,0,0,14,1,20,14	1104	0	1104	1104	276	828	0	8501	2226
rank1-offgraph	0,0,0,14,1,21,0	1104	0	1104	1104	276	828	0	8501	2211
rank1-offgraph	0,0,0,14,1,21,18	1104	0	1104	1104	276	828	0	8501	2214
rank1-offgraph	0,0,0,14,1,21,20	1104	0	1104	1104	276	828	0	8501	2201
rank1-offgraph	0,0,0,14,1,21,22	1104	0	1104	1104	276	828	0	8643	2253
rank1-offgraph	0,0,0,14,1,22,5	1104	0	1104	1104	276	828	0	8501	2224
rank1-offgraph	0,0,0,14,1,22,22	1104	0	1104	1104	276	828	0	8501	2218
rank1-offgraph	0,0,0,14,1,22,23	1104	0	1104	1104	276	828	0	8501	2163
rank1-offgraph	0,0,0,14,1,22,24	1104	0	1104	1104	276	828	0	8643	2288
rank1-offgraph	0,0,0,14,1,23,6	1104	0	1104	1104	276	828	0	8501	2196
rank1-offgraph	0,0,0,14,1,23,19	1104	0	1104	1104	276	828	0	8643	2106
rank1-offgraph	0,0,0,14,1,23,24	1104	0	1104	1104	276	828	0	8501	2200
rank1-offgraph	0,0,0,14,1,23,26	1104	0	1104	1104	276	828	0	8501	2190
rank1-offgraph	0,0,0,14,1,24,0	1104	0	1104	1104	276	828	0	8501	2199
rank1-offgraph	0,0,0,14,1,24,1	1104	0	1104	1104	276	828	0	8501	2226
rank1-offgraph	0,0,0,14,1,24,5	1104	0	1104	1104	276	828	0	8643	2270
rank1-offgraph	0,0,0,14,1,24,10	1104	0	1104	1104	276	828	0	8501	2020
rank1-offgraph	0,0,0,14,1,25,0	1104	0	1104	1104	276	828	0	8501	2196
rank1-offgraph	0,0,0,14,1,25,2	1104	0	1104	1104	276	828	0	8501	2200
rank1-offgraph	0,0,0,14,1,25,4	1104	0	1104	1104	276	828	0	8643	2106
rank1-offgraph	0,0,0,14,1,25,9	1104	0	1104	1104	276	828	0	8501	2190
rank1-offgraph	0,0,0,14,1,26,0	1104	0	1104	1104	276	828	0	8501	2181
rank1-offgraph	0,0,0,14,1,26,1	1104	0	1104	1104	276	828	0	8501	2181
rank1-offgraph	0,0,0,14,1,26,5	1104	0	1104	1104	276	828	0	8643	2299
rank1-offgraph	0,0,0,14,1,26,10	1104	0	1104	1104	276	828	0	8501	2181
rank1-offgraph	0,0,0,15,1,0,10	1104	0	1104	1104	276	828	0	8501	2215
rank1-offgraph	0,0,0,15,1,0,17	1104	0	1104	1104	276	828	0	8501	2210
rank1-offgraph	0,0,0,15,1,0,19	1104	0	1104	1104	276	828	0	8501	2057
rank1-offgraph	0,0,0,15,1,0,23	1104	0	1104	1104	276	828	0	8643	2258
rank1-offgraph	0,0,0,15,1,1,0	1104	0	1104	1104	276	828	0	8501	2002
rank1-offgraph	0,0,0,15,1,1,5	1104	0	1104	1104	276	828	0	8501	2195
rank1-offgraph	0,0,0,15,1,1,14	1104	0	1104	1104	276	828	0	8501	2204
rank1-offgraph	0,0,0,15,1,1,15	1104	0	1104	1104	276	828	0	8643	2214
rank1-offgraph	0,0,0,15,1,2,0	1104	0	1104	1104	276	828	0	8643	2253
rank1-offgraph	0,0,0,15,1,2,8	1104	0	1104	1104	276	828	0	8501	2214
rank1-offgraph	0,0,0,15,1,2,21	1104	0	1104	1104	276	828	0	8501	2211
rank1-offgraph	0,0,0,15,1,2,26	1104	0	1104	1104	276	828	0	8501	2201
rank1-offgraph	0,0,0,15,1,3,0	1104	0	1104	1104	276	828	0	8501	2201
rank1-offgraph	0,0,0,15,1,3,4	1104	0	1104	1104	276	828	0	8643	2253
rank1-offgraph	0,0,0,15,1,3,18	1104	0	1104	1104	276	828	0	8501	2211
rank1-offgraph	0,0,0,15,1,3,25	1104	0	1104	1104	276	828	0	8501	2214
rank1-offgraph	0,0,0,15,1,4,10	1104	0	1104	1104	276	828	0	8501	2226
rank1-offgraph	0,0,0,15,1,4,17	1104	0	1104	1104	276	828	0	8501	2199
rank1-offgraph	0,0,0,15,1,4,19	1104	0	1104	1104	276	828	0	8501	2020
rank1-offgraph	0,0,0,15,1,4,23	1104	0	1104	1104	276	828	0	8643	2270
rank1-offgraph	0,0,0,15,1,5,1	1104	0	1104	1104	276	828	0	8501	2190
rank1-offgraph	0,0,0,15,1,5,8	1104	0	1104	1104	276	828	0	8501	2196
rank1-offgraph	0,0,0,15,1,5,10	1104	0	1104	1104	276	828	0	8501	2200
rank1-offgraph	0,0,0,15,1,5,14	1104	0	1104	1104	276	828	0	8643	2106
rank1-offgraph	0,0,0,15,1,6,2	1104	0	1104	1104	276	828	0	8501	2223
rank1-offgraph	0,0,0,15,1,6,3	1104	0	1104	1104	276	828	0	8643	2084
rank1-offgraph	0,0,0,15,1,6,20	1104	0	1104	1104	276	828	0	8501	2217
rank1-offgraph	0,0,0,15,1,6,24	1104	0	1104	1104	276	828	0	8501	2108
rank1-offgraph	0,0,0,15,1,7,13	1104	0	1104	1104	276	828	0	8501	2201
rank1-offgraph	0,0,0,15,1,7,15	1104	0	1104	1104	276	828	0	8501	2214
rank1-offgraph	0,0,0,15,1,7,19	1104	0	1104	1104	276	828	0	8643	2253
rank1-offgraph	0,0,0,15,1,7,24	1104	0	1104	1104	276	828	0	8501	2211
rank1-offgraph	0,0,0,15,1,8,1	1104	0	1104	1104	276	828	0	8501	2224
rank1-offgraph	0,0,0,15,1,8,3	1104	0	1104	1104	276	828	0	8501	2218
rank1-offgraph	0,0,0,15,1,8,12	1104	0	1104	1104	276	828	0	8501	2163
rank1-offgraph	0,0,0,15,1,8,16	1104	0	1104	1104	276	828	0	8643	2288
rank1-offgraph	0,0,0,15,1,9,0	1104	0	1104	1104	276	828	0	8501	2190
rank1-offgraph	0,0,0,15,1,9,4	1104	0	1104	1104	276	828	0	8643	2106
rank1-offgraph	0,0,0,15,1,9,18	1104	0	1104	1104	276	828	0	8501	2196
rank1-offgraph	0,0,0,15,1,9,25	1104	0	1104	1104	276	828	0	8501	2200
rank1-offgraph	0,0,0,15,1,10,2	1104	0	1104	1104	276	828	0	8501	1980
rank1-offgraph	0,0,0,15,1,10,4	1104	0	1104	1104	276	828	0	8501	2182
rank1-offgraph	0,0,0,15,1,10,13	1104	0	1104	1104	276	828	0	8501	2128
rank1-offgraph	0,0,0,15,1,10,17	1104	0	1104	1104	276	828	0	8643	2251
rank1-offgraph	0,0,0,15,1,11,14	1104	0	1104	1104	276	828	0	8501	2226
rank1-offgraph	0,0,0,15,1,11,16	1104	0	1104	1104	276	828	0	8501	2020
rank1-offgraph	0,0,0,15,1,11,20	1104	0	1104	1104	276	828	0	8643	2270
rank1-offgraph	0,0,0,15,1,11,25	1104	0	1104	1104	276	828	0	8501	2199
rank1-offgraph	0,0,0,15,1,12,5	1104	0	1104	1104	276	828	0	8501	2218
rank1-offgraph	0,0,0,15,1,12,7	1104	0	1104	1104	276	828	0	8501	2163
rank1-offgraph	0,0,0,15,1,12,11	1104	0	1104	1104	276	828	0	8643	2288
rank1-offgraph	0,0,0,15,1,12,16	1104	0	1104	1104	276	828	0	8501	2224
rank1-offgraph	0,0,0,15,1,13,12	1104	0	1104	1104	276	828	0	8501	2223
rank1-offgraph	0,0,0,15,1,13,17	1104	0	1104	1104	276	828	0	8501	2108
rank1-offgraph	0,0,0,15,1,13,18	1104	0	1104	1104	276	828	0	8643	2084
rank1-offgraph	0,0,0,15,1,13,26	1104	0	1104	1104	276	828	0	8501	2217
rank1-offgraph	0,0,0,15,1,14,0	1104	0	1104	1104	276	828	0	8643	2251
rank1-offgraph	0,0,0,15,1,14,8	1104	0	1104	1104	276	828	0	8501	1980
rank1-offgraph	0,0,0,15,1,14,21	1104	0	1104	1104	276	828	0	8501	2182
rank1-offgraph	0,0,0,15,1,14,26	1104	0	1104	1104	276	828	0	8501	2128
rank1-offgraph	0,0,0,15,1,15,0	1104	0	1104	1104	276	828	0	8501	2128
rank1-offgraph	0,0,0,15,1,15,5	1104	0	1104	1104	276	828	0	8501	1980
rank1-offgraph	0,0,0,15,1,15,14	1104	0	1104	1104	276	828	0	8501	2182
rank1-offgraph	0,0,0,15,1,15,15	1104	0	1104	1104	276	828	0	8643	2251
rank1-offgraph	0,0,0,15,1,16,9	1104	0	1104	1104	276	828	0	8501	2057
rank1-offgraph	0,0,0,15,1,16,16	1104	0	1104	1104	276	828	0	8501	2215
rank1-offgraph	0,0,0,15,1,16,18	1104	0	1104	1104	276	828	0	8501	2210
rank1-offgraph	0,0,0,15,1,16,22	1104	0	1104	1104	276	828	0	8643	2258
rank1-offgraph	0,0,0,15,1,17,1	1104	0	1104	1104	276	828	0	8643	2214
rank1-offgraph	0,0,0,15,1,17,6	1104	0	1104	1104	276	828	0	8501	2195
rank1-offgraph	0,0,0,15,1,17,22	1104	0	1104	1104	276	828	0	8501	2204
rank1-offgraph	0,0,0,15,1,17,24	1104	0	1104	1104	276	828	0	8501	2002
rank1-offgraph	0,0,0,15,1,18,0	1104	0	1104	1104	276	828	0	8643	2260
rank1-offgraph	0,0,0,15,1,18,8	1104	0	1104	1104	276	828	0	8501	2219
rank1-offgraph	0,0,0,15,1,18,21	1104	0	1104	1104	276	828	0	8501	2219
rank1-offgraph	0,0,0,15,1,18,26	1104	0	1104	1104	276	828	0	8501	2219
rank1-offgraph	0,0,0,15,1,19,0	1104	0	1104	1104	276	828	0	8501	2215
rank1-offgraph	0,0,0,15,1,19,4	1104	0	1104	1104	276	828	0	8643	2258
rank1-offgraph	0,0,0,15,1,19,18	1104	0	1104	1104	276	828	0	8501	2210
rank1-offgraph	0,0,0,15,1,19,25	1104	0	1104	1104	276	828	0	8501	2057
rank1-offgraph	0,0,0,15,1,20,3	1104	0	1104	1104	276	828	0	8501	2196
rank1-offgraph	0,0,0,15,1,20,7	1104	0	1104	1104	276	828	0	8643	2106
rank1-offgraph	0,0,0,15,1,20,19	1104	0	1104	1104	276	828	0	8501	2190
rank1-offgraph	0,0,0,15,1,20,21	1104	0	1104	1104	276	828	0	8501	2200
rank1-offgraph	0,0,0,15,1,21,2	1104	0	1104	1104	276	828	0	8501	2223
rank1-offgraph	0,0,0,15,1,21,6	1104	0	1104	1104	276	828	0	8501	2217
rank1-offgraph	0,0,0,15,1,21,11	1104	0	1104	1104	276	828	0	8501	2108
rank1-offgraph	0,0,0,15,1,21,12	1104	0	1104	1104	276	828	0	8643	2084
rank1-offgraph	0,0,0,15,1,22,0	1104	0	1104	1104	276	828	0	8501	2194
rank1-offgraph	0,0,0,15,1,22,7	1104	0	1104	1104	276	828	0	8501	2194
rank1-offgraph	0,0,0,15,1,22,9	1104	0	1104	1104	276	828	0	8501	2194
rank1-offgraph	0,0,0,15,1,22,13	1104	0	1104	1104	276	828	0	8643	2290
rank1-offgraph	0,0,0,15,1,23,0	1104	0	1104	1104	276	828	0	8501	2199
rank1-offgraph	0,0,0,15,1,23,7	1104	0	1104	1104	276	828	0	8501	2020
rank1-offgraph	0,0,0,15,1,23,9	1104	0	1104	1104	276	828	0	8501	2226
rank1-offgraph	0,0,0,15,1,23,13	1104	0	1104	1104	276	828	0	8643	2270
rank1-offgraph	0,0,0,15,1,24,0	1104	0	1104	1104	276	828	0	8501	2163
rank1-offgraph	0,0,0,15,1,24,5	1104	0	1104	1104	276	828	0	8501	2224
rank1-offgraph	0,0,0,15,1,24,14	1104	0	1104	1104	276	828	0	8501	2218
rank1-offgraph	0,0,0,15,1,24,15	1104	0	1104	1104	276	828	0	8643	2288
rank1-offgraph	0,0,0,15,1,25,0	1104	0	1104	1104	276	828	0	8501	2204
rank1-offgraph	0,0,0,15,1,25,7	1104	0	1104	1104	276	828	0	8501	2195
rank1-offgraph	0,0,0,15,1,25,9	1104	0	1104	1104	276	828	0	8501	2002
rank1-offgraph	0,0,0,15,1,25,13	1104	0	1104	1104	276	828	0	8643	2214
rank1-offgraph	0,0,0,15,1,26,4	1104	0	1104	1104	276	828	0	8501	2181
rank1-offgraph	0,0,0,15,1,26,6	1104	0	1104	1104	276	828	0	8501	2181
rank1-offgraph	0,0,0,15,1,26,10	1104	0	1104	1104	276	828	0	8643	2299
rank1-offgraph	0,0,0,15,1,26,15	1104	0	1104	1104	276	828	0	8501	2181
rank1-offgraph	0,0,0,16,1,0,6	1104	0	1104	1104	276	828	0	8643	2106
rank1-offgraph	0,0,0,16,1,0,8	1104	0	1104	1104	276	828	0	8501	2200
rank1-offgraph	0,0,0,16,1,0,14	1104	0	1104	1104	276	828	0	8501	2196
rank1-offgraph	0,0,0,16,1,0,23	1104	0	1104	1104	276	828	0	8501	2190
rank1-offgraph	0,0,0,16,1,1,8	1104	0	1104	1104	276	828	0	8501	2194
rank1-offgraph	0,0,0,16,1,1,17	1104	0	1104	1104	276	828	0	8501	2194
rank1-offgraph	0,0,0,16,1,1,18	1104	0	1104	1104	276	828	0	8643	2290
rank1-offgraph	0,0,0,16,1,1,20	1104	0	1104	1104	276	828	0	8501	2194
rank1-offgraph	0,0,0,16,1,2,1	1104	0	1104	1104	276	828	0	8501	2163
rank1-offgraph	0,0,0,16,1,2,13	1104	0	1104	1104	276	828	0	8501	2224
rank1-offgraph	0,0,0,16,1,2,14	1104	0	1104	1104	276	828	0	8643	2288
rank1-offgraph	0,0,0,16,1,2,19	1104	0	1104	1104	276	828	0	8501	2218
rank1-offgraph	0,0,0,16,1,3,0	1104	0	1104	1104	276	828	0	8501	2224
rank1-offgraph	0,0,0,16,1,3,12	1104	0	1104	1104	276	828	0	8501	2218
rank1-offgraph	0,0,0,16,1,3,13	1104	0	1104	1104	276	828	0	8643	2288
rank1-offgraph	0,0,0,16,1,3,18	1104	0	1104	1104	276	828	0	8501	2163
rank1-offgraph	0,0,0,16,1,4,3	1104	0	1104	1104	276	828	0	8501	2195
rank1-offgraph	0,0,0,16,1,4,4	1104	0	1104	1104	276	828	0	8643	2214
rank1-offgraph	0,0,0,16,1,4,9	1104	0	1104	1104	276	828	0	8501	2204
rank1-offgraph	0,0,0,16,1,4,18	1104	0	1104	1104	276	828	0	8501	2002
rank1-offgraph	0,0,0,16,1,5,2	1104	0	1104	1104	276	828	0	8501	2201
rank1-offgraph	0,0,0,16,1,5,11	1104	0	1104	1104	276	828	0	8501	2214
rank1-offgraph	0,0,0,16,1,5,21	1104	0	1104	1104	276	828	0	8643	2253
rank1-offgraph	0,0,0,16,1,5,23	1104	0	1104	1104	276	828	0	8501	2211
rank1-offgraph	0,0,0,16,1,6,7	1104	0	1104	1104	276	828	0	8501	2182
rank1-offgraph	0,0,0,16,1,6,10	1104	0	1104	1104	276	828	0	8501	2128
rank1-offgraph	0,0,0,16,1,6,11	1104	0	1104	1104	276	828	0	8643	2251
rank1-offgraph	0,0,0,16,1,6,25	1104	0	1104	1104	276	828	0	8501	1980
rank1-offgraph	0,0,0,16,1,7,7	1104	0	1104	1104	276	828	0	8501	2057
rank1-offgraph	0,0,0,16,1,7,8	1104	0	1104	1104	276	828	0	8643	2258
rank1-offgraph	0,0,0,16,1,7,13	1104	0	1104	1104	276	828	0	8501	2210
rank1-offgraph	0,0,0,16,1,7,22	1104	0	1104	1104	276	828	0	8501	2215
rank1-offgraph	0,0,0,16,1,8,0	1104	0	1104	1104	276	828	0	8501	2190
rank1-offgraph	0,0,0,16,1,8,9	1104	0	1104	1104	276	828	0	8501	2200
rank1-offgraph	0,0,0,16,1,8,21	1104	0	1104	1104	276	828	0	8501	2196
rank1-offgraph	0,0,0,16,1,8,22	1104	0	1104	1104	276	828	0	8643	2106
rank1-offgraph	0,0,0,16,1,9,0	1104	0	1104	1104	276	828	0	8501	2163
rank1-offgraph	0,0,0,16,1,9,1	1104	0	1104	1104	276	828	0	8643	2288
rank1-offgraph	0,0,0,16,1,9,15	1104	0	1104	1104	276	828	0	8501	2224
rank1-offgraph	0,0,0,16,1,9,24	1104	0	1104	1104	276	828	0	8501	2218
rank1-offgraph	0,0,0,16,1,10,0	1104	0	1104	1104	276	828	0	8501	2204
rank1-offgraph	0,0,0,16,1,10,12	1104	0	1104	1104	276	828	0	8501	2002
rank1-offgraph	0,0,0,16,1,10,13	1104	0	1104	1104	276	828	0	8643	2214
rank1-offgraph	0,0,0,16,1,10,18	1104	0	1104	1104	276	828	0	8501	2195
rank1-offgraph	0,0,0,16,1,11,5	1104	0	1104	1104	276	828	0	8501	2128
rank1-offgraph	0,0,0,16,1,11,14	1104	0	1104	1104	276	828	0	8501	1980
rank1-offgraph	0,0,0,16,1,11,24	1104	0	1104	1104	276	828	0	8643	2251
rank1-offgraph	0,0,0,16,1,11,26	1104	0	1104	1104	276	828	0	8501	2182
rank1-offgraph	0,0,0,16,1,12,0	1104	0	1104	1104	276	828	0	8501	2219
rank1-offgraph	0,0,0,16,1,12,12	1104	0	1104	1104	276	828	0	8501	2219
rank1-offgraph	0,0,0,16,1,12,13	1104	0	1104	1104	276	828	0	8643	2260
rank1-offgraph	0,0,0,16,1,12,18	1104	0	1104	1104	276	828	0	8501	2219
rank1-offgraph	0,0,0,16,1,13,0	1104	0	1104	1104	276	828	0	8501	2226
rank1-offgraph	0,0,0,16,1,13,9	1104	0	1104	1104	276	828	0	8501	2020
rank1-offgraph	0,0,0,16,1,13,21	1104	0	1104	1104	276	828	0	8501	2199
rank1-offgraph	0,0,0,16,1,13,22	1104	0	1104	1104	276	828	0	8643	2270
rank1-offgraph	0,0,0,16,1,14,3	1104	0	1104	1104	276	828	0	8643	2214
rank1-offgraph	0,0,0,16,1,14,5	1104	0	1104	1104	276	828	0	8501	2204
rank1-offgraph	0,0,0,16,1,14,11	1104	0	1104	1104	276	828	0	8501	2002
rank1-offgraph	0,0,0,16,1,14,20	1104	0	1104	1104	276	828	0	8501	2195
rank1-offgraph	0,0,0,16,1,15,3	1104	0	1104	1104	276	828	0	8501	2108
rank1-offgraph	0,0,0,16,1,15,15	1104	0	1104	1104	276	828	0	8501	2217
rank1-offgraph	0,0,0,16,1,15,16	1104	0	1104	1104	276	828	0	8643	2084
rank1-offgraph	0,0,0,16,1,15,21	1104	0	1104	1104	276	828	0	8501	2223
rank1-offgraph	0,0,0,16,1,16,0	1104	0	1104	1104	276	828	0	8501	2214
rank1-offgraph	0,0,0,16,1,16,9	1104	0	1104	1104	276	828	0	8501	2211
rank1-offgraph	0,0,0,16,1,16,21	1104	0	1104	1104	276	828	0	8501	2201
rank1-offgraph	0,0,0,16,1,16,22	1104	0	1104	1104	276	828	0	8643	2253
rank1-offgraph	0,0,0,16,1,17,0	1104	0	1104	1104	276	828	0	8643	2270
rank1-offgraph	0,0,0,16,1,17,2	1104	0	1104	1104	276	828	0	8501	2226
rank1-offgraph	0,0,0,16,1,17,17	1104	0	1104	1104	276	828	0	8501	2020
rank1-offgraph	0,0,0,16,1,17,26	1104	0	1104	1104	276	828	0	8501	2199
rank1-offgraph	0,0,0,16,1,18,7	1104	0	1104	1104	276	828	0	8501	2211
rank1-offgraph	0,0,0,16,1,18,16	1104	0	1104	1104	276	828	0	8501	2201
rank1-offgraph	0,0,0,16,1,18,19	1104	0	1104	1104	276	828	0	8501	2214
rank1-offgraph	0,0,0,16,1,18,20	1104	0	1104	1104	276	828	0	8643	2253
rank1-offgraph	0,0,0,16,1,19,1	1104	0	1104	1104	276	828	0	8501	2057
rank1-offgraph	0,0,0,16,1,19,10	1104	0	1104	1104	276	828	0	8501	2210
rank1-offgraph	0,0,0,16,1,19,22	1104	0	1104	1104	276	828	0	8501	2215
rank1-offgraph	0,0,0,16,1,19,23	1104	0	1104	1104	276	828	0	8643	2258
rank1-offgraph	0,0,0,16,1,20,3	1104	0	1104	1104	276	828	0	8501	2200
rank1-offgraph	0,0,0,16,1,20,12	1104	0	1104	1104	276	828	0	8501	2196
rank1-offgraph	0,0,0,16,1,20,24	1104	0	1104	1104	276	828	0	8501	2190
rank1-offgraph	0,0,0,16,1,20,25	1104	0	1104	1104	276	828	0	8643	2106
rank1-offgraph	0,0,0,16,1,21,0	1104	0	1104	1104	276	828	0	8501	2108
rank1-offgraph	0,0,0,16,1,21,1	1104	0	1104	1104	276	828	0	8643	2084
rank1-offgraph	0,0,0,16,1,21,15	1104	0	1104	1104	276	828	0	8501	2217
rank1-offgraph	0,0,0,16,1,21,24	1104	0	1104	1104	276	828	0	8501	2223
rank1-offgraph	0,0,0,16,1,22,0	1104	0	1104	1104	276	828	0	8501	1980
rank1-offgraph	0,0,0,16,1,22,1	1104	0	1104	1104	276	828	0	8643	2251
rank1-offgraph	0,0,0,16,1,22,15	1104	0	1104	1104	276	828	0	8501	2182
rank1-offgraph	0,0,0,16,1,22,24	1104	0	1104	1104	276	828	0	8501	2128
rank1-offgraph	0,0,0,16,1,23,0	1104	0	1104	1104	276	828	0	8643	2270
rank1-offgraph	0,0,0,16,1,23,2	1104	0	1104	1104	276	828	0	8501	2020
rank1-offgraph	0,0,0,16,1,23,17	1104	0	1104	1104	276	828	0	8501	2199
rank1-offgraph	0,0,0,16,1,23,26	1104	0	1104	1104	276	828	0	8501	2226
rank1-offgraph	0,0,0,16,1,24,0	1104	0	1104	1104	276	828	0	8643	2258
rank1-offgraph	0,0,0,16,1,24,2	1104	0	1104	1104	276	828	0	8501	2210
rank1-offgraph	0,0,0,16,1,24,17	1104	0	1104	1104	276	828	0	8501	2215
rank1-offgraph	0,0,0,16,1,24,26	1104	0	1104	1104	276	828	0	8501	2057
rank1-offgraph	0,0,0,16,1,25,6	1104	0	1104	1104	276	828	0	8643	2084
rank1-offgraph	0,0,0,16,1,25,8	1104	0	1104	1104	276	828	0	8501	2223
rank1-offgraph	0,0,0,16,1,25,14	1104	0	1104	1104	276	828	0	8501	2108
rank1-offgraph	0,0,0,16,1,25,23	1104	0	1104	1104	276	828	0	8501	2217
rank1-offgraph	0,0,0,16,1,26,4	1104	0	1104	1104	276	828	0	8501	2181
rank1-offgraph	0,0,0,16,1,26,5	1104	0	1104	1104	276	828	0	8643	2299
rank1-offgraph	0,0,0,16,1,26,10	1104	0	1104	1104	276	828	0	8501	2181
rank1-offgraph	0,0,0,16,1,26,19	1104	0	1104	1104	276	828	0	8501	2181
rank1-graph	0,0,0,17,0,1,0	1104	0	1104	1104	276	828	0	10575	2753
rank1-graph	0,0,0,17,0,1,3	1104	0	1104	1104	276	828	0	10575	2753
rank1-graph	0,0,0,17,0,1,6	1104	0	1104	1104	276	828	0	10575	2753
rank1-graph	0,0,0,17,0,1,9	1104	0	1104	1104	276	828	0	10575	2810
rank1-graph	0,0,0,17,0,1,12	1104	0	1104	1104	276	828	0	10575	2771
rank1-graph	0,0,0,17,0,1,15	1104	0	1104	1104	276	828	0	10575	2810
rank1-graph	0,0,0,17,0,1,18	1104	0	1104	1104	276	828	0	10575	2753
rank1-graph	0,0,0,17,0,1,21	1104	0	1104	1104	276	828	0	10575	2753
rank1-graph	0,0,0,17,0,1,24	1104	0	1104	1104	276	828	0	10575	2753
rank1-offgraph	0,0,0,17,1,0,7	1104	0	1104	1104	276	828	0	8501	1980
rank1-offgraph	0,0,0,17,1,0,21	1104	0	1104	1104	276	828	0	8501	2128
rank1-offgraph	0,0,0,17,1,0,23	1104	0	1104	1104	276	828	0	8501	2182
rank1-offgraph	0,0,0,17,1,0,24	1104	0	1104	1104	276	828	0	8643	2251
rank1-offgraph	0,0,0,17,1,1,11	1104	0	1104	1104	276	828	0	8643	2258
rank1-offgraph	0,0,0,17,1,1,16	1104	0	1104	1104	276	828	0	8501	2057
rank1-offgraph	0,0,0,17,1,1,17	1104	0	1104	1104	276	828	0	8501	2210
rank1-offgraph	0,0,0,17,1,1,18	1104	0	1104	1104	276	828	0	8501	2215
rank1-offgraph	0,0,0,17,1,2,0	1104	0	1104	1104	276	828	0	8501	2217
rank1-offgraph	0,0,0,17,1,2,2	1104	0	1104	1104	276	828	0	8501	2108
rank1-offgraph	0,0,0,17,1,2,3	1104	0	1104	1104	276	828	0	8643	2084
rank1-offgraph	0,0,0,17,1,2,13	1104	0	1104	1104	276	828	0	8501	2223
rank1-offgraph	0,0,0,17,1,3,0	1104	0	1104	1104	276	828	0	8643	2214
rank1-offgraph	0,0,0,17,1,3,6	1104	0	1104	1104	276	828	0	8501	2204
rank1-offgraph	0,0,0,17,1,3,8	1104	0	1104	1104	276	828	0	8501	2195
rank1-offgraph	0,0,0,17,1,3,10	1104	0	1104	1104	276	828	0	8501	2002
rank1-offgraph	0,0,0,17,1,4,0	1104	0	1104	1104	276	828	0	8501	2201
rank1-offgraph	0,0,0,17,1,4,20	1104	0	1104	1104	276	828	0	8643	2253
rank1-offgraph	0,0,0,17,1,4,25	1104	0	1104	1104	276	828	0	8501	2214
rank1-offgraph	0,0,0,17,1,4,26	1104	0	1104	1104	276	828	0	8501	2211
rank1-offgraph	0,0,0,17,1,5,9	1104	0	1104	1104	276	828	0	8643	2270
rank1-offgraph	0,0,0,17,1,5,15	1104	0	1104	1104	276	828	0	8501	2020
rank1-offgraph	0,0,0,17,1,5,17	1104	0	1104	1104	276	828	0	8501	2226
rank1-offgraph	0,0,0,17,1,5,19	1104	0	1104	1104	276	828	0	8501	2199
rank1-offgraph	0,0,0,17,1,6,0	1104	0	1104	1104	276	828	0	8501	2215
rank1-offgraph	0,0,0,17,1,6,2	1104	0	1104	1104	276	828	0	8501	2210
rank1-offgraph	0,0,0,17,1,6,3	1104	0	1104	1104	276	828	0	8643	2258
rank1-offgraph	0,0,0,17,1,6,13	1104	0	1104	1104	276	828	0	8501	2057
rank1-offgraph	0,0,0,17,1,7,0	1104	0	1104	1104	276	828	0	8501	2195
rank1-offgraph	0,0,0,17,1,7,20	1104	0	1104	1104	276	828	0	8643	2214
rank1-offgraph	0,0,0,17,1,7,25	1104	0	1104	1104	276	828	0	8501	2204
rank1-offgraph	0,0,0,17,1,7,26	1104	0	1104	1104	276	828	0	8501	2002
rank1-offgraph	0,0,0,17,1,8,12	1104	0	1104	1104	276	828	0	8501	2194
rank1-offgraph	0,0,0,17,1,8,14	1104	0	1104	1104	276	828	0	8501	2194
rank1-offgraph	0,0,0,17,1,8,15	1104	0	1104	1104	276	828	0	8643	2290
rank1-offgraph	0,0,0,17,1,8,25	1104	0	1104	1104	276	828	0	8501	2194
rank1-offgraph	0,0,0,17,1,9,9	1104	0	1104	1104	276	828	0	8501	2182
rank1-offgraph	0,0,0,17,1,9,11	1104	0	1104	1104	276	828	0	8501	1980
rank1-offgraph	0,0,0,17,1,9,12	1104	0	1104	1104	276	828	0	8643	2251
rank1-offgraph	0,0,0,17,1,9,22	1104	0	1104	1104	276	828	0	8501	2128
rank1-offgraph	0,0,0,17,1,10,6	1104	0	1104	1104	276	828	0	8501	2218
rank1-offgraph	0,0,0,17,1,10,22	1104	0	1104	1104	276	828	0	8501	2163
rank1-offgraph	0,0,0,17,1,10,23	1104	0	1104	1104	276	828	0	8501	2224
rank1-offgraph	0,0,0,17,1,10,26	1104	0	1104	1104	276	828	0	8643	2288
rank1-offgraph	0,0,0,17,1,11,0	1104	0	1104	1104	276	828	0	8643	2106
rank1-offgraph	0,0,0,17,1,11,6	1104	0	1104	1104	276	828	0	8501	2190
rank1-offgraph	0,0,0,17,1,11,8	1104	0	1104	1104	276	828	0	8501	2196
rank1-offgraph	0,0,0,17,1,11,10	1104	0	1104	1104	276	828	0	8501	2200
rank1-offgraph	0,0,0,17,1,12,3	1104	0	1104	1104	276	828	0	8501	2108
rank1-offgraph	0,0,0,17,1,12,19	1104	0	1104	1104	276	828	0	8501	2217
rank1-offgraph	0,0,0,17,1,12,20	1104	0	1104	1104	276	828	0	8501	2223
rank1-offgraph	0,0,0,17,1,12,23	1104	0	1104	1104	276	828	0	8643	2084
rank1-offgraph	0,0,0,17,1,13,0	1104	0	1104	1104	276	828	0	8501	2211
rank1-offgraph	0,0,0,17,1,13,1	1104	0	1104	1104	276	828	0	8501	2201
rank1-offgraph	0,0,0,17,1,13,4	1104	0	1104	1104	276	828	0	8643	2253
rank1-offgraph	0,0,0,17,1,13,14	1104	0	1104	1104	276	828	0	8501	2214
rank1-offgraph	0,0,0,17,1,14,10	1104	0	1104	1104	276	828	0	8501	2215
rank1-offgraph	0,0,0,17,1,14,11	1104	0	1104	1104	276	828	0	8501	2057
rank1-offgraph	0,0,0,17,1,14,14	1104	0	1104	1104	276	828	0	8643	2258
rank1-offgraph	0,0,0,17,1,14,21	1104	0	1104	1104	276	828	0	8501	2210
rank1-offgraph	0,0,0,17,1,15,5	1104	0	1104	1104	276	828	0	8501	2163
rank1-offgraph	0,0,0,17,1,15,18	1104	0	1104	1104	276	828	0	8501	2224
rank1-offgraph	0,0,0,17,1,15,19	1104	0	1104	1104	276	828	0	8501	2218
rank1-offgraph	0,0,0,17,1,15,22	1104	0	1104	1104	276	828	0	8643	2288
rank1-offgraph	0,0,0,17,1,16,0	1104	0	1104	1104	276	828	0	8643	2084
rank1-offgraph	0,0,0,17,1,16,6	1104	0	1104	1104	276	828	0	8501	2108
rank1-offgraph	0,0,0,17,1,16,8	1104	0	1104	1104	276	828	0	8501	2223
rank1-offgraph	0,0,0,17,1,16,10	1104	0	1104	1104	276	828	0	8501	2217
rank1-offgraph	0,0,0,17,1,17,12	1104	0	1104	1104	276	828	0	8501	2219
rank1-offgraph	0,0,0,17,1,17,13	1104	0	1104	1104	276	828	0	8501	2219
rank1-offgraph	0,0,0,17,1,17,16	1104	0	1104	1104	276	828	0	8643	2260
rank1-offgraph	0,0,0,17,1,17,26	1104	0	1104	1104	276	828	0	8501	2219
rank1-offgraph	0,0,0,17,1,18,7	1104	0	1104	1104	276	828	0	8501	2182
rank1-offgraph	0,0,0,17,1,18,21	1104	0	1104	1104	276	828	0	8501	1980
rank1-offgraph	0,0,0,17,1,18,23	1104	0	1104	1104	276	828	0	8501	2128
rank1-offgraph	0,0,0,17,1,18,24	1104	0	1104	1104	276	828	0	8643	2251
rank1-offgraph	0,0,0,17,1,19,0	1104	0	1104	1104	276	828	0	8501	2226
rank1-offgraph	0,0,0,17,1,19,20	1104	0	1104	1104	276	828	0	8643	2270
rank1-offgraph	0,0,0,17,1,19,25	1104	0	1104	1104	276	828	0	8501	2020
rank1-offgraph	0,0,0,17,1,19,26	1104	0	1104	1104	276	828	0	8501	2199
rank1-offgraph	0,0,0,17,1,20,4	1104	0	1104	1104	276	828	0	8501	2204
rank1-offgraph	0,0,0,17,1,20,18	1104	0	1104	1104	276	828	0	8501	2195
rank1-offgraph	0,0,0,17,1,20,20	1104	0	1104	1104	276	828	0	8501	2002
rank1-offgraph	0,0,0,17,1,20,21	1104	0	1104	1104	276	828	0	8643	2214
rank1-offgraph	0,0,0,17,1,21,0	1104	0	1104	1104	276	828	0	8501	2190
rank1-offgraph	0,0,0,17,1,21,1	1104	0	1104	1104	276	828	0	8501	2200
rank1-offgraph	0,0,0,17,1,21,4	1104	0	1104	1104	276	828	0	8643	2106
rank1-offgraph	0,0,0,17,1,21,14	1104	0	1104	1104	276	828	0	8501	2196
rank1-offgraph	0,0,0,17,1,22,0	1104	0	1104	1104	276	828	0	8501	2214
rank1-offgraph	0,0,0,17,1,22,2	1104	0	1104	1104	276	828	0	8501	2201
rank1-offgraph	0,0,0,17,1,22,3	1104	0	1104	1104	276	828	0	8643	2253
rank1-offgraph	0,0,0,17,1,22,13	1104	0	1104	1104	276	828	0	8501	2211
rank1-offgraph	0,0,0,17,1,23,0	1104	0	1104	1104	276	828	0	8501	2218
rank1-offgraph	0,0,0,17,1,23,1	1104	0	1104	1104	276	828	0	8501	2163
rank1-offgraph	0,0,0,17,1,23,4	1104	0	1104	1104	276	828	0	8643	2288
rank1-offgraph	0,0,0,17,1,23,14	1104	0	1104	1104	276	828	0	8501	2224
rank1-offgraph	0,0,0,17,1,24,2	1104	0	1104	1104	276	828	0	8643	2270
rank1-offgraph	0,0,0,17,1,24,7	1104	0	1104	1104	276	828	0	8501	2199
rank1-offgraph	0,0,0,17,1,24,8	1104	0	1104	1104	276	828	0	8501	2226
rank1-offgraph	0,0,0,17,1,24,9	1104	0	1104	1104	276	828	0	8501	2020
rank1-offgraph	0,0,0,17,1,25,3	1104	0	1104	1104	276	828	0	8501	2200
rank1-offgraph	0,0,0,17,1,25,4	1104	0	1104	1104	276	828	0	8501	2196
rank1-offgraph	0,0,0,17,1,25,7	1104	0	1104	1104	276	828	0	8643	2106
rank1-offgraph	0,0,0,17,1,25,17	1104	0	1104	1104	276	828	0	8501	2190
rank1-offgraph	0,0,0,17,1,26,1	1104	0	1104	1104	276	828	0	8501	2181
rank1-offgraph	0,0,0,17,1,26,2	1104	0	1104	1104	276	828	0	8501	2181
rank1-offgraph	0,0,0,17,1,26,5	1104	0	1104	1104	276	828	0	8643	2299
rank1-offgraph	0,0,0,17,1,26,12	1104	0	1104	1104	276	828	0	8501	2181
rank1-graph	0,0,0,18,0,1,0	1104	0	1104	1104	276	828	0	10575	2753
rank1-graph	0,0,0,18,0,1,1	1104	0	1104	1104	276	828	0	10575	2771
rank1-graph	0,0,0,18,0,1,2	1104	0	1104	1104	276	828	0	10575	2753
rank1-graph	0,0,0,18,0,1,9	1104	0	1104	1104	276	828	0	10575	2810
rank1-graph	0,0,0,18,0,1,10	1104	0	1104	1104	276	828	0	10575	2753
rank1-graph	0,0,0,18,0,1,11	1104	0	1104	1104	276	828	0	10575	2753
rank1-graph	0,0,0,18,0,1,18	1104	0	1104	1104	276	828	0	10575	2753
rank1-graph	0,0,0,18,0,1,19	1104	0	1104	1104	276	828	0	10575	2753
rank1-graph	0,0,0,18,0,1,20	1104	0	1104	1104	276	828	0	10575	2810
rank1-offgraph	0,0,0,18,1,0,6	1104	0	1104	1104	276	828	0	8501	2226
rank1-offgraph	0,0,0,18,1,0,7	1104	0	1104	1104	276	828	0	8643	2270
rank1-offgraph	0,0,0,18,1,0,17	1104	0	1104	1104	276	828	0	8501	2020
rank1-offgraph	0,0,0,18,1,0,18	1104	0	1104	1104	276	828	0	8501	2199
rank1-offgraph	0,0,0,18,1,1,1	1104	0	1104	1104	276	828	0	8501	2211
rank1-offgraph	0,0,0,18,1,1,16	1104	0	1104	1104	276	828	0	8501	2201
rank1-offgraph	0,0,0,18,1,1,17	1104	0	1104	1104	276	828	0	8643	2253
rank1-offgraph	0,0,0,18,1,1,24	1104	0	1104	1104	276	828	0	8501	2214
rank1-offgraph	0,0,0,18,1,2,6	1104	0	1104	1104	276	828	0	8501	2223
rank1-offgraph	0,0,0,18,1,2,10	1104	0	1104	1104	276	828	0	8501	2108
rank1-offgraph	0,0,0,18,1,2,25	1104	0	1104	1104	276	828	0	8501	2217
rank1-offgraph	0,0,0,18,1,2,26	1104	0	1104	1104	276	828	0	8643	2084
rank1-offgraph	0,0,0,18,1,3,0	1104	0	1104	1104	276	828	0	8501	2226
rank1-offgraph	0,0,0,18,1,3,13	1104	0	1104	1104	276	828	0	8501	2020
rank1-offgraph	0,0,0,18,1,3,19	1104	0	1104	1104	276	828	0	8501	2199
rank1-offgraph	0,0,0,18,1,3,20	1104	0	1104	1104	276	828	0	8643	2270
rank1-offgraph	0,0,0,18,1,4,6	1104	0	1104	1104	276	828	0	8643	2260
rank1-offgraph	0,0,0,18,1,4,8	1104	0	1104	1104	276	828	0	8501	2219
rank1-offgraph	0,0,0,18,1,4,16	1104	0	1104	1104	276	828	0	8501	2219
rank1-offgraph	0,0,0,18,1,4,20	1104	0	1104	1104	276	828	0	8501	2219
rank1-offgraph	0,0,0,18,1,5,8	1104	0	1104	1104	276	828	0	8501	2195
rank1-offgraph	0,0,0,18,1,5,12	1104	0	1104	1104	276	828	0	8643	2214
rank1-offgraph	0,0,0,18,1,5,14	1104	0	1104	1104	276	828	0	8501	2204
rank1-offgraph	0,0,0,18,1,5,22	1104	0	1104	1104	276	828	0	8501	2002
rank1-offgraph	0,0,0,18,1,6,3	1104	0	1104	1104	276	828	0	8643	2288
rank1-offgraph	0,0,0,18,1,6,5	1104	0	1104	1104	276	828	0	8501	2163
rank1-offgraph	0,0,0,18,1,6,13	1104	0	1104	1104	276	828	0	8501	2224
rank1-offgraph	0,0,0,18,1,6,26	1104	0	1104	1104	276	828	0	8501	2218
rank1-offgraph	0,0,0,18,1,7,0	1104	0	1104	1104	276	828	0	8501	1980
rank1-offgraph	0,0,0,18,1,7,15	1104	0	1104	1104	276	828	0	8501	2182
rank1-offgraph	0,0,0,18,1,7,16	1104	0	1104	1104	276	828	0	8643	2251
rank1-offgraph	0,0,0,18,1,7,26	1104	0	1104	1104	276	828	0	8501	2128
rank1-offgraph	0,0,0,18,1,8,2	1104	0	1104	1104	276	828	0	8501	2195
rank1-offgraph	0,0,0,18,1,8,12	1104	0	1104	1104	276	828	0	8501	2204
rank1-offgraph	0,0,0,18,1,8,18	1104	0	1104	1104	276	828	0	8501	2002
rank1-offgraph	0,0,0,18,1,8,19	1104	0	1104	1104	276	828	0	8643	2214
rank1-offgraph	0,0,0,18,1,9,0	1104	0	1104	1104	276	828	0	8643	2290
rank1-offgraph	0,0,0,18,1,9,2	1104	0	1104	1104	276	828	0	8501	2194
rank1-offgraph	0,0,0,18,1,9,10	1104	0	1104	1104	276	828	0	8501	2194
rank1-offgraph	0,0,0,18,1,9,23	1104	0	1104	1104	276	828	0	8501	2194
rank1-offgraph	0,0,0,18,1,10,0	1104	0	1104	1104	276	828	0	8501	2200
rank1-offgraph	0,0,0,18,1,10,1	1104	0	1104	1104	276	828	0	8643	2106
rank1-offgraph	0,0,0,18,1,10,11	1104	0	1104	1104	276	828	0	8501	2196
rank1-offgraph	0,0,0,18,1,10,21	1104	0	1104	1104	276	828	0	8501	2190
rank1-offgraph	0,0,0,18,1,11,0	1104	0	1104	1104	276	828	0	8501	2224
rank1-offgraph	0,0,0,18,1,11,1	1104	0	1104	1104	276	828	0	8643	2288
rank1-offgraph	0,0,0,18,1,11,11	1104	0	1104	1104	276	828	0	8501	2218
rank1-offgraph	0,0,0,18,1,11,21	1104	0	1104	1104	276	828	0	8501	2163
rank1-offgraph	0,0,0,18,1,12,1	1104	0	1104	1104	276	828	0	8501	1980
rank1-offgraph	0,0,0,18,1,12,14	1104	0	1104	1104	276	828	0	8501	2182
rank1-offgraph	0,0,0,18,1,12,18	1104	0	1104	1104	276	828	0	8643	2251
rank1-offgraph	0,0,0,18,1,12,20	1104	0	1104	1104	276	828	0	8501	2128
rank1-offgraph	0,0,0,18,1,13,8	1104	0	1104	1104	276	828	0	8501	2190
rank1-offgraph	0,0,0,18,1,13,9	1104	0	1104	1104	276	828	0	8501	2200
rank1-offgraph	0,0,0,18,1,13,24	1104	0	1104	1104	276	828	0	8501	2196
rank1-offgraph	0,0,0,18,1,13,25	1104	0	1104	1104	276	828	0	8643	2106
rank1-offgraph	0,0,0,18,1,14,5	1104	0	1104	1104	276	828	0	8501	2210
rank1-offgraph	0,0,0,18,1,14,15	1104	0	1104	1104	276	828	0	8501	2215
rank1-offgraph	0,0,0,18,1,14,21	1104	0	1104	1104	276	828	0	8501	2057
rank1-offgraph	0,0,0,18,1,14,22	1104	0	1104	1104	276	828	0	8643	2258
rank1-offgraph	0,0,0,18,1,15,0	1104	0	1104	1104	276	828	0	8643	2253
rank1-offgraph	0,0,0,18,1,15,2	1104	0	1104	1104	276	828	0	8501	2211
rank1-offgraph	0,0,0,18,1,15,10	1104	0	1104	1104	276	828	0	8501	2201
rank1-offgraph	0,0,0,18,1,15,23	1104	0	1104	1104	276	828	0	8501	2214
rank1-offgraph	0,0,0,18,1,16,3	1104	0	1104	1104	276	828	0	8501	2195
rank1-offgraph	0,0,0,18,1,16,4	1104	0	1104	1104	276	828	0	8643	2214
rank1-offgraph	0,0,0,18,1,16,14	1104	0	1104	1104	276	828	0	8501	2204
rank1-offgraph	0,0,0,18,1,16,24	1104	0	1104	1104	276	828	0	8501	2002
rank1-offgraph	0,0,0,18,1,17,6	1104	0	1104	1104	276	828	0	8501	2218
rank1-offgraph	0,0,0,18,1,17,7	1104	0	1104	1104	276	828	0	8643	2288
rank1-offgraph	0,0,0,18,1,17,17	1104	0	1104	1104	276	828	0	8501	2163
rank1-offgraph	0,0,0,18,1,17,18	1104	0	1104	1104	276	828	0	8501	2224
rank1-offgraph	0,0,0,18,1,18,0	1104	0	1104	1104	276	828	0	8501	2217
rank1-offgraph	0,0,0,18,1,18,13	1104	0	1104	1104	276	828	0	8501	2223
rank1-offgraph	0,0,0,18,1,18,19	1104	0	1104	1104	276	828	0	8501	2108
rank1-offgraph	0,0,0,18,1,18,20	1104	0	1104	1104	276	828	0	8643	2084
rank1-offgraph	0,0,0,18,1,19,5	1104	0	1104	1104	276	828	0	8501	2226
rank1-offgraph	0,0,0,18,1,19,9	1104	0	1104	1104	276	828	0	8643	2270
rank1-offgraph	0,0,0,18,1,19,11	1104	0	1104	1104	276	828	0	8501	2020
rank1-offgraph	0,0,0,18,1,19,19	1104	0	1104	1104	276	828	0	8501	2199
rank1-offgraph	0,0,0,18,1,20,0	1104	0	1104	1104	276	828	0	8643	2251
rank1-offgraph	0,0,0,18,1,20,2	1104	0	1104	1104	276	828	0	8501	1980
rank1-offgraph	0,0,0,18,1,20,10	1104	0	1104	1104	276	828	0	8501	2182
rank1-offgraph	0,0,0,18,1,20,23	1104	0	1104	1104	276	828	0	8501	2128
rank1-offgraph	0,0,0,18,1,21,0	1104	0	1104	1104	276	828	0	8501	2196
rank1-offgraph	0,0,0,18,1,21,15	1104	0	1104	1104	276	828	0	8501	2190
rank1-offgraph	0,0,0,18,1,21,16	1104	0	1104	1104	276	828	0	8643	2106
rank1-offgraph	0,0,0,18,1,21,26	1104	0	1104	1104	276	828	0	8501	2200
rank1-offgraph	0,0,0,18,1,22,4	1104	0	1104	1104	276	828	0	8501	2215
rank1-offgraph	0,0,0,18,1,22,5	1104	0	1104	1104	276	828	0	8643	2258
rank1-offgraph	0,0,0,18,1,22,12	1104	0	1104	1104	276	828	0	8501	2057
rank1-offgraph	0,0,0,18,1,22,25	1104	0	1104	1104	276	828	0	8501	2210
rank1-offgraph	0,0,0,18,1,23,0	1104	0	1104	1104	276	828	0	8501	2211
rank1-offgraph	0,0,0,18,1,23,13	1104	0	1104	1104	276	828	0	8501	2201
rank1-offgraph	0,0,0,18,1,23,19	1104	0	1104	1104	276	828	0	8501	2214
rank1-offgraph	0,0,0,18,1,23,20	1104	0	1104	1104	276	828	0	8643	2253
rank1-offgraph	0,0,0,18,1,24,4	1104	0	1104	1104	276	828	0	8501	2108
rank1-offgraph	0,0,0,18,1,24,17	1104	0	1104	1104	276	828	0	8501	2217
rank1-offgraph	0,0,0,18,1,24,21	1104	0	1104	1104	276	828	0	8643	2084
rank1-offgraph	0,0,0,18,1,24,23	1104	0	1104	1104	276	828	0	8501	2223
rank1-offgraph	0,0,0,18,1,25,0	1104	0	1104	1104	276	828	0	8501	2057
rank1-offgraph	0,0,0,18,1,25,15	1104	0	1104	1104	276	828	0	8501	2210
rank1-offgraph	0,0,0,18,1,25,16	1104	0	1104	1104	276	828	0	8643	2258
rank1-offgraph	0,0,0,18,1,25,26	1104	0	1104	1104	276	828	0	8501	2215
rank1-offgraph	0,0,0,18,1,26,0	1104	0	1104	1104	276	828	0	8501	2181
rank1-offgraph	0,0,0,18,1,26,1	1104	0	1104	1104	276	828	0	8643	2299
rank1-offgraph	0,0,0,18,1,26,11	1104	0	1104	1104	276	828	0	8501	2181
rank1-offgraph	0,0,0,18,1,26,21	1104	0	1104	1104	276	828	0	8501	2181
rank1-graph	0,0,0,19,0,1,0	1104	0	1104	1104	276	828	0	10575	2753
rank1-graph	0,0,0,19,0,1,4	1104	0	1104	1104	276	828	0	10575	2753
rank1-graph	0,0,0,19,0,1,8	1104	0	1104	1104	276	828	0	10575	2810
rank1-graph	0,0,0,19,0,1,10	1104	0	1104	1104	276	828	0	10575	2771
rank1-graph	0,0,0,19,0,1,14	1104	0	1104	1104	276	828	0	10575	2753
rank1-graph	0,0,0,19,0,1,15	1104	0	1104	1104	276	828	0	10575	2753
rank1-graph	0,0,0,19,0,1,20	1104	0	1104	1104	276	828	0	10575	2753
rank1-graph	0,0,0,19,0,1,21	1104	0	1104	1104	276	828	0	10575	2810
rank1-graph	0,0,0,19,0,1,25	1104	0	1104	1104	276	828	0	10575	2753
rank1-offgraph	0,0,0,19,1,0,10	1104	0	1104	1104	276	828	0	8501	2204
rank1-offgraph	0,0,0,19,1,0,14	1104	0	1104	1104	276	828	0	8501	2002
rank1-offgraph	0,0,0,19,1,0,18	1104	0	1104	1104	276	828	0	8643	2214
rank1-offgraph	0,0,0,19,1,0,24	1104	0	1104	1104	276	828	0	8501	2195
rank1-offgraph	0,0,0,19,1,1,0	1104	0	1104	1104	276	828	0	8643	2258
rank1-offgraph	0,0,0,19,1,1,6	1104	0	1104	1104	276	828	0	8501	2210
rank1-offgraph	0,0,0,19,1,1,19	1104	0	1104	1104	276	828	0	8501	2215
rank1-offgraph	0,0,0,19,1,1,23	1104	0	1104	1104	276	828	0	8501	2057
rank1-offgraph	0,0,0,19,1,2,0	1104	0	1104	1104	276	828	0	8501	2128
rank1-offgraph	0,0,0,19,1,2,4	1104	0	1104	1104	276	828	0	8501	1980
rank1-offgraph	0,0,0,19,1,2,11	1104	0	1104	1104	276	828	0	8643	2251
rank1-offgraph	0,0,0,19,1,2,17	1104	0	1104	1104	276	828	0	8501	2182
rank1-offgraph	0,0,0,19,1,3,1	1104	0	1104	1104	276	828	0	8501	2223
rank1-offgraph	0,0,0,19,1,3,5	1104	0	1104	1104	276	828	0	8501	2108
rank1-offgraph	0,0,0,19,1,3,9	1104	0	1104	1104	276	828	0	8643	2084
rank1-offgraph	0,0,0,19,1,3,15	1104	0	1104	1104	276	828	0	8501	2217
rank1-offgraph	0,0,0,19,1,4,11	1104	0	1104	1104	276	828	0	8501	2163
rank1-offgraph	0,0,0,19,1,4,16	1104	0	1104	1104	276	828	0	8501	2218
rank1-offgraph	0,0,0,19,1,4,21	1104	0	1104	1104	276	828	0	8501	2224
rank1-offgraph	0,0,0,19,1,4,24	1104	0	1104	1104	276	828	0	8643	2288
rank1-offgraph	0,0,0,19,1,5,2	1104	0	1104	1104	276	828	0	8501	1980
rank1-offgraph	0,0,0,19,1,5,5	1104	0	1104	1104	276	828	0	8643	2251
rank1-offgraph	0,0,0,19,1,5,21	1104	0	1104	1104	276	828	0	8501	2182
rank1-offgraph	0,0,0,19,1,5,25	1104	0	1104	1104	276	828	0	8501	2128
rank1-offgraph	0,0,0,19,1,6,10	1104	0	1104	1104	276	828	0	8501	2200
rank1-offgraph	0,0,0,19,1,6,14	1104	0	1104	1104	276	828	0	8501	2196
rank1-offgraph	0,0,0,19,1,6,18	1104	0	1104	1104	276	828	0	8643	2106
rank1-offgraph	0,0,0,19,1,6,24	1104	0	1104	1104	276	828	0	8501	2190
rank1-offgraph	0,0,0,19,1,7,0	1104	0	1104	1104	276	828	0	8501	2199
rank1-offgraph	0,0,0,19,1,7,3	1104	0	1104	1104	276	828	0	8643	2270
rank1-offgraph	0,0,0,19,1,7,22	1104	0	1104	1104	276	828	0	8501	2226
rank1-offgraph	0,0,0,19,1,7,26	1104	0	1104	1104	276	828	0	8501	2020
rank1-offgraph	0,0,0,19,1,8,1	1104	0	1104	1104	276	828	0	8501	2182
rank1-offgraph	0,0,0,19,1,8,6	1104	0	1104	1104	276	828	0	8501	1980
rank1-offgraph	0,0,0,19,1,8,14	1104	0	1104	1104	276	828	0	8501	2128
rank1-offgraph	0,0,0,19,1,8,17	1104	0	1104	1104	276	828	0	8643	2251
rank1-offgraph	0,0,0,19,1,9,0	1104	0	1104	1104	276	828	0	8501	2195
rank1-offgraph	0,0,0,19,1,9,8	1104	0	1104	1104	276	828	0	8501	2002
rank1-offgraph	0,0,0,19,1,9,13	1104	0	1104	1104	276	828	0	8501	2204
rank1-offgraph	0,0,0,19,1,9,16	1104	0	1104	1104	276	828	0	8643	2214
rank1-offgraph	0,0,0,19,1,10,0	1104	0	1104	1104	276	828	0	8501	2215
rank1-offgraph	0,0,0,19,1,10,8	1104	0	1104	1104	276	828	0	8501	2210
rank1-offgraph	0,0,0,19,1,10,13	1104	0	1104	1104	276	828	0	8501	2057
rank1-offgraph	0,0,0,19,1,10,16	1104	0	1104	1104	276	828	0	8643	2258
rank1-offgraph	0,0,0,19,1,11,2	1104	0	1104	1104	276	828	0	8501	2201
rank1-offgraph	0,0,0,19,1,11,7	1104	0	1104	1104	276	828	0	8501	2211
rank1-offgraph	0,0,0,19,1,11,12	1104	0	1104	1104	276	828	0	8501	2214
rank1-offgraph	0,0,0,19,1,11,15	1104	0	1104	1104	276	828	0	8643	2253
rank1-offgraph	0,0,0,19,1,12,0	1104	0	1104	1104	276	828	0	8501	2223
rank1-offgraph	0,0,0,19,1,12,3	1104	0	1104	1104	276	828	0	8643	2084
rank1-offgraph	0,0,0,19,1,12,22	1104	0	1104	1104	276	828	0	8501	2108
rank1-offgraph	0,0,0,19,1,12,26	1104	0	1104	1104	276	828	0	8501	2217
rank1-offgraph	0,0,0,19,1,13,0	1104	0	1104	1104	276	828	0	8643	2288
rank1-offgraph	0,0,0,19,1,13,6	1104	0	1104	1104	276	828	0	8501	2163
rank1-offgraph	0,0,0,19,1,13,19	1104	0	1104	1104	276	828	0	8501	2224
rank1-offgraph	0,0,0,19,1,13,23	1104	0	1104	1104	276	828	0	8501	2218
rank1-offgraph	0,0,0,19,1,14,5	1104	0	1104	1104	276	828	0	8501	2211
rank1-offgraph	0,0,0,19,1,14,8	1104	0	1104	1104	276	828	0	8643	2253
rank1-offgraph	0,0,0,19,1,14,19	1104	0	1104	1104	276	828	0	8501	2214
rank1-offgraph	0,0,0,19,1,14,24	1104	0	1104	1104	276	828	0	8501	2201
rank1-offgraph	0,0,0,19,1,15,0	1104	0	1104	1104	276	828	0	8501	2196
rank1-offgraph	0,0,0,19,1,15,4	1104	0	1104	1104	276	828	0	8501	2190
rank1-offgraph	0,0,0,19,1,15,11	1104	0	1104	1104	276	828	0	8643	2106
rank1-offgraph	0,0,0,19,1,15,17	1104	0	1104	1104	276	828	0	8501	2200
rank1-offgraph	0,0,0,19,1,16,3	1104	0	1104	1104	276	828	0	8501	2199
rank1-offgraph	0,0,0,19,1,16,7	1104	0	1104	1104	276	828	0	8501	2226
rank1-offgraph	0,0,0,19,1,16,11	1104	0	1104	1104	276	828	0	8501	2020
rank1-offgraph	0,0,0,19,1,16,14	1104	0	1104	1104	276	828	0	8643	2270
rank1-offgraph	0,0,0,19,1,17,0	1104	0	1104	1104	276	828	0	8501	2211
rank1-offgraph	0,0,0,19,1,17,8	1104	0	1104	1104	276	828	0	8501	2214
rank1-offgraph	0,0,0,19,1,17,13	1104	0	1104	1104	276	828	0	8501	2201
rank1-offgraph	0,0,0,19,1,17,16	1104	0	1104	1104	276	828	0	8643	2253
rank1-offgraph	0,0,0,19,1,18,9	1104	0	1104	1104	276	828	0	8501	2217
rank1-offgraph	0,0,0,19,1,18,13	1104	0	1104	1104	276	828	0	8501	2223
rank1-offgraph	0,0,0,19,1,18,20	1104	0	1104	1104	276	828	0	8643	2084
rank1-offgraph	0,0,0,19,1,18,26	1104	0	1104	1104	276	828	0	8501	2108
rank1-offgraph	0,0,0,19,1,19,0	1104	0	1104	1104	276	828	0	8501	2020
rank1-offgraph	0,0,0,19,1,19,4	1104	0	1104	1104	276	828	0	8501	2199
rank1-offgraph	0,0,0,19,1,19,11	1104	0	1104	1104	276	828	0	8643	2270
rank1-offgraph	0,0,0,19,1,19,17	1104	0	1104	1104	276	828	0	8501	2226
rank1-offgraph	0,0,0,19,1,20,1	1104	0	1104	1104	276	828	0	8643	2290
rank1-offgraph	0,0,0,19,1,20,7	1104	0	1104	1104	276	828	0	8501	2194
rank1-offgraph	0,0,0,19,1,20,20	1104	0	1104	1104	276	828	0	8501	2194
rank1-offgraph	0,0,0,19,1,20,21	1104	0	1104	1104	276	828	0	8501	2194
rank1-offgraph	0,0,0,19,1,21,4	1104	0	1104	1104	276	828	0	8501	2190
rank1-offgraph	0,0,0,19,1,21,8	1104	0	1104	1104	276	828	0	8501	2200
rank1-offgraph	0,0,0,19,1,21,9	1104	0	1104	1104	276	828	0	8501	2196
rank1-offgraph	0,0,0,19,1,21,12	1104	0	1104	1104	276	828	0	8643	2106
rank1-offgraph	0,0,0,19,1,22,0	1104	0	1104	1104	276	828	0	8643	2258
rank1-offgraph	0,0,0,19,1,22,6	1104	0	1104	1104	276	828	0	8501	2215
rank1-offgraph	0,0,0,19,1,22,19	1104	0	1104	1104	276	828	0	8501	2057
rank1-offgraph	0,0,0,19,1,22,23	1104	0	1104	1104	276	828	0	8501	2210
rank1-offgraph	0,0,0,19,1,23,10	1104	0	1104	1104	276	828	0	8501	2219
rank1-offgraph	0,0,0,19,1,23,15	1104	0	1104	1104	276	828	0	8501	2219
rank1-offgraph	0,0,0,19,1,23,23	1104	0	1104	1104	276	828	0	8501	2219
rank1-offgraph	0,0,0,19,1,23,26	1104	0	1104	1104	276	828	0	8643	2260
rank1-offgraph	0,0,0,19,1,24,9	1104	0	1104	1104	276	828	0	8501	2204
rank1-offgraph	0,0,0,19,1,24,17	1104	0	1104	1104	276	828	0	8501	2195
rank1-offgraph	0,0,0,19,1,24,22	1104	0	1104	1104	276	828	0	8501	2002
rank1-offgraph	0,0,0,19,1,24,25	1104	0	1104	1104	276	828	0	8643	2214
rank1-offgraph	0,0,0,19,1,25,2	1104	0	1104	1104	276	828	0	8501	2163
rank1-offgraph	0,0,0,19,1,25,3	1104	0	1104	1104	276	828	0	8501	2224
rank1-offgraph	0,0,0,19,1,25,10	1104	0	1104	1104	276	828	0	8643	2288
rank1-offgraph	0,0,0,19,1,25,16	1104	0	1104	1104	276	828	0	8501	2218
rank1-offgraph	0,0,0,19,1,26,0	1104	0	1104	1104	276	828	0	8501	2181
rank1-offgraph	0,0,0,19,1,26,3	1104	0	1104	1104	276	828	0	8643	2299
rank1-offgraph	0,0,0,19,1,26,22	1104	0	1104	1104	276	828	0	8501	2181
rank1-offgraph	0,0,0,19,1,26,26	1104	0	1104	1104	276	828	0	8501	2181
rank1-offgraph	0,0,0,20,1,0,8	1104	0	1104	1104	276	828	0	8501	2219
rank1-offgraph	0,0,0,20,1,0,18	1104	0	1104	1104	276	828	0	8501	2219
rank1-offgraph	0,0,0,20,1,0,19	1104	0	1104	1104	276	828	0	8501	2219
rank1-offgraph	0,0,0,20,1,0,21	1104	0	1104	1104	276	828	0	8643	2260
rank1-offgraph	0,0,0,20,1,1,0	1104	0	1104	1104	276	828	0	8501	2108
rank1-offgraph	0,0,0,20,1,1,2	1104	0	1104	1104	276	828	0	8501	2223
rank1-offgraph	0,0,0,20,1,1,5	1104	0	1104	1104	276	828	0	8643	2084
rank1-offgraph	0,0,0,20,1,1,16	1104	0	1104	1104	276	828	0	8501	2217
rank1-offgraph	0,0,0,20,1,2,9	1104	0	1104	1104	276	828	0	8501	2224
rank1-offgraph	0,0,0,20,1,2,10	1104	0	1104	1104	276	828	0	8501	2218
rank1-offgraph	0,0,0,20,1,2,12	1104	0	1104	1104	276	828	0	8643	2288
rank1-offgraph	0,0,0,20,1,2,26	1104	0	1104	1104	276	828	0	8501	2163
rank1-offgraph	0,0,0,20,1,3,11	1104	0	1104	1104	276	828	0	8643	2253
rank1-offgraph	0,0,0,20,1,3,15	1104	0	1104	1104	276	828	0	8501	2201
rank1-offgraph	0,0,0,20,1,3,17	1104	0	1104	1104	276	828	0	8501	2211
rank1-offgraph	0,0,0,20,1,3,22	1104	0	1104	1104	276	828	0	8501	2214
rank1-offgraph	0,0,0,20,1,4,0	1104	0	1104	1104	276	828	0	8501	2108
rank1-offgraph	0,0,0,20,1,4,22	1104	0	1104	1104	276	828	0	8501	2217
rank1-offgraph	0,0,0,20,1,4,23	1104	0	1104	1104	276	828	0	8501	2223
rank1-offgraph	0,0,0,20,1,4,25	1104	0	1104	1104	276	828	0	8643	2084
rank1-offgraph	0,0,0,20,1,5,0	1104	0	1104	1104	276	828	0	8501	2057
rank1-offgraph	0,0,0,20,1,5,2	1104	0	1104	1104	276	828	0	8501	2215
rank1-offgraph	0,0,0,20,1,5,5	1104	0	1104	1104	276	828	0	8643	2258
rank1-offgraph	0,0,0,20,1,5,16	1104	0	1104	1104	276	828	0	8501	2210
rank1-offgraph	0,0,0,20,1,6,0	1104	0	1104	1104	276	828	0	8501	2128
rank1-offgraph	0,0,0,20,1,6,22	1104	0	1104	1104	276	828	0	8501	1980
rank1-offgraph	0,0,0,20,1,6,23	1104	0	1104	1104	276	828	0	8501	2182
rank1-offgraph	0,0,0,20,1,6,25	1104	0	1104	1104	276	828	0	8643	2251
rank1-offgraph	0,0,0,20,1,7,0	1104	0	1104	1104	276	828	0	8643	2106
rank1-offgraph	0,0,0,20,1,7,6	1104	0	1104	1104	276	828	0	8501	2196
rank1-offgraph	0,0,0,20,1,7,7	1104	0	1104	1104	276	828	0	8501	2190
rank1-offgraph	0,0,0,20,1,7,14	1104	0	1104	1104	276	828	0	8501	2200
rank1-offgraph	0,0,0,20,1,8,10	1104	0	1104	1104	276	828	0	8501	2163
rank1-offgraph	0,0,0,20,1,8,11	1104	0	1104	1104	276	828	0	8501	2224
rank1-offgraph	0,0,0,20,1,8,13	1104	0	1104	1104	276	828	0	8643	2288
rank1-offgraph	0,0,0,20,1,8,24	1104	0	1104	1104	276	828	0	8501	2218
rank1-offgraph	0,0,0,20,1,9,0	1104	0	1104	1104	276	828	0	8501	2057
rank1-offgraph	0,0,0,20,1,9,1	1104	0	1104	1104	276	828	0	8501	2210
rank1-offgraph	0,0,0,20,1,9,3	1104	0	1104	1104	276	828	0	8643	2258
rank1-offgraph	0,0,0,20,1,9,17	1104	0	1104	1104	276	828	0	8501	2215
rank1-offgraph	0,0,0,20,1,10,0	1104	0	1104	1104	276	828	0	8501	2128
rank1-offgraph	0,0,0,20,1,10,2	1104	0	1104	1104	276	828	0	8501	2182
rank1-offgraph	0,0,0,20,1,10,5	1104	0	1104	1104	276	828	0	8643	2251
rank1-offgraph	0,0,0,20,1,10,16	1104	0	1104	1104	276	828	0	8501	1980
rank1-offgraph	0,0,0,20,1,11,0	1104	0	1104	1104	276	828	0	8501	2108
rank1-offgraph	0,0,0,20,1,11,1	1104	0	1104	1104	276	828	0	8501	2217
rank1-offgraph	0,0,0,20,1,11,3	1104	0	1104	1104	276	828	0	8643	2084
rank1-offgraph	0,0,0,20,1,11,17	1104	0	1104	1104	276	828	0	8501	2223
rank1-offgraph	0,0,0,20,1,12,0	1104	0	1104	1104	276	828	0	8501	2057
rank1-offgraph	0,0,0,20,1,12,22	1104	0	1104	1104	276	828	0	8501	2210
rank1-offgraph	0,0,0,20,1,12,23	1104	0	1104	1104	276	828	0	8501	2215
rank1-offgraph	0,0,0,20,1,12,25	1104	0	1104	1104	276	828	0	8643	2258
rank1-offgraph	0,0,0,20,1,13,8	1104	0	1104	1104	276	828	0	8501	2194
rank1-offgraph	0,0,0,20,1,13,18	1104	0	1104	1104	276	828	0	8501	2194
rank1-offgraph	0,0,0,20,1,13,19	1104	0	1104	1104	276	828	0	8501	2194
rank1-offgraph	0,0,0,20,1,13,21	1104	0	1104	1104	276	828	0	8643	2290
rank1-offgraph	0,0,0,20,1,14,3	1104	0	1104	1104	276	828	0	8501	2195
rank1-offgraph	0,0,0,20,1,14,19	1104	0	1104	1104	276	828	0	8643	2214
rank1-offgraph	0,0,0,20,1,14,25	1104	0	1104	1104	276	828	0	8501	2204
rank1-offgraph	0,0,0,20,1,14,26	1104	0	1104	1104	276	828	0	8501	2002
rank1-offgraph	0,0,0,20,1,15,2	1104	0	1104	1104	276	828	0	8643	2270
rank1-offgraph	0,0,0,20,1,15,6	1104	0	1104	1104	276	828	0	8501	2020
rank1-offgraph	0,0,0,20,1,15,8	1104	0	1104	1104	276	828	0	8501	2226
rank1-offgraph	0,0,0,20,1,15,13	1104	0	1104	1104	276	828	0	8501	2199
rank1-offgraph	0,0,0,20,1,16,1	1104	0	1104	1104	276	828	0	8501	2214
rank1-offgraph	0,0,0,20,1,16,2	1104	0	1104	1104	276	828	0	8501	2211
rank1-offgraph	0,0,0,20,1,16,4	1104	0	1104	1104	276	828	0	8643	2253
rank1-offgraph	0,0,0,20,1,16,15	1104	0	1104	1104	276	828	0	8501	2201
rank1-offgraph	0,0,0,20,1,17,3	1104	0	1104	1104	276	828	0	8501	2204
rank1-offgraph	0,0,0,20,1,17,5	1104	0	1104	1104	276	828	0	8501	2195
rank1-offgraph	0,0,0,20,1,17,8	1104	0	1104	1104	276	828	0	8643	2214
rank1-offgraph	0,0,0,20,1,17,10	1104	0	1104	1104	276	828	0	8501	2002
rank1-offgraph	0,0,0,20,1,18,0	1104	0	1104	1104	276	828	0	8643	2106
rank1-offgraph	0,0,0,20,1,18,6	1104	0	1104	1104	276	828	0	8501	2190
rank1-offgraph	0,0,0,20,1,18,7	1104	0	1104	1104	276	828	0	8501	2200
rank1-offgraph	0,0,0,20,1,18,14	1104	0	1104	1104	276	828	0	8501	2196
rank1-offgraph	0,0,0,20,1,19,4	1104	0	1104	1104	276	828	0	8501	2224
rank1-offgraph	0,0,0,20,1,19,20	1104	0	1104	1104	276	828	0	8643	2288
rank1-offgraph	0,0,0,20,1,19,24	1104	0	1104	1104	276	828	0	8501	2163
rank1-offgraph	0,0,0,20,1,19,26	1104	0	1104	1104	276	828	0	8501	2218
rank1-offgraph	0,0,0,20,1,20,9	1104	0	1104	1104	276	828	0	8643	2253
rank1-offgraph	0,0,0,20,1,20,15	1104	0	1104	1104	276	828	0	8501	2201
rank1-offgraph	0,0,0,20,1,20,16	1104	0	1104	1104	276	828	0	8501	2214
rank1-offgraph	0,0,0,20,1,20,23	1104	0	1104	1104	276	828	0	8501	2211
rank1-offgraph	0,0,0,20,1,21,5	1104	0	1104	1104	276	828	0	8501	2204
rank1-offgraph	0,0,0,20,1,21,18	1104	0	1104	1104	276	828	0	8643	2214
rank1-offgraph	0,0,0,20,1,21,24	1104	0	1104	1104	276	828	0	8501	2002
rank1-offgraph	0,0,0,20,1,21,25	1104	0	1104	1104	276	828	0	8501	2195
rank1-offgraph	0,0,0,20,1,22,12	1104	0	1104	1104	276	828	0	8501	2199
rank1-offgraph	0,0,0,20,1,22,14	1104	0	1104	1104	276	828	0	8501	2020
rank1-offgraph	0,0,0,20,1,22,17	1104	0	1104	1104	276	828	0	8643	2270
rank1-offgraph	0,0,0,20,1,22,19	1104	0	1104	1104	276	828	0	8501	2226
rank1-offgraph	0,0,0,20,1,23,0	1104	0	1104	1104	276	828	0	8501	2128
rank1-offgraph	0,0,0,20,1,23,1	1104	0	1104	1104	276	828	0	8501	1980
rank1-offgraph	0,0,0,20,1,23,3	1104	0	1104	1104	276	828	0	8643	2251
rank1-offgraph	0,0,0,20,1,23,17	1104	0	1104	1104	276	828	0	8501	2182
rank1-offgraph	0,0,0,20,1,24,0	1104	0	1104	1104	276	828	0	8643	2106
rank1-offgraph	0,0,0,20,1,24,6	1104	0	1104	1104	276	828	0	8501	2200
rank1-offgraph	0,0,0,20,1,24,7	1104	0	1104	1104	276	828	0	8501	2196
rank1-offgraph	0,0,0,20,1,24,14	1104	0	1104	1104	276	828	0	8501	2190
rank1-offgraph	0,0,0,20,1,25,7	1104	0	1104	1104	276	828	0	8501	2020
rank1-offgraph	0,0,0,20,1,25,18	1104	0	1104	1104	276	828	0	8501	2226
rank1-offgraph	0,0,0,20,1,25,20	1104	0	1104	1104	276	828	0	8501	2199
rank1-offgraph	0,0,0,20,1,25,23	1104	0	1104	1104	276	828	0	8643	2270
rank1-offgraph	0,0,0,20,1,26,12	1104	0	1104	1104	276	828	0	8501	2181
rank1-offgraph	0,0,0,20,1,26,13	1104	0	1104	1104	276	828	0	8501	2181
rank1-offgraph	0,0,0,20,1,26,15	1104	0	1104	1104	276	828	0	8643	2299
rank1-offgraph	0,0,0,20,1,26,20	1104	0	1104	1104	276	828	0	8501	2181
rank1-graph	0,0,0,21,0,1,0	1104	0	1104	1104	276	828	0	10575	2753
rank1-graph	0,0,0,21,0,1,5	1104	0	1104	1104	276	828	0	10575	2771
rank1-graph	0,0,0,21,0,1,7	1104	0	1104	1104	276	828	0	10575	2753
rank1-graph	0,0,0,21,0,1,10	1104	0	1104	1104	276	828	0	10575	2753
rank1-graph	0,0,0,21,0,1,12	1104	0	1104	1104	276	828	0	10575	2810
rank1-graph	0,0,0,21,0,1,17	1104	0	1104	1104	276	828	0	10575	2753
rank1-graph	0,0,0,21,0,1,20	1104	0	1104	1104	276	828	0	10575	2753
rank1-graph	0,0,0,21,0,1,22	1104	0	1104	1104	276	828	0	10575	2810
rank1-graph	0,0,0,21,0,1,24	1104	0	1104	1104	276	828	0	10575	2753
rank1-offgraph	0,0,0,21,1,0,10	1104	0	1104	1104	276	828	0	8501	2108
rank1-offgraph	0,0,0,21,1,0,17	1104	0	1104	1104	276	828	0	8501	2223
rank1-offgraph	0,0,0,21,1,0,19	1104	0	1104	1104	276	828	0	8501	2217
rank1-offgraph	0,0,0,21,1,0,23	1104	0	1104	1104	276	828	0	8643	2084
rank1-offgraph	0,0,0,21,1,1,0	1104	0	1104	1104	276	828	0	8643	2288
rank1-offgraph	0,0,0,21,1,1,8	1104	0	1104	1104	276	828	0	8501	2224
rank1-offgraph	0,0,0,21,1,1,21	1104	0	1104	1104	276	828	0	8501	2218
rank1-offgraph	0,0,0,21,1,1,26	1104	0	1104	1104	276	828	0	8501	2163
rank1-offgraph	0,0,0,21,1,2,0	1104	0	1104	1104	276	828	0	8501	2182
rank1-offgraph	0,0,0,21,1,2,5	1104	0	1104	1104	276	828	0	8501	2128
rank1-offgraph	0,0,0,21,1,2,14	1104	0	1104	1104	276	828	0	8501	1980
rank1-offgraph	0,0,0,21,1,2,15	1104	0	1104	1104	276	828	0	8643	2251
rank1-offgraph	0,0,0,21,1,3,2	1104	0	1104	1104	276	828	0	8501	2128
rank1-offgraph	0,0,0,21,1,3,3	1104	0	1104	1104	276	828	0	8643	2251
rank1-offgraph	0,0,0,21,1,3,20	1104	0	1104	1104	276	828	0	8501	2182
rank1-offgraph	0,0,0,21,1,3,24	1104	0	1104	1104	276	828	0	8501	1980
rank1-offgraph	0,0,0,21,1,4,1	1104	0	1104	1104	276	828	0	8501	2200
rank1-offgraph	0,0,0,21,1,4,3	1104	0	1104	1104	276	828	0	8501	2196
rank1-offgraph	0,0,0,21,1,4,12	1104	0	1104	1104	276	828	0	8501	2190
rank1-offgraph	0,0,0,21,1,4,16	1104	0	1104	1104	276	828	0	8643	2106
rank1-offgraph	0,0,0,21,1,5,13	1104	0	1104	1104	276	828	0	8501	2226
rank1-offgraph	0,0,0,21,1,5,15	1104	0	1104	1104	276	828	0	8501	2020
rank1-offgraph	0,0,0,21,1,5,19	1104	0	1104	1104	276	828	0	8643	2270
rank1-offgraph	0,0,0,21,1,5,24	1104	0	1104	1104	276	828	0	8501	2199
rank1-offgraph	0,0,0,21,1,6,0	1104	0	1104	1104	276	828	0	8501	2210
rank1-offgraph	0,0,0,21,1,6,4	1104	0	1104	1104	276	828	0	8643	2258
rank1-offgraph	0,0,0,21,1,6,18	1104	0	1104	1104	276	828	0	8501	2057
rank1-offgraph	0,0,0,21,1,6,25	1104	0	1104	1104	276	828	0	8501	2215
rank1-offgraph	0,0,0,21,1,7,1	1104	0	1104	1104	276	828	0	8501	1980
rank1-offgraph	0,0,0,21,1,7,8	1104	0	1104	1104	276	828	0	8501	2128
rank1-offgraph	0,0,0,21,1,7,10	1104	0	1104	1104	276	828	0	8501	2182
rank1-offgraph	0,0,0,21,1,7,14	1104	0	1104	1104	276	828	0	8643	2251
rank1-offgraph	0,0,0,21,1,8,10	1104	0	1104	1104	276	828	0	8501	2002
rank1-offgraph	0,0,0,21,1,8,17	1104	0	1104	1104	276	828	0	8501	2204
rank1-offgraph	0,0,0,21,1,8,19	1104	0	1104	1104	276	828	0	8501	2195
rank1-offgraph	0,0,0,21,1,8,23	1104	0	1104	1104	276	828	0	8643	2214
rank1-offgraph	0,0,0,21,1,9,0	1104	0	1104	1104	276	828	0	8643	2270
rank1-offgraph	0,0,0,21,1,9,8	1104	0	1104	1104	276	828	0	8501	2020
rank1-offgraph	0,0,0,21,1,9,21	1104	0	1104	1104	276	828	0	8501	2199
rank1-offgraph	0,0,0,21,1,9,26	1104	0	1104	1104	276	828	0	8501	2226
rank1-offgraph	0,0,0,21,1,10,3	1104	0	1104	1104	276	828	0	8501	2201
rank1-offgraph	0,0,0,21,1,10,7	1104	0	1104	1104	276	828	0	8643	2253
rank1-offgraph	0,0,0,21,1,10,19	1104	0	1104	1104	276	828	0	8501	2214
rank1-offgraph	0,0,0,21,1,10,21	1104	0	1104	1104	276	828	0	8501	2211
rank1-offgraph	0,0,0,21,1,11,0	1104	0	1104	1104	276	828	0	8501	2200
rank1-offgraph	0,0,0,21,1,11,4	1104	0	1104	1104	276	828	0	8643	2106
rank1-offgraph	0,0,0,21,1,11,18	1104	0	1104	1104	276	828	0	8501	2190
rank1-offgraph	0,0,0,21,1,11,25	1104	0	1104	1104	276	828	0	8501	2196
rank1-offgraph	0,0,0,21,1,12,0	1104	0	1104	1104	276	828	0	8501	2002
rank1-offgraph	0,0,0,21,1,12,5	1104	0	1104	1104	276	828	0	8501	2195
rank1-offgraph	0,0,0,21,1,12,14	1104	0	1104	1104	276	828	0	8501	2204
rank1-offgraph	0,0,0,21,1,12,15	1104	0	1104	1104	276	828	0	8643	2214
rank1-offgraph	0,0,0,21,1,13,4	1104	0	1104	1104	276	828	0	8501	2210
rank1-offgraph	0,0,0,21,1,13,6	1104	0	1104	1104	276	828	0	8501	2215
rank1-offgraph	0,0,0,21,1,13,10	1104	0	1104	1104	276	828	0	8643	2258
rank1-offgraph	0,0,0,21,1,13,15	1104	0	1104	1104	276	828	0	8501	2057
rank1-offgraph	0,0,0,21,1,14,0	1104	0	1104	1104	276	828	0	8501	2201
rank1-offgraph	0,0,0,21,1,14,7	1104	0	1104	1104	276	828	0	8501	2211
rank1-offgraph	0,0,0,21,1,14,9	1104	0	1104	1104	276	828	0	8501	2214
rank1-offgraph	0,0,0,21,1,14,13	1104	0	1104	1104	276	828	0	8643	2253
rank1-offgraph	0,0,0,21,1,15,2	1104	0	1104	1104	276	828	0	8501	2214
rank1-offgraph	0,0,0,21,1,15,6	1104	0	1104	1104	276	828	0	8501	2201
rank1-offgraph	0,0,0,21,1,15,11	1104	0	1104	1104	276	828	0	8501	2211
rank1-offgraph	0,0,0,21,1,15,12	1104	0	1104	1104	276	828	0	8643	2253
rank1-offgraph	0,0,0,21,1,16,0	1104	0	1104	1104	276	828	0	8501	2217
rank1-offgraph	0,0,0,21,1,16,7	1104	0	1104	1104	276	828	0	8501	2108
rank1-offgraph	0,0,0,21,1,16,9	1104	0	1104	1104	276	828	0	8501	2223
rank1-offgraph	0,0,0,21,1,16,13	1104	0	1104	1104	276	828	0	8643	2084
rank1-offgraph	0,0,0,21,1,17,0	1104	0	1104	1104	276	828	0	8501	2218
rank1-offgraph	0,0,0,21,1,17,7	1104	0	1104	1104	276	828	0	8501	2224
rank1-offgraph	0,0,0,21,1,17,9	1104	0	1104	1104	276	828	0	8501	2163
rank1-offgraph	0,0,0,21,1,17,13	1104	0	1104	1104	276	828	0	8643	2288
rank1-offgraph	0,0,0,21,1,18,0	1104	0	1104	1104	276	828	0	8501	2194
rank1-offgraph	0,0,0,21,1,18,4	1104	0	1104	1104	276	828	0	8643	2290
rank1-offgraph	0,0,0,21,1,18,18	1104	0	1104	1104	276	828	0	8501	2194
rank1-offgraph	0,0,0,21,1,18,25	1104	0	1104	1104	276	828	0	8501	2194
rank1-offgraph	0,0,0,21,1,19,14	1104	0	1104	1104	276	828	0	8501	2217
rank1-offgraph	0,0,0,21,1,19,16	1104	0	1104	1104	276	828	0	8501	2223
rank1-offgraph	0,0,0,21,1,19,20	1104	0	1104	1104	276	828	0	8643	2084
rank1-offgraph	0,0,0,21,1,19,25	1104	0	1104	1104	276	828	0	8501	2108
rank1-offgraph	0,0,0,21,1,20,2	1104	0	1104	1104	276	828	0	8501	2020
rank1-offgraph	0,0,0,21,1,20,4	1104	0	1104	1104	276	828	0	8501	2199
rank1-offgraph	0,0,0,21,1,20,13	1104	0	1104	1104	276	828	0	8501	2226
rank1-offgraph	0,0,0,21,1,20,17	1104	0	1104	1104	276	828	0	8643	2270
rank1-offgraph	0,0,0,21,1,21,0	1104	0	1104	1104	276	828	0	8501	2057
rank1-offgraph	0,0,0,21,1,21,5	1104	0	1104	1104	276	828	0	8501	2210
rank1-offgraph	0,0,0,21,1,21,14	1104	0	1104	1104	276	828	0	8501	2215
rank1-offgraph	0,0,0,21,1,21,15	1104	0	1104	1104	276	828	0	8643	2258
rank1-offgraph	0,0,0,21,1,22,1	1104	0	1104	1104	276	828	0	8643	2260
rank1-offgraph	0,0,0,21,1,22,6	1104	0	1104	1104	276	828	0	8501	2219
rank1-offgraph	0,0,0,21,1,22,22	1104	0	1104	1104	276	828	0	8501	2219
rank1-offgraph	0,0,0,21,1,22,24	1104	0	1104	1104	276	828	0	8501	2219
rank1-offgraph	0,0,0,21,1,23,9	1104	0	1104	1104	276	828	0	8501	2200
rank1-offgraph	0,0,0,21,1,23,16	1104	0	1104	1104	276	828	0	8501	2190
rank1-offgraph	0,0,0,21,1,23,18	1104	0	1104	1104	276	828	0	8501	2196
rank1-offgraph	0,0,0,21,1,23,22	1104	0	1104	1104	276	828	0	8643	2106
rank1-offgraph	0,0,0,21,1,24,5	1104	0	1104	1104	276	828	0	8501	2195
rank1-offgraph	0,0,0,21,1,24,7	1104	0	1104	1104	276	828	0	8501	2204
rank1-offgraph	0,0,0,21,1,24,11	1104	0	1104	1104	276	828	0	8643	2214
rank1-offgraph	0,0,0,21,1,24,16	1104	0	1104	1104	276	828	0	8501	2002
rank1-offgraph	0,0,0,21,1,25,0	1104	0	1104	1104	276	828	0	8643	2288
rank1-offgraph	0,0,0,21,1,25,8	1104	0	1104	1104	276	828	0	8501	2218
rank1-offgraph	0,0,0,21,1,25,21	1104	0	1104	1104	276	828	0	8501	2163
rank1-offgraph	0,0,0,21,1,25,26	1104	0	1104	1104	276	828	0	8501	2224
rank1-offgraph	0,0,0,21,1,26,12	1104	0	1104	1104	276	828	0	8501	2181
rank1-offgraph	0,0,0,21,1,26,17	1104	0	1104	1104	276	828	0	8501	2181
rank1-offgraph	0,0,0,21,1,26,18	1104	0	1104	1104	276	828	0	8643	2299
rank1-offgraph	0,0,0,21,1,26,26	1104	0	1104	1104	276	828	0	8501	2181
rank1-offgraph	0,0,0,22,1,0,7	1104	0	1104	1104	276	828	0	8501	2214
rank1-offgraph	0,0,0,22,1,0,21	1104	0	1104	1104	276	828	0	8501	2201
rank1-offgraph	0,0,0,22,1,0,23	1104	0	1104	1104	276	828	0	8501	2211
rank1-offgraph	0,0,0,22,1,0,24	1104	0	1104	1104	276	828	0	8643	2253
rank1-offgraph	0,0,0,22,1,1,0	1104	0	1104	1104	276	828	0	8501	2223
rank1-offgraph	0,0,0,22,1,1,2	1104	0	1104	1104	276	828	0	8501	2217
rank1-offgraph	0,0,0,22,1,1,3	1104	0	1104	1104	276	828	0	8643	2084
rank1-offgraph	0,0,0,22,1,1,13	1104	0	1104	1104	276	828	0	8501	2108
rank1-offgraph	0,0,0,22,1,2,11	1104	0	1104	1104	276	828	0	8643	2258
rank1-offgraph	0,0,0,22,1,2,16	1104	0	1104	1104	276	828	0	8501	2215
rank1-offgraph	0,0,0,22,1,2,17	1104	0	1104	1104	276	828	0	8501	2057
rank1-offgraph	0,0,0,22,1,2,18	1104	0	1104	1104	276	828	0	8501	2210
rank1-offgraph	0,0,0,22,1,3,0	1104	0	1104	1104	276	828	0	8501	2224
rank1-offgraph	0,0,0,22,1,3,2	1104	0	1104	1104	276	828	0	8501	2163
rank1-offgraph	0,0,0,22,1,3,3	1104	0	1104	1104	276	828	0	8643	2288
rank1-offgraph	0,0,0,22,1,3,13	1104	0	1104	1104	276	828	0	8501	2218
rank1-offgraph	0,0,0,22,1,4,12	1104	0	1104	1104	276	828	0	8501	2182
rank1-offgraph	0,0,0,22,1,4,14	1104	0	1104	1104	276	828	0	8501	1980
rank1-offgraph	0,0,0,22,1,4,15	1104	0	1104	1104	276	828	0	8643	2251
rank1-offgraph	0,0,0,22,1,4,25	1104	0	1104	1104	276	828	0	8501	2128
rank1-offgraph	0,0,0,22,1,5,0	1104	0	1104	1104	276	828	0	8501	2200
rank1-offgraph	0,0,0,22,1,5,20	1104	0	1104	1104	276	828	0	8643	2106
rank1-offgraph	0,0,0,22,1,5,25	1104	0	1104	1104	276	828	0	8501	2196
rank1-offgraph	0,0,0,22,1,5,26	1104	0	1104	1104	276	828	0	8501	2190
rank1-offgraph	0,0,0,22,1,6,0	1104	0	1104	1104	276	828	0	8643	2084
rank1-offgraph	0,0,0,22,1,6,6	1104	0	1104	1104	276	828	0	8501	2108
rank1-offgraph	0,0,0,22,1,6,8	1104	0	1104	1104	276	828	0	8501	2223
rank1-offgraph	0,0,0,22,1,6,10	1104	0	1104	1104	276	828	0	8501	2217
rank1-offgraph	0,0,0,22,1,7,9	1104	0	1104	1104	276	828	0	8643	2288
rank1-offgraph	0,0,0,22,1,7,15	1104	0	1104	1104	276	828	0	8501	2218
rank1-offgraph	0,0,0,22,1,7,17	1104	0	1104	1104	276	828	0	8501	2224
rank1-offgraph	0,0,0,22,1,7,19	1104	0	1104	1104	276	828	0	8501	2163
rank1-offgraph	0,0,0,22,1,8,0	1104	0	1104	1104	276	828	0	8501	2219
rank1-offgraph	0,0,0,22,1,8,20	1104	0	1104	1104	276	828	0	8643	2260
rank1-offgraph	0,0,0,22,1,8,25	1104	0	1104	1104	276	828	0	8501	2219
rank1-offgraph	0,0,0,22,1,8,26	1104	0	1104	1104	276	828	0	8501	2219
rank1-offgraph	0,0,0,22,1,9,7	1104	0	1104	1104	276	828	0	8501	2201
rank1-offgraph	0,0,0,22,1,9,21	1104	0	1104	1104	276	828	0	8501	2211
rank1-offgraph	0,0,0,22,1,9,23	1104	0	1104	1104	276	828	0	8501	2214
rank1-offgraph	0,0,0,22,1,9,24	1104	0	1104	1104	276	828	0	8643	2253
rank1-offgraph	0,0,0,22,1,10,4	1104	0	1104	1104	276	828	0	8501	2002
rank1-offgraph	0,0,0,22,1,10,18	1104	0	1104	1104	276	828	0	8501	2204
rank1-offgraph	0,0,0,22,1,10,20	1104	0	1104	1104	276	828	0	8501	2195
rank1-offgraph	0,0,0,22,1,10,21	1104	0	1104	1104	276	828	0	8643	2214
rank1-offgraph	0,0,0,22,1,11,0	1104	0	1104	1104	276	828	0	8501	2199
rank1-offgraph	0,0,0,22,1,11,20	1104	0	1104	1104	276	828	0	8643	2270
rank1-offgraph	0,0,0,22,1,11,25	1104	0	1104	1104	276	828	0	8501	2226
rank1-offgraph	0,0,0,22,1,11,26	1104	0	1104	1104	276	828	0	8501	2020
rank1-offgraph	0,0,0,22,1,12,2	1104	0	1104	1104	276	828	0	8643	2258
rank1-offgraph	0,0,0,22,1,12,7	1104	0	1104	1104	276	828	0	8501	2057
rank1-offgraph	0,0,0,22,1,12,8	1104	0	1104	1104	276	828	0	8501	2210
rank1-offgraph	0,0,0,22,1,12,9	1104	0	1104	1104	276	828	0	8501	2215
rank1-offgraph	0,0,0,22,1,13,1	1104	0	1104	1104	276	828	0	8501	2182
rank1-offgraph	0,0,0,22,1,13,2	1104	0	1104	1104	276	828	0	8501	2128
rank1-offgraph	0,0,0,22,1,13,5	1104	0	1104	1104	276	828	0	8643	2251
rank1-offgraph	0,0,0,22,1,13,12	1104	0	1104	1104	276	828	0	8501	1980
rank1-offgraph	0,0,0,22,1,14,3	1104	0	1104	1104	276	828	0	8501	2108
rank1-offgraph	0,0,0,22,1,14,4	1104	0	1104	1104	276	828	0	8501	2217
rank1-offgraph	0,0,0,22,1,14,7	1104	0	1104	1104	276	828	0	8643	2084
rank1-offgraph	0,0,0,22,1,14,17	1104	0	1104	1104	276	828	0	8501	2223
rank1-offgraph	0,0,0,22,1,15,0	1104	0	1104	1104	276	828	0	8501	2204
rank1-offgraph	0,0,0,22,1,15,1	1104	0	1104	1104	276	828	0	8501	2002
rank1-offgraph	0,0,0,22,1,15,4	1104	0	1104	1104	276	828	0	8643	2214
rank1-offgraph	0,0,0,22,1,15,14	1104	0	1104	1104	276	828	0	8501	2195
rank1-offgraph	0,0,0,22,1,16,0	1104	0	1104	1104	276	828	0	8501	2210
rank1-offgraph	0,0,0,22,1,16,1	1104	0	1104	1104	276	828	0	8501	2215
rank1-offgraph	0,0,0,22,1,16,4	1104	0	1104	1104	276	828	0	8643	2258
rank1-offgraph	0,0,0,22,1,16,14	1104	0	1104	1104	276	828	0	8501	2057
rank1-offgraph	0,0,0,22,1,17,0	1104	0	1104	1104	276	828	0	8501	2194
rank1-offgraph	0,0,0,22,1,17,2	1104	0	1104	1104	276	828	0	8501	2194
rank1-offgraph	0,0,0,22,1,17,3	1104	0	1104	1104	276	828	0	8643	2290
rank1-offgraph	0,0,0,22,1,17,13	1104	0	1104	1104	276	828	0	8501	2194
rank1-offgraph	0,0,0,22,1,18,9	1104	0	1104	1104	276	828	0	8501	2214
rank1-offgraph	0,0,0,22,1,18,11	1104	0	1104	1104	276	828	0	8501	2201
rank1-offgraph	0,0,0,22,1,18,12	1104	0	1104	1104	276	828	0	8643	2253
rank1-offgraph	0,0,0,22,1,18,22	1104	0	1104	1104	276	828	0	8501	2211
rank1-offgraph	0,0,0,22,1,19,0	1104	0	1104	1104	276	828	0	8643	2106
rank1-offgraph	0,0,0,22,1,19,6	1104	0	1104	1104	276	828	0	8501	2200
rank1-offgraph	0,0,0,22,1,19,8	1104	0	1104	1104	276	828	0	8501	2190
rank1-offgraph	0,0,0,22,1,19,10	1104	0	1104	1104	276	828	0	8501	2196
rank1-offgraph	0,0,0,22,1,20,6	1104	0	1104	1104	276	828	0	8501	2224
rank1-offgraph	0,0,0,22,1,20,22	1104	0	1104	1104	276	828	0	8501	2218
rank1-offgraph	0,0,0,22,1,20,23	1104	0	1104	1104	276	828	0	8501	2163
rank1-offgraph	0,0,0,22,1,20,26	1104	0	1104	1104	276	828	0	8643	2288
rank1-offgraph	0,0,0,22,1,21,5	1104	0	1104	1104	276	828	0	8501	2226
rank1-offgraph	0,0,0,22,1,21,18	1104	0	1104	1104	276	828	0	8501	2020
rank1-offgraph	0,0,0,22,1,21,19	1104	0	1104	1104	276	828	0	8501	2199
rank1-offgraph	0,0,0,22,1,21,22	1104	0	1104	1104	276	828	0	8643	2270
rank1-offgraph	0,0,0,22,1,22,12	1104	0	1104	1104	276	828	0	8501	2128
rank1-offgraph	0,0,0,22,1,22,13	1104	0	1104	1104	276	828	0	8501	1980
rank1-offgraph	0,0,0,22,1,22,16	1104	0	1104	1104	276	828	0	8643	2251
rank1-offgraph	0,0,0,22,1,22,26	1104	0	1104	1104	276	828	0	8501	2182
rank1-offgraph	0,0,0,22,1,23,0	1104	0	1104	1104	276	828	0	8643	2214
rank1-offgraph	0,0,0,22,1,23,6	1104	0	1104	1104	276	828	0	8501	2195
rank1-offgraph	0,0,0,22,1,23,8	1104	0	1104	1104	276	828	0	8501	2002
rank1-offgraph	0,0,0,22,1,23,10	1104	0	1104	1104	276	828	0	8501	2204
rank1-offgraph	0,0,0,22,1,24,3	1104	0	1104	1104	276	828	0	8501	2190
rank1-offgraph	0,0,0,22,1,24,19	1104	0	1104	1104	276	828	0	8501	2200
rank1-offgraph	0,0,0,22,1,24,20	1104	0	1104	1104	276	828	0	8501	2196
rank1-offgraph	0,0,0,22,1,24,23	1104	0	1104	1104	276	828	0	8643	2106
rank1-offgraph	0,0,0,22,1,25,10	1104	0	1104	1104	276	828	0	8501	2199
rank1-offgraph	0,0,0,22,1,25,11	1104	0	1104	1104	276	828	0	8501	2226
rank1-offgraph	0,0,0,22,1,25,14	1104	0	1104	1104	276	828	0	8643	2270
rank1-offgraph	0,0,0,22,1,25,21	1104	0	1104	1104	276	828	0	8501	2020
rank1-offgraph	0,0,0,22,1,26,0	1104	0	1104	1104	276	828	0	8501	2181
rank1-offgraph	0,0,0,22,1,26,1	1104	0	1104	1104	276	828	0	8501	2181
rank1-offgraph	0,0,0,22,1,26,4	1104	0	1104	1104	276	828	0	8643	2299
rank1-offgraph	0,0,0,22,1,26,14	1104	0	1104	1104	276	828	0	8501	2181
rank1-graph	0,0,0,23,0,1,0	1104	0	1104	1104	276	828	0	10575	2753
rank1-graph	0,0,0,23,0,1,1	1104	0	1104	1104	276	828	0	10575	2753
rank1-graph	0,0,0,23,0,1,2	1104	0	1104	1104	276	828	0	10575	2810
rank1-graph	0,0,0,23,0,1,15	1104	0	1104	1104	276	828	0	10575	2753
rank1-graph	0,0,0,23,0,1,16	1104	0	1104	1104	276	828	0	10575	2753
rank1-graph	0,0,0,23,0,1,17	1104	0	1104	1104	276	828	0	10575	2810
rank1-graph	0,0,0,23,0,1,21	1104	0	1104	1104	276	828	0	10575	2753
rank1-graph	0,0,0,23,0,1,22	1104	0	1104	1104	276	828	0	10575	2753
rank1-graph	0,0,0,23,0,1,23	1104	0	1104	1104	276	828	0	10575	2771
rank1-offgraph	0,0,0,23,1,0,6	1104	0	1104	1104	276	828	0	8643	2270
rank1-offgraph	0,0,0,23,1,0,8	1104	0	1104	1104	276	828	0	8501	2199
rank1-offgraph	0,0,0,23,1,0,14	1104	0	1104	1104	276	828	0	8501	2226
rank1-offgraph	0,0,0,23,1,0,23	1104	0	1104	1104	276	828	0	8501	2020
rank1-offgraph	0,0,0,23,1,1,1	1104	0	1104	1104	276	828	0	8501	2219
rank1-offgraph	0,0,0,23,1,1,13	1104	0	1104	1104	276	828	0	8501	2219
rank1-offgraph	0,0,0,23,1,1,14	1104	0	1104	1104	276	828	0	8643	2260
rank1-offgraph	0,0,0,23,1,1,19	1104	0	1104	1104	276	828	0	8501	2219
rank1-offgraph	0,0,0,23,1,2,8	1104	0	1104	1104	276	828	0	8501	2002
rank1-offgraph	0,0,0,23,1,2,17	1104	0	1104	1104	276	828	0	8501	2195
rank1-offgraph	0,0,0,23,1,2,18	1104	0	1104	1104	276	828	0	8643	2214
rank1-offgraph	0,0,0,23,1,2,20	1104	0	1104	1104	276	828	0	8501	2204
rank1-offgraph	0,0,0,23,1,3,7	1104	0	1104	1104	276	828	0	8501	2204
rank1-offgraph	0,0,0,23,1,3,10	1104	0	1104	1104	276	828	0	8501	2002
rank1-offgraph	0,0,0,23,1,3,11	1104	0	1104	1104	276	828	0	8643	2214
rank1-offgraph	0,0,0,23,1,3,25	1104	0	1104	1104	276	828	0	8501	2195
rank1-offgraph	0,0,0,23,1,4,0	1104	0	1104	1104	276	828	0	8501	2224
rank1-offgraph	0,0,0,23,1,4,9	1104	0	1104	1104	276	828	0	8501	2218
rank1-offgraph	0,0,0,23,1,4,21	1104	0	1104	1104	276	828	0	8501	2163
rank1-offgraph	0,0,0,23,1,4,22	1104	0	1104	1104	276	828	0	8643	2288
rank1-offgraph	0,0,0,23,1,5,7	1104	0	1104	1104	276	828	0	8501	2182
rank1-offgraph	0,0,0,23,1,5,8	1104	0	1104	1104	276	828	0	8643	2251
rank1-offgraph	0,0,0,23,1,5,13	1104	0	1104	1104	276	828	0	8501	2128
rank1-offgraph	0,0,0,23,1,5,22	1104	0	1104	1104	276	828	0	8501	1980
rank1-offgraph	0,0,0,23,1,6,0	1104	0	1104	1104	276	828	0	8501	2211
rank1-offgraph	0,0,0,23,1,6,12	1104	0	1104	1104	276	828	0	8501	2201
rank1-offgraph	0,0,0,23,1,6,13	1104	0	1104	1104	276	828	0	8643	2253
rank1-offgraph	0,0,0,23,1,6,18	1104	0	1104	1104	276	828	0	8501	2214
rank1-offgraph	0,0,0,23,1,7,2	1104	0	1104	1104	276	828	0	8501	2223
rank1-offgraph	0,0,0,23,1,7,11	1104	0	1104	1104	276	828	0	8501	2108
rank1-offgraph	0,0,0,23,1,7,21	1104	0	1104	1104	276	828	0	8643	2084
rank1-offgraph	0,0,0,23,1,7,23	1104	0	1104	1104	276	828	0	8501	2217
rank1-offgraph	0,0,0,23,1,8,3	1104	0	1104	1104	276	828	0	8501	2226
rank1-offgraph	0,0,0,23,1,8,4	1104	0	1104	1104	276	828	0	8643	2270
rank1-offgraph	0,0,0,23,1,8,9	1104	0	1104	1104	276	828	0	8501	2020
rank1-offgraph	0,0,0,23,1,8,18	1104	0	1104	1104	276	828	0	8501	2199
rank1-offgraph	0,0,0,23,1,9,7	1104	0	1104	1104	276	828	0	8501	2204
rank1-offgraph	0,0,0,23,1,9,16	1104	0	1104	1104	276	828	0	8501	2002
rank1-offgraph	0,0,0,23,1,9,19	1104	0	1104	1104	276	828	0	8501	2195
rank1-offgraph	0,0,0,23,1,9,20	1104	0	1104	1104	276	828	0	8643	2214
rank1-offgraph	0,0,0,23,1,10,3	1104	0	1104	1104	276	828	0	8501	2163
rank1-offgraph	0,0,0,23,1,10,12	1104	0	1104	1104	276	828	0	8501	2224
rank1-offgraph	0,0,0,23,1,10,24	1104	0	1104	1104	276	828	0	8501	2218
rank1-offgraph	0,0,0,23,1,10,25	1104	0	1104	1104	276	828	0	8643	2288
rank1-offgraph	0,0,0,23,1,11,1	1104	0	1104	1104	276	828	0	8501	2201
rank1-offgraph	0,0,0,23,1,11,10	1104	0	1104	1104	276	828	0	8501	2214
rank1-offgraph	0,0,0,23,1,11,22	1104	0	1104	1104	276	828	0	8501	2211
rank1-offgraph	0,0,0,23,1,11,23	1104	0	1104	1104	276	828	0	8643	2253
rank1-offgraph	0,0,0,23,1,12,0	1104	0	1104	1104	276	828	0	8643	2290
rank1-offgraph	0,0,0,23,1,12,2	1104	0	1104	1104	276	828	0	8501	2194
rank1-offgraph	0,0,0,23,1,12,17	1104	0	1104	1104	276	828	0	8501	2194
rank1-offgraph	0,0,0,23,1,12,26	1104	0	1104	1104	276	828	0	8501	2194
rank1-offgraph	0,0,0,23,1,13,4	1104	0	1104	1104	276	828	0	8501	2200
rank1-offgraph	0,0,0,23,1,13,5	1104	0	1104	1104	276	828	0	8643	2106
rank1-offgraph	0,0,0,23,1,13,10	1104	0	1104	1104	276	828	0	8501	2196
rank1-offgraph	0,0,0,23,1,13,19	1104	0	1104	1104	276	828	0	8501	2190
rank1-offgraph	0,0,0,23,1,14,6	1104	0	1104	1104	276	828	0	8643	2288
rank1-offgraph	0,0,0,23,1,14,8	1104	0	1104	1104	276	828	0	8501	2224
rank1-offgraph	0,0,0,23,1,14,14	1104	0	1104	1104	276	828	0	8501	2218
rank1-offgraph	0,0,0,23,1,14,23	1104	0	1104	1104	276	828	0	8501	2163
rank1-offgraph	0,0,0,23,1,15,0	1104	0	1104	1104	276	828	0	8501	2057
rank1-offgraph	0,0,0,23,1,15,1	1104	0	1104	1104	276	828	0	8643	2258
rank1-offgraph	0,0,0,23,1,15,15	1104	0	1104	1104	276	828	0	8501	2210
rank1-offgraph	0,0,0,23,1,15,24	1104	0	1104	1104	276	828	0	8501	2215
rank1-offgraph	0,0,0,23,1,16,0	1104	0	1104	1104	276	828	0	8643	2251
rank1-offgraph	0,0,0,23,1,16,2	1104	0	1104	1104	276	828	0	8501	2128
rank1-offgraph	0,0,0,23,1,16,17	1104	0	1104	1104	276	828	0	8501	1980
rank1-offgraph	0,0,0,23,1,16,26	1104	0	1104	1104	276	828	0	8501	2182
rank1-offgraph	0,0,0,23,1,17,0	1104	0	1104	1104	276	828	0	8501	2196
rank1-offgraph	0,0,0,23,1,17,1	1104	0	1104	1104	276	828	0	8643	2106
rank1-offgraph	0,0,0,23,1,17,15	1104	0	1104	1104	276	828	0	8501	2190
rank1-offgraph	0,0,0,23,1,17,24	1104	0	1104	1104	276	828	0	8501	2200
rank1-offgraph	0,0,0,23,1,18,0	1104	0	1104	1104	276	828	0	8501	1980
rank1-offgraph	0,0,0,23,1,18,1	1104	0	1104	1104	276	828	0	8643	2251
rank1-offgraph	0,0,0,23,1,18,15	1104	0	1104	1104	276	828	0	8501	2182
rank1-offgraph	0,0,0,23,1,18,24	1104	0	1104	1104	276	828	0	8501	2128
rank1-offgraph	0,0,0,23,1,19,5	1104	0	1104	1104	276	828	0	8501	2217
rank1-offgraph	0,0,0,23,1,19,14	1104	0	1104	1104	276	828	0	8501	2223
rank1-offgraph	0,0,0,23,1,19,24	1104	0	1104	1104	276	828	0	8643	2084
rank1-offgraph	0,0,0,23,1,19,26	1104	0	1104	1104	276	828	0	8501	2108
rank1-offgraph	0,0,0,23,1,20,0	1104	0	1104	1104	276	828	0	8501	2226
rank1-offgraph	0,0,0,23,1,20,12	1104	0	1104	1104	276	828	0	8501	2020
rank1-offgraph	0,0,0,23,1,20,13	1104	0	1104	1104	276	828	0	8643	2270
rank1-offgraph	0,0,0,23,1,20,18	1104	0	1104	1104	276	828	0	8501	2199
rank1-offgraph	0,0,0,23,1,21,3	1104	0	1104	1104	276	828	0	8501	2210
rank1-offgraph	0,0,0,23,1,21,15	1104	0	1104	1104	276	828	0	8501	2215
rank1-offgraph	0,0,0,23,1,21,16	1104	0	1104	1104	276	828	0	8643	2258
rank1-offgraph	0,0,0,23,1,21,21	1104	0	1104	1104	276	828	0	8501	2057
rank1-offgraph	0,0,0,23,1,22,0	1104	0	1104	1104	276	828	0	8643	2253
rank1-offgraph	0,0,0,23,1,22,2	1104	0	1104	1104	276	828	0	8501	2214
rank1-offgraph	0,0,0,23,1,22,17	1104	0	1104	1104	276	828	0	8501	2211
rank1-offgraph	0,0,0,23,1,22,26	1104	0	1104	1104	276	828	0	8501	2201
rank1-offgraph	0,0,0,23,1,23,0	1104	0	1104	1104	276	828	0	8501	2200
rank1-offgraph	0,0,0,23,1,23,9	1104	0	1104	1104	276	828	0	8501	2196
rank1-offgraph	0,0,0,23,1,23,21	1104	0	1104	1104	276	828	0	8501	2190
rank1-offgraph	0,0,0,23,1,23,22	1104	0	1104	1104	276	828	0	8643	2106
rank1-offgraph	0,0,0,23,1,24,0	1104	0	1104	1104	276	828	0	8501	2217
rank1-offgraph	0,0,0,23,1,24,12	1104	0	1104	1104	276	828	0	8501	2223
rank1-offgraph	0,0,0,23,1,24,13	1104	0	1104	1104	276	828	0	8643	2084
rank1-offgraph	0,0,0,23,1,24,18	1104	0	1104	1104	276	828	0	8501	2108
rank1-offgraph	0,0,0,23,1,25,3	1104	0	1104	1104	276	828	0	8643	2258
rank1-offgraph	0,0,0,23,1,25,5	1104	0	1104	1104	276	828	0	8501	2210
rank1-offgraph	0,0,0,23,1,25,11	1104	0	1104	1104	276	828	0	8501	2215
rank1-offgraph	0,0,0,23,1,25,20	1104	0	1104	1104	276	828	0	8501	2057
rank1-offgraph	0,0,0,23,1,26,0	1104	0	1104	1104	276	828	0	8501	2181
rank1-offgraph	0,0,0,23,1,26,9	1104	0	1104	1104	276	828	0	8501	2181
rank1-offgraph	0,0,0,23,1,26,21	1104	0	1104	1104	276	828	0	8501	2181
rank1-offgraph	0,0,0,23,1,26,22	1104	0	1104	1104	276	828	0	8643	2299
rank1-graph	0,0,0,24,0,1,0	1104	0	1104	1104	276	828	0	10575	2753
rank1-graph	0,0,0,24,0,1,3	1104	0	1104	1104	276	828	0	10575	2753
rank1-graph	0,0,0,24,0,1,6	1104	0	1104	1104	276	828	0	10575	2771
rank1-graph	0,0,0,24,0,1,11	1104	0	1104	1104	276	828	0	10575	2753
rank1-graph	0,0,0,24,0,1,14	1104	0	1104	1104	276	828	0	10575	2810
rank1-graph	0,0,0,24,0,1,17	1104	0	1104	1104	276	828	0	10575	2753
rank1-graph	0,0,0,24,0,1,19	1104	0	1104	1104	276	828	0	10575	2810
rank1-graph	0,0,0,24,0,1,22	1104	0	1104	1104	276	828	0	10575	2753
rank1-graph	0,0,0,24,0,1,25	1104	0	1104	1104	276	828	0	10575	2753
rank1-offgraph	0,0,0,24,1,0,14	1104	0	1104	1104	276	828	0	8501	1980
rank1-offgraph	0,0,0,24,1,0,17	1104	0	1104	1104	276	828	0	8501	2182
rank1-offgraph	0,0,0,24,1,0,21	1104	0	1104	1104	276	828	0	8501	2128
rank1-offgraph	0,0,0,24,1,0,26	1104	0	1104	1104	276	828	0	8643	2251
rank1-offgraph	0,0,0,24,1,1,0	1104	0	1104	1104	276	828	0	8643	2106
rank1-offgraph	0,0,0,24,1,1,7	1104	0	1104	1104	276	828	0	8501	2190
rank1-offgraph	0,0,0,24,1,1,18	1104	0	1104	1104	276	828	0	8501	2196
rank1-offgraph	0,0,0,24,1,1,24	1104	0	1104	1104	276	828	0	8501	2200
rank1-offgraph	0,0,0,24,1,2,0	1104	0	1104	1104	276	828	0	8501	2226
rank1-offgraph	0,0,0,24,1,2,3	1104	0	1104	1104	276	828	0	8501	2020
rank1-offgraph	0,0,0,24,1,2,10	1104	0	1104	1104	276	828	0	8501	2199
rank1-offgraph	0,0,0,24,1,2,12	1104	0	1104	1104	276	828	0	8643	2270
rank1-offgraph	0,0,0,24,1,3,9	1104	0	1104	1104	276	828	0	8501	2204
rank1-offgraph	0,0,0,24,1,3,12	1104	0	1104	1104	276	828	0	8501	2002
rank1-offgraph	0,0,0,24,1,3,19	1104	0	1104	1104	276	828	0	8501	2195
rank1-offgraph	0,0,0,24,1,3,21	1104	0	1104	1104	276	828	0	8643	2214
rank1-offgraph	0,0,0,24,1,4,2	1104	0	1104	1104	276	828	0	8501	2210
rank1-offgraph	0,0,0,24,1,4,4	1104	0	1104	1104	276	828	0	8643	2258
rank1-offgraph	0,0,0,24,1,4,19	1104	0	1104	1104	276	828	0	8501	2215
rank1-offgraph	0,0,0,24,1,4,22	1104	0	1104	1104	276	828	0	8501	2057
rank1-offgraph	0,0,0,24,1,5,1	1104	0	1104	1104	276	828	0	8501	2128
rank1-offgraph	0,0,0,24,1,5,4	1104	0	1104	1104	276	828	0	8501	1980
rank1-offgraph	0,0,0,24,1,5,11	1104	0	1104	1104	276	828	0	8501	2182
rank1-offgraph	0,0,0,24,1,5,13	1104	0	1104	1104	276	828	0	8643	2251
rank1-offgraph	0,0,0,24,1,6,1	1104	0	1104	1104	276	828	0	8501	2163
rank1-offgraph	0,0,0,24,1,6,7	1104	0	1104	1104	276	828	0	8501	2218
rank1-offgraph	0,0,0,24,1,6,10	1104	0	1104	1104	276	828	0	8643	2288
rank1-offgraph	0,0,0,24,1,6,17	1104	0	1104	1104	276	828	0	8501	2224
rank1-offgraph	0,0,0,24,1,7,14	1104	0	1104	1104	276	828	0	8501	2182
rank1-offgraph	0,0,0,24,1,7,17	1104	0	1104	1104	276	828	0	8501	2128
rank1-offgraph	0,0,0,24,1,7,21	1104	0	1104	1104	276	828	0	8501	1980
rank1-offgraph	0,0,0,24,1,7,26	1104	0	1104	1104	276	828	0	8643	2251
rank1-offgraph	0,0,0,24,1,8,0	1104	0	1104	1104	276	828	0	8501	2217
rank1-offgraph	0,0,0,24,1,8,5	1104	0	1104	1104	276	828	0	8643	2084
rank1-offgraph	0,0,0,24,1,8,20	1104	0	1104	1104	276	828	0	8501	2223
rank1-offgraph	0,0,0,24,1,8,23	1104	0	1104	1104	276	828	0	8501	2108
rank1-offgraph	0,0,0,24,1,9,5	1104	0	1104	1104	276	828	0	8501	2108
rank1-offgraph	0,0,0,24,1,9,8	1104	0	1104	1104	276	828	0	8501	2217
rank1-offgraph	0,0,0,24,1,9,12	1104	0	1104	1104	276	828	0	8501	2223
rank1-offgraph	0,0,0,24,1,9,17	1104	0	1104	1104	276	828	0	8643	2084
rank1-offgraph	0,0,0,24,1,10,0	1104	0	1104	1104	276	828	0	8501	2218
rank1-offgraph	0,0,0,24,1,10,6	1104	0	1104	1104	276	828	0	8501	2224
rank1-offgraph	0,0,0,24,1,10,9	1104	0	1104	1104	276	828	0	8643	2288
rank1-offgraph	0,0,0,24,1,10,16	1104	0	1104	1104	276	828	0	8501	2163
rank1-offgraph	0,0,0,24,1,11,0	1104	0	1104	1104	276	828	0	8501	2201
rank1-offgraph	0,0,0,24,1,11,3	1104	0	1104	1104	276	828	0	8501	2214
rank1-offgraph	0,0,0,24,1,11,10	1104	0	1104	1104	276	828	0	8501	2211
rank1-offgraph	0,0,0,24,1,11,12	1104	0	1104	1104	276	828	0	8643	2253
rank1-offgraph	0,0,0,24,1,12,2	1104	0	1104	1104	276	828	0	8501	2226
rank1-offgraph	0,0,0,24,1,12,8	1104	0	1104	1104	276	828	0	8501	2199
rank1-offgraph	0,0,0,24,1,12,11	1104	0	1104	1104	276	828	0	8643	2270
rank1-offgraph	0,0,0,24,1,12,15	1104	0	1104	1104	276	828	0	8501	2020
rank1-offgraph	0,0,0,24,1,13,0	1104	0	1104	1104	276	828	0	8501	2211
rank1-offgraph	0,0,0,24,1,13,6	1104	0	1104	1104	276	828	0	8501	2214
rank1-offgraph	0,0,0,24,1,13,9	1104	0	1104	1104	276	828	0	8643	2253
rank1-offgraph	0,0,0,24,1,13,16	1104	0	1104	1104	276	828	0	8501	2201
rank1-offgraph	0,0,0,24,1,14,0	1104	0	1104	1104	276	828	0	8501	2190
rank1-offgraph	0,0,0,24,1,14,6	1104	0	1104	1104	276	828	0	8501	2196
rank1-offgraph	0,0,0,24,1,14,9	1104	0	1104	1104	276	828	0	8643	2106
rank1-offgraph	0,0,0,24,1,14,16	1104	0	1104	1104	276	828	0	8501	2200
rank1-offgraph	0,0,0,24,1,15,0	1104	0	1104	1104	276	828	0	8501	2214
rank1-offgraph	0,0,0,24,1,15,5	1104	0	1104	1104	276	828	0	8643	2253
rank1-offgraph	0,0,0,24,1,15,20	1104	0	1104	1104	276	828	0	8501	2211
rank1-offgraph	0,0,0,24,1,15,23	1104	0	1104	1104	276	828	0	8501	2201
rank1-offgraph	0,0,0,24,1,16,0	1104	0	1104	1104	276	828	0	8643	2214
rank1-offgraph	0,0,0,24,1,16,7	1104	0	1104	1104	276	828	0	8501	2204
rank1-offgraph	0,0,0,24,1,16,18	1104	0	1104	1104	276	828	0	8501	2195
rank1-offgraph	0,0,0,24,1,16,24	1104	0	1104	1104	276	828	0	8501	2002
rank1-offgraph	0,0,0,24,1,17,4	1104	0	1104	1104	276	828	0	8501	2057
rank1-offgraph	0,0,0,24,1,17,6	1104	0	1104	1104	276	828	0	8643	2258
rank1-offgraph	0,0,0,24,1,17,21	1104	0	1104	1104	276	828	0	8501	2210
rank1-offgraph	0,0,0,24,1,17,24	1104	0	1104	1104	276	828	0	8501	2215
rank1-offgraph	0,0,0,24,1,18,11	1104	0	1104	1104	276	828	0	8501	2020
rank1-offgraph	0,0,0,24,1,18,14	1104	0	1104	1104	276	828	0	8501	2199
rank1-offgraph	0,0,0,24,1,18,18	1104	0	1104	1104	276	828	0	8501	2226
rank1-offgraph	0,0,0,24,1,18,23	1104	0	1104	1104	276	828	0	8643	2270
rank1-offgraph	0,0,0,24,1,19,3	1104	0	1104	1104	276	828	0	8501	2194
rank1-offgraph	0,0,0,24,1,19,6	1104	0	1104	1104	276	828	0	8501	2194
rank1-offgraph	0,0,0,24,1,19,13	1104	0	1104	1104	276	828	0	8501	2194
rank1-offgraph	0,0,0,24,1,19,15	1104	0	1104	1104	276	828	0	8643	2290
rank1-offgraph	0,0,0,24,1,20,0	1104	0	1104	1104	276	828	0	8643	2084
rank1-offgraph	0,0,0,24,1,20,7	1104	0	1104	1104	276	828	0	8501	2108
rank1-offgraph	0,0,0,24,1,20,18	1104	0	1104	1104	276	828	0	8501	2223
rank1-offgraph	0,0,0,24,1,20,24	1104	0	1104	1104	276	828	0	8501	2217
rank1-offgraph	0,0,0,24,1,21,10	1104	0	1104	1104	276	828	0	8501	2219
rank1-offgraph	0,0,0,24,1,21,13	1104	0	1104	1104	276	828	0	8501	2219
rank1-offgraph	0,0,0,24,1,21,20	1104	0	1104	1104	276	828	0	8501	2219
rank1-offgraph	0,0,0,24,1,21,22	1104	0	1104	1104	276	828	0	8643	2260
rank1-offgraph	0,0,0,24,1,22,2	1104	0	1104	1104	276	828	0	8501	2190
rank1-offgraph	0,0,0,24,1,22,5	1104	0	1104	1104	276	828	0	8501	2200
rank1-offgraph	0,0,0,24,1,22,9	1104	0	1104	1104	276	828	0	8501	2196
rank1-offgraph	0,0,0,24,1,22,14	1104	0	1104	1104	276	828	0	8643	2106
rank1-offgraph	0,0,0,24,1,23,0	1104	0	1104	1104	276	828	0	8501	2215
rank1-offgraph	0,0,0,24,1,23,5	1104	0	1104	1104	276	828	0	8643	2258
rank1-offgraph	0,0,0,24,1,23,20	1104	0	1104	1104	276	828	0	8501	2057
rank1-offgraph	0,0,0,24,1,23,23	1104	0	1104	1104	276	828	0	8501	2210
rank1-offgraph	0,0,0,24,1,24,0	1104	0	1104	1104	276	828	0	8501	2195
rank1-offgraph	0,0,0,24,1,24,3	1104	0	1104	1104	276	828	0	8501	2204
rank1-offgraph	0,0,0,24,1,24,10	1104	0	1104	1104	276	828	0	8501	2002
rank1-offgraph	0,0,0,24,1,24,12	1104	0	1104	1104	276	828	0	8643	2214
rank1-offgraph	0,0,0,24,1,25,1	1104	0	1104	1104	276	828	0	8643	2288
rank1-offgraph	0,0,0,24,1,25,8	1104	0	1104	1104	276	828	0	8501	2218
rank1-offgraph	0,0,0,24,1,25,19	1104	0	1104	1104	276	828	0	8501	2224
rank1-offgraph	0,0,0,24,1,25,25	1104	0	1104	1104	276	828	0	8501	2163
rank1-offgraph	0,0,0,24,1,26,13	1104	0	1104	1104	276	828	0	8501	2181
rank1-offgraph	0,0,0,24,1,26,16	1104	0	1104	1104	276	828	0	8501	2181
rank1-offgraph	0,0,0,24,1,26,23	1104	0	1104	1104	276	828	0	8501	2181
rank1-offgraph	0,0,0,24,1,26,25	1104	0	1104	1104	276	828	0	8643	2299
rank1-offgraph	0,0,0,25,1,0,6	1104	0	1104	1104	276	828	0	8501	2218
rank1-offgraph	0,0,0,25,1,0,19	1104	0	1104	1104	276	828	0	8643	2288
rank1-offgraph	0,0,0,25,1,0,24	1104	0	1104	1104	276	828	0	8501	2224
rank1-offgraph	0,0,0,25,1,0,26	1104	0	1104	1104	276	828	0	8501	2163
rank1-offgraph	0,0,0,25,1,1,0	1104	0	1104	1104	276	828	0	8501	2182
rank1-offgraph	0,0,0,25,1,1,2	1104	0	1104	1104	276	828	0	8501	1980
rank1-offgraph	0,0,0,25,1,1,4	1104	0	1104	1104	276	828	0	8643	2251
rank1-offgraph	0,0,0,25,1,1,9	1104	0	1104	1104	276	828	0	8501	2128
rank1-offgraph	0,0,0,25,1,2,13	1104	0	1104	1104	276	828	0	8501	2196
rank1-offgraph	0,0,0,25,1,2,14	1104	0	1104	1104	276	828	0	8501	2190
rank1-offgraph	0,0,0,25,1,2,15	1104	0	1104	1104	276	828	0	8643	2106
rank1-offgraph	0,0,0,25,1,2,23	1104	0	1104	1104	276	828	0	8501	2200
rank1-offgraph	0,0,0,25,1,3,0	1104	0	1104	1104	276	828	0	8501	2219
rank1-offgraph	0,0,0,25,1,3,18	1104	0	1104	1104	276	828	0	8501	2219
rank1-offgraph	0,0,0,25,1,3,20	1104	0	1104	1104	276	828	0	8501	2219
rank1-offgraph	0,0,0,25,1,3,22	1104	0	1104	1104	276	828	0	8643	2260
rank1-offgraph	0,0,0,25,1,4,0	1104	0	1104	1104	276	828	0	8501	2108
rank1-offgraph	0,0,0,25,1,4,2	1104	0	1104	1104	276	828	0	8501	2223
rank1-offgraph	0,0,0,25,1,4,4	1104	0	1104	1104	276	828	0	8643	2084
rank1-offgraph	0,0,0,25,1,4,9	1104	0	1104	1104	276	828	0	8501	2217
rank1-offgraph	0,0,0,25,1,5,10	1104	0	1104	1104	276	828	0	8501	2224
rank1-offgraph	0,0,0,25,1,5,11	1104	0	1104	1104	276	828	0	8501	2218
rank1-offgraph	0,0,0,25,1,5,12	1104	0	1104	1104	276	828	0	8643	2288
rank1-offgraph	0,0,0,25,1,5,20	1104	0	1104	1104	276	828	0	8501	2163
rank1-offgraph	0,0,0,25,1,6,12	1104	0	1104	1104	276	828	0	8501	2223
rank1-offgraph	0,0,0,25,1,6,14	1104	0	1104	1104	276	828	0	8501	2217
rank1-offgraph	0,0,0,25,1,6,16	1104	0	1104	1104	276	828	0	8643	2084
rank1-offgraph	0,0,0,25,1,6,21	1104	0	1104	1104	276	828	0	8501	2108
rank1-offgraph	0,0,0,25,1,7,0	1104	0	1104	1104	276	828	0	8501	2210
rank1-offgraph	0,0,0,25,1,7,18	1104	0	1104	1104	276	828	0	8501	2057
rank1-offgraph	0,0,0,25,1,7,20	1104	0	1104	1104	276	828	0	8501	2215
rank1-offgraph	0,0,0,25,1,7,22	1104	0	1104	1104	276	828	0	8643	2258
rank1-offgraph	0,0,0,25,1,8,0	1104	0	1104	1104	276	828	0	8643	2253
rank1-offgraph	0,0,0,25,1,8,7	1104	0	1104	1104	276	828	0	8501	2211
rank1-offgraph	0,0,0,25,1,8,8	1104	0	1104	1104	276	828	0	8501	2201
rank1-offgraph	0,0,0,25,1,8,17	1104	0	1104	1104	276	828	0	8501	2214
rank1-offgraph	0,0,0,25,1,9,1	1104	0	1104	1104	276	828	0	8501	2210
rank1-offgraph	0,0,0,25,1,9,2	1104	0	1104	1104	276	828	0	8501	2215
rank1-offgraph	0,0,0,25,1,9,3	1104	0	1104	1104	276	828	0	8643	2258
rank1-offgraph	0,0,0,25,1,9,11	1104	0	1104	1104	276	828	0	8501	2057
rank1-offgraph	0,0,0,25,1,10,4	1104	0	1104	1104	276	828	0	8501	2194
rank1-offgraph	0,0,0,25,1,10,5	1104	0	1104	1104	276	828	0	8501	2194
rank1-offgraph	0,0,0,25,1,10,6	1104	0	1104	1104	276	828	0	8643	2290
rank1-offgraph	0,0,0,25,1,10,14	1104	0	1104	1104	276	828	0	8501	2194
rank1-offgraph	0,0,0,25,1,11,2	1104	0	1104	1104	276	828	0	8643	2214
rank1-offgraph	0,0,0,25,1,11,6	1104	0	1104	1104	276	828	0	8501	2204
rank1-offgraph	0,0,0,25,1,11,7	1104	0	1104	1104	276	828	0	8501	2002
rank1-offgraph	0,0,0,25,1,11,16	1104	0	1104	1104	276	828	0	8501	2195
rank1-offgraph	0,0,0,25,1,12,0	1104	0	1104	1104	276	828	0	8501	2214
rank1-offgraph	0,0,0,25,1,12,1	1104	0	1104	1104	276	828	0	8501	2211
rank1-offgraph	0,0,0,25,1,12,5	1104	0	1104	1104	276	828	0	8643	2253
rank1-offgraph	0,0,0,25,1,12,10	1104	0	1104	1104	276	828	0	8501	2201
rank1-offgraph	0,0,0,25,1,13,0	1104	0	1104	1104	276	828	0	8501	2195
rank1-offgraph	0,0,0,25,1,13,1	1104	0	1104	1104	276	828	0	8501	2204
rank1-offgraph	0,0,0,25,1,13,5	1104	0	1104	1104	276	828	0	8643	2214
rank1-offgraph	0,0,0,25,1,13,10	1104	0	1104	1104	276	828	0	8501	2002
rank1-offgraph	0,0,0,25,1,14,0	1104	0	1104	1104	276	828	0	8501	2020
rank1-offgraph	0,0,0,25,1,14,2	1104	0	1104	1104	276	828	0	8501	2226
rank1-offgraph	0,0,0,25,1,14,4	1104	0	1104	1104	276	828	0	8643	2270
rank1-offgraph	0,0,0,25,1,14,9	1104	0	1104	1104	276	828	0	8501	2199
rank1-offgraph	0,0,0,25,1,15,0	1104	0	1104	1104	276	828	0	8501	2223
rank1-offgraph	0,0,0,25,1,15,18	1104	0	1104	1104	276	828	0	8501	2217
rank1-offgraph	0,0,0,25,1,15,20	1104	0	1104	1104	276	828	0	8501	2108
rank1-offgraph	0,0,0,25,1,15,22	1104	0	1104	1104	276	828	0	8643	2084
rank1-offgraph	0,0,0,25,1,16,6	1104	0	1104	1104	276	828	0	8501	2215
rank1-offgraph	0,0,0,25,1,16,19	1104	0	1104	1104	276	828	0	8643	2258
rank1-offgraph	0,0,0,25,1,16,24	1104	0	1104	1104	276	828	0	8501	2210
rank1-offgraph	0,0,0,25,1,16,26	1104	0	1104	1104	276	828	0	8501	2057
rank1-offgraph	0,0,0,25,1,17,5	1104	0	1104	1104	276	828	0	8501	1980
rank1-offgraph	0,0,0,25,1,17,22	1104	0	1104	1104	276	828	0	8501	2182
rank1-offgraph	0,0,0,25,1,17,23	1104	0	1104	1104	276	828	0	8501	2128
rank1-offgraph	0,0,0,25,1,17,24	1104	0	1104	1104	276	828	0	8643	2251
rank1-offgraph	0,0,0,25,1,18,0	1104	0	1104	1104	276	828	0	8501	2218
rank1-offgraph	0,0,0,25,1,18,1	1104	0	1104	1104	276	828	0	8501	2163
rank1-offgraph	0,0,0,25,1,18,5	1104	0	1104	1104	276	828	0	8643	2288
rank1-offgraph	0,0,0,25,1,18,10	1104	0	1104	1104	276	828	0	8501	2224
rank1-offgraph	0,0,0,25,1,19,4	1104	0	1104	1104	276	828	0	8501	2211
rank1-offgraph	0,0,0,25,1,19,21	1104	0	1104	1104	276	828	0	8501	2201
rank1-offgraph	0,0,0,25,1,19,22	1104	0	1104	1104	276	828	0	8501	2214
rank1-offgraph	0,0,0,25,1,19,26	1104	0	1104	1104	276	828	0	8643	2253
rank1-offgraph	0,0,0,25,1,20,10	1104	0	1104	1104	276	828	0	8643	2106
rank1-offgraph	0,0,0,25,1,20,15	1104	0	1104	1104	276	828	0	8501	2200
rank1-offgraph	0,0,0,25,1,20,17	1104	0	1104	1104	276	828	0	8501	2190
rank1-offgraph	0,0,0,25,1,20,24	1104	0	1104	1104	276	828	0	8501	2196
rank1-offgraph	0,0,0,25,1,21,0	1104	0	1104	1104	276	828	0	8643	2251
rank1-offgraph	0,0,0,25,1,21,7	1104	0	1104	1104	276	828	0	8501	2128
rank1-offgraph	0,0,0,25,1,21,8	1104	0	1104	1104	276	828	0	8501	1980
rank1-offgraph	0,0,0,25,1,21,17	1104	0	1104	1104	276	828	0	8501	2182
rank1-offgraph	0,0,0,25,1,22,8	1104	0	1104	1104	276	828	0	8501	2204
rank1-offgraph	0,0,0,25,1,22,18	1104	0	1104	1104	276	828	0	8643	2214
rank1-offgraph	0,0,0,25,1,22,25	1104	0	1104	1104	276	828	0	8501	2002
rank1-offgraph	0,0,0,25,1,22,26	1104	0	1104	1104	276	828	0	8501	2195
rank1-offgraph	0,0,0,25,1,23,11	1104	0	1104	1104	276	828	0	8643	2270
rank1-offgraph	0,0,0,25,1,23,15	1104	0	1104	1104	276	828	0	8501	2020
rank1-offgraph	0,0,0,25,1,23,16	1104	0	1104	1104	276	828	0	8501	2199
rank1-offgraph	0,0,0,25,1,23,25	1104	0	1104	1104	276	828	0	8501	2226
rank1-offgraph	0,0,0,25,1,24,3	1104	0	1104	1104	276	828	0	8501	2190
rank1-offgraph	0,0,0,25,1,24,21	1104	0	1104	1104	276	828	0	8501	2196
rank1-offgraph	0,0,0,25,1,24,23	1104	0	1104	1104	276	828	0	8501	2200
rank1-offgraph	0,0,0,25,1,24,25	1104	0	1104	1104	276	828	0	8643	2106
rank1-offgraph	0,0,0,25,1,25,9	1104	0	1104	1104	276	828	0	8501	2226
rank1-offgraph	0,0,0,25,1,25,11	1104	0	1104	1104	276	828	0	8501	2199
rank1-offgraph	0,0,0,25,1,25,13	1104	0	1104	1104	276	828	0	8643	2270
rank1-offgraph	0,0,0,25,1,25,18	1104	0	1104	1104	276	828	0	8501	2020
rank1-offgraph	0,0,0,25,1,26,0	1104	0	1104	1104	276	828	0	8643	2299
rank1-offgraph	0,0,0,25,1,26,7	1104	0	1104	1104	276	828	0	8501	2181
rank1-offgraph	0,0,0,25,1,26,8	1104	0	1104	1104	276	828	0	8501	2181
rank1-offgraph	0,0,0,25,1,26,17	1104	0	1104	1104	276	828	0	8501	2181
rank1-graph	0,0,0,26,0,1,0	1104	0	1104	1104	276	828	0	10575	2810
rank1-graph	0,0,0,26,0,1,1	1104	0	1104	1104	276	828	0	10575	2753
rank1-graph	0,0,0,26,0,1,2	1104	0	1104	1104	276	828	0	10575	2753
rank1-graph	0,0,0,26,0,1,12	1104	0	1104	1104	276	828	0	10575	2810
rank1-graph	0,0,0,26,0,1,13	1104	0	1104	1104	276	828	0	10575	2753
rank1-graph	0,0,0,26,0,1,14	1104	0	1104	1104	276	828	0	10575	2753
rank1-graph	0,0,0,26,0,1,24	1104	0	1104	1104	276	828	0	10575	2771
rank1-graph	0,0,0,26,0,1,25	1104	0	1104	1104	276	828	0	10575	2753
rank1-graph	0,0,0,26,0,1,26	1104	0	1104	1104	276	828	0	10575	2753
rank1-offgraph	0,0,0,26,1,0,7	1104	0	1104	1104	276	828	0	8501	2002
rank1-offgraph	0,0,0,26,1,0,8	1104	0	1104	1104	276	828	0	8643	2214
rank1-offgraph	0,0,0,26,1,0,10	1104	0	1104	1104	276	828	0	8501	2195
rank1-offgraph	0,0,0,26,1,0,26	1104	0	1104	1104	276	828	0	8501	2204
rank1-offgraph	0,0,0,26,1,1,1	1104	0	1104	1104	276	828	0	8501	2218
rank1-offgraph	0,0,0,26,1,1,9	1104	0	1104	1104	276	828	0	8501	2163
rank1-offgraph	0,0,0,26,1,1,10	1104	0	1104	1104	276	828	0	8643	2288
rank1-offgraph	0,0,0,26,1,1,21	1104	0	1104	1104	276	828	0	8501	2224
rank1-offgraph	0,0,0,26,1,2,7	1104	0	1104	1104	276	828	0	8501	2128
rank1-offgraph	0,0,0,26,1,2,14	1104	0	1104	1104	276	828	0	8501	1980
rank1-offgraph	0,0,0,26,1,2,22	1104	0	1104	1104	276	828	0	8501	2182
rank1-offgraph	0,0,0,26,1,2,23	1104	0	1104	1104	276	828	0	8643	2251
rank1-offgraph	0,0,0,26,1,3,6	1104	0	1104	1104	276	828	0	8501	2226
rank1-offgraph	0,0,0,26,1,3,7	1104	0	1104	1104	276	828	0	8643	2270
rank1-offgraph	0,0,0,26,1,3,9	1104	0	1104	1104	276	828	0	8501	2020
rank1-offgraph	0,0,0,26,1,3,25	1104	0	1104	1104	276	828	0	8501	2199
rank1-offgraph	0,0,0,26,1,4,6	1104	0	1104	1104	276	828	0	8501	2211
rank1-offgraph	0,0,0,26,1,4,15	1104	0	1104	1104	276	828	0	8643	2253
rank1-offgraph	0,0,0,26,1,4,17	1104	0	1104	1104	276	828	0	8501	2201
rank1-offgraph	0,0,0,26,1,4,20	1104	0	1104	1104	276	828	0	8501	2214
rank1-offgraph	0,0,0,26,1,5,0	1104	0	1104	1104	276	828	0	8501	2223
rank1-offgraph	0,0,0,26,1,5,16	1104	0	1104	1104	276	828	0	8501	2108
rank1-offgraph	0,0,0,26,1,5,24	1104	0	1104	1104	276	828	0	8501	2217
rank1-offgraph	0,0,0,26,1,5,25	1104	0	1104	1104	276	828	0	8643	2084
rank1-offgraph	0,0,0,26,1,6,2	1104	0	1104	1104	276	828	0	8501	2219
rank1-offgraph	0,0,0,26,1,6,15	1104	0	1104	1104	276	828	0	8501	2219
rank1-offgraph	0,0,0,26,1,6,24	1104	0	1104	1104	276	828	0	8643	2260
rank1-offgraph	0,0,0,26,1,6,26	1104	0	1104	1104	276	828	0	8501	2219
rank1-offgraph	0,0,0,26,1,7,4	1104	0	1104	1104	276	828	0	8501	2204
rank1-offgraph	0,0,0,26,1,7,5	1104	0	1104	1104	276	828	0	8643	2214
rank1-offgraph	0,0,0,26,1,7,16	1104	0	1104	1104	276	828	0	8501	2002
rank1-offgraph	0,0,0,26,1,7,23	1104	0	1104	1104	276	828	0	8501	2195
rank1-offgraph	0,0,0,26,1,8,0	1104	0	1104	1104	276	828	0	8501	2020
rank1-offgraph	0,0,0,26,1,8,9	1104	0	1104	1104	276	828	0	8643	2270
rank1-offgraph	0,0,0,26,1,8,11	1104	0	1104	1104	276	828	0	8501	2199
rank1-offgraph	0,0,0,26,1,8,23	1104	0	1104	1104	276	828	0	8501	2226
rank1-offgraph	0,0,0,26,1,9,3	1104	0	1104	1104	276	828	0	8643	2251
rank1-offgraph	0,0,0,26,1,9,5	1104	0	1104	1104	276	828	0	8501	2128
rank1-offgraph	0,0,0,26,1,9,17	1104	0	1104	1104	276	828	0	8501	1980
rank1-offgraph	0,0,0,26,1,9,21	1104	0	1104	1104	276	828	0	8501	2182
rank1-offgraph	0,0,0,26,1,10,7	1104	0	1104	1104	276	828	0	8501	2196
rank1-offgraph	0,0,0,26,1,10,8	1104	0	1104	1104	276	828	0	8643	2106
rank1-offgraph	0,0,0,26,1,10,10	1104	0	1104	1104	276	828	0	8501	2190
rank1-offgraph	0,0,0,26,1,10,26	1104	0	1104	1104	276	828	0	8501	2200
rank1-offgraph	0,0,0,26,1,11,0	1104	0	1104	1104	276	828	0	8643	2258
rank1-offgraph	0,0,0,26,1,11,2	1104	0	1104	1104	276	828	0	8501	2057
rank1-offgraph	0,0,0,26,1,11,14	1104	0	1104	1104	276	828	0	8501	2210
rank1-offgraph	0,0,0,26,1,11,18	1104	0	1104	1104	276	828	0	8501	2215
rank1-offgraph	0,0,0,26,1,12,0	1104	0	1104	1104	276	828	0	8501	2195
rank1-offgraph	0,0,0,26,1,12,1	1104	0	1104	1104	276	828	0	8643	2214
rank1-offgraph	0,0,0,26,1,12,12	1104	0	1104	1104	276	828	0	8501	2204
rank1-offgraph	0,0,0,26,1,12,19	1104	0	1104	1104	276	828	0	8501	2002
rank1-offgraph	0,0,0,26,1,13,0	1104	0	1104	1104	276	828	0	8643	2288
rank1-offgraph	0,0,0,26,1,13,2	1104	0	1104	1104	276	828	0	8501	2218
rank1-offgraph	0,0,0,26,1,13,14	1104	0	1104	1104	276	828	0	8501	2163
rank1-offgraph	0,0,0,26,1,13,18	1104	0	1104	1104	276	828	0	8501	2224
rank1-offgraph	0,0,0,26,1,14,0	1104	0	1104	1104	276	828	0	8501	2211
rank1-offgraph	0,0,0,26,1,14,1	1104	0	1104	1104	276	828	0	8643	2253
rank1-offgraph	0,0,0,26,1,14,12	1104	0	1104	1104	276	828	0	8501	2201
rank1-offgraph	0,0,0,26,1,14,19	1104	0	1104	1104	276	828	0	8501	2214
rank1-offgraph	0,0,0,26,1,15,1	1104	0	1104	1104	276	828	0	8501	2218
rank1-offgraph	0,0,0,26,1,15,17	1104	0	1104	1104	276	828	0	8501	2163
rank1-offgraph	0,0,0,26,1,15,25	1104	0	1104	1104	276	828	0	8501	2224
rank1-offgraph	0,0,0,26,1,15,26	1104	0	1104	1104	276	828	0	8643	2288
rank1-offgraph	0,0,0,26,1,16,6	1104	0	1104	1104	276	828	0	8501	2194
rank1-offgraph	0,0,0,26,1,16,13	1104	0	1104	1104	276	828	0	8501	2194
rank1-offgraph	0,0,0,26,1,16,21	1104	0	1104	1104	276	828	0	8501	2194
rank1-offgraph	0,0,0,26,1,16,22	1104	0	1104	1104	276	828	0	8643	2290
rank1-offgraph	0,0,0,26,1,17,4	1104	0	1104	1104	276	828	0	8501	2196
rank1-offgraph	0,0,0,26,1,17,11	1104	0	1104	1104	276	828	0	8501	2190
rank1-offgraph	0,0,0,26,1,17,19	1104	0	1104	1104	276	828	0	8501	2200
rank1-offgraph	0,0,0,26,1,17,20	1104	0	1104	1104	276	828	0	8643	2106
rank1-offgraph	0,0,0,26,1,18,0	1104	0	1104	1104	276	828	0	8501	2199
rank1-offgraph	0,0,0,26,1,18,16	1104	0	1104	1104	276	828	0	8501	2226
rank1-offgraph	0,0,0,26,1,18,24	1104	0	1104	1104	276	828	0	8501	2020
rank1-offgraph	0,0,0,26,1,18,25	1104	0	1104	1104	276	828	0	8643	2270
rank1-offgraph	0,0,0,26,1,19,0	1104	0	1104	1104	276	828	0	8501	2128
rank1-offgraph	0,0,0,26,1,19,9	1104	0	1104	1104	276	828	0	8643	2251
rank1-offgraph	0,0,0,26,1,19,11	1104	0	1104	1104	276	828	0	8501	1980
rank1-offgraph	0,0,0,26,1,19,23	1104	0	1104	1104	276	828	0	8501	2182
rank1-offgraph	0,0,0,26,1,20,3	1104	0	1104	1104	276	828	0	8501	2108
rank1-offgraph	0,0,0,26,1,20,4	1104	0	1104	1104	276	828	0	8643	2084
rank1-offgraph	0,0,0,26,1,20,15	1104	0	1104	1104	276	828	0	8501	2217
rank1-offgraph	0,0,0,26,1,20,22	1104	0	1104	1104	276	828	0	8501	2223
rank1-offgraph	0,0,0,26,1,21,3	1104	0	1104	1104	276	828	0	8501	2211
rank1-offgraph	0,0,0,26,1,21,10	1104	0	1104	1104	276	828	0	8501	2201
rank1-offgraph	0,0,0,26,1,21,18	1104	0	1104	1104	276	828	0	8501	2214
rank1-offgraph	0,0,0,26,1,21,19	1104	0	1104	1104	276	828	0	8643	2253
rank1-offgraph	0,0,0,26,1,22,0	1104	0	1104	1104	276	828	0	8501	2196
rank1-offgraph	0,0,0,26,1,22,9	1104	0	1104	1104	276	828	0	8643	2106
rank1-offgraph	0,0,0,26,1,22,11	1104	0	1104	1104	276	828	0	8501	2190
rank1-offgraph	0,0,0,26,1,22,23	1104	0	1104	1104	276	828	0	8501	2200
rank1-offgraph	0,0,0,26,1,23,0	1104	0	1104	1104	276	828	0	8501	2215
rank1-offgraph	0,0,0,26,1,23,1	1104	0	1104	1104	276	828	0	8643	2258
rank1-offgraph	0,0,0,26,1,23,12	1104	0	1104	1104	276	828	0	8501	2057
rank1-offgraph	0,0,0,26,1,23,19	1104	0	1104	1104	276	828	0	8501	2210
rank1-offgraph	0,0,0,26,1,24,4	1104	0	1104	1104	276	828	0	8501	2217
rank1-offgraph	0,0,0,26,1,24,12	1104	0	1104	1104	276	828	0	8501	2223
rank1-offgraph	0,0,0,26,1,24,13	1104	0	1104	1104	276	828	0	8643	2084
rank1-offgraph	0,0,0,26,1,24,24	1104	0	1104	1104	276	828	0	8501	2108
rank1-offgraph	0,0,0,26,1,25,0	1104	0	1104	1104	276	828	0	8643	2258
rank1-offgraph	0,0,0,26,1,25,2	1104	0	1104	1104	276	828	0	8501	2210
rank1-offgraph	0,0,0,26,1,25,14	1104	0	1104	1104	276	828	0	8501	2215
rank1-offgraph	0,0,0,26,1,25,18	1104	0	1104	1104	276	828	0	8501	2057
rank1-offgraph	0,0,0,26,1,26,0	1104	0	1104	1104	276	828	0	8501	2181
rank1-offgraph	0,0,0,26,1,26,16	1104	0	1104	1104	276	828	0	8501	2181
rank1-offgraph	0,0,0,26,1,26,24	1104	0	1104	1104	276	828	0	8501	2181
rank1-offgraph	0,0,0,26,1,26,25	1104	0	1104	1104	276	828	0	8643	2299
